Student_Name,Gender,Department,Age,Attendance,Study_Hours,Assignment_Marks,Midterm_Marks,Final_Marks,Backlogs
Student_1,Male,ECE,23,77,6.9,77,78,74,3
Student_2,Female,ECE,20,92,6.8,79,50,75,0
Student_3,Male,ME,20,61,7.2,43,84,58,5
Student_4,Male,ECE,18,67,7.4,92,72,75,3
Student_5,Male,CE,19,85,4.6,97,39,70,0
Student_6,Female,ECE,18,80,5.8,87,43,67,1
Student_7,Male,CE,22,62,5.3,60,73,58,4
Student_8,Male,ECE,20,69,3.2,50,61,56,1
Student_9,Male,CE,21,94,3.0,97,66,71,3
Student_10,Female,ECE,23,85,3.4,91,98,90,0
Student_11,Male,ECE,22,56,2.5,98,67,72,0
Student_12,Male,IT,21,72,6.3,73,52,66,1
Student_13,Male,CE,22,83,7.8,69,39,62,2
Student_14,Male,CE,18,99,7.1,93,93,93,2
Student_15,Female,CE,18,81,2.5,43,38,34,5
Student_16,Male,CSE,23,70,1.4,53,50,49,1
Student_17,Female,ECE,20,55,6.3,50,82,65,2
Student_18,Female,CE,23,65,3.7,43,100,73,0
Student_19,Female,CSE,21,84,6.8,65,42,57,3
Student_20,Male,IT,22,96,6.5,42,78,70,2
Student_21,Female,CE,23,69,5.4,95,55,60,5
Student_22,Male,CE,19,91,2.8,93,60,75,0
Student_23,Female,CSE,19,90,1.7,96,69,62,5
Student_24,Female,ECE,20,60,2.8,76,49,51,3
Student_25,Female,IT,23,81,4.6,77,74,78,0
Student_26,Female,CE,21,63,7.9,80,64,66,4
Student_27,Female,ECE,19,73,1.4,43,100,61,3
Student_28,Female,IT,20,93,2.4,65,47,49,4
Student_29,Female,ME,23,88,5.4,78,35,59,2
Student_30,Female,ME,20,92,3.1,84,77,65,5
Student_31,Male,IT,21,80,7.0,81,62,73,2
Student_32,Male,CSE,19,66,2.0,83,35,56,0
Student_33,Female,IT,19,74,7.7,81,74,81,1
Student_34,Female,IT,19,58,7.4,50,68,68,0
Student_35,Female,CSE,18,71,7.2,50,47,47,5
Student_36,Male,CSE,19,94,2.2,93,95,74,5
Student_37,Female,ECE,22,97,3.3,77,100,74,5
Student_38,Male,ECE,18,84,6.6,77,38,56,4
Student_39,Male,CSE,23,86,6.7,59,47,52,5
Student_40,Male,ME,18,66,5.9,65,70,63,3
Student_41,Male,ME,18,77,4.1,77,95,81,1
Student_42,Male,IT,18,50,3.2,51,92,68,0
Student_43,Female,CE,20,58,7.7,94,49,62,4
Student_44,Female,IT,22,98,2.0,68,46,50,4
Student_45,Female,IT,21,62,1.3,53,95,62,2
Student_46,Female,CE,19,96,1.1,89,76,78,0
Student_47,Female,CSE,18,81,6.4,98,66,84,0
Student_48,Male,ME,21,77,1.4,64,36,36,5
Student_49,Female,IT,20,80,4.8,94,42,55,5
Student_50,Female,CE,21,57,3.6,90,88,68,4
Student_51,Male,ECE,18,57,2.0,81,42,56,0
Student_52,Female,IT,23,83,6.2,81,47,57,5
Student_53,Male,ME,22,72,1.4,78,63,59,2
Student_54,Female,CSE,21,59,3.2,65,47,53,1
Student_55,Male,IT,18,86,4.9,49,92,66,4
Student_56,Female,IT,18,97,3.8,53,97,75,2
Student_57,Female,CE,19,74,2.8,44,81,59,2
Student_58,Male,ECE,23,100,7.5,96,72,83,3
Student_59,Male,ECE,19,82,7.5,61,74,76,1
Student_60,Male,CSE,23,94,3.9,50,35,49,2
Student_61,Male,ME,22,53,3.8,68,36,44,3
Student_62,Male,CSE,19,56,3.2,46,63,47,3
Student_63,Male,IT,22,82,7.0,91,41,74,0
Student_64,Male,IT,20,51,5.0,57,91,58,5
Student_65,Male,ECE,20,97,1.6,70,89,73,2
Student_66,Female,ME,23,95,7.0,82,70,73,4
Student_67,Female,CE,23,81,4.7,59,41,59,0
Student_68,Male,ME,19,54,3.9,96,44,62,1
Student_69,Female,IT,20,95,3.4,74,73,62,5
Student_70,Female,CE,21,66,1.7,46,92,55,4
Student_71,Female,ME,21,61,7.7,100,74,75,4
Student_72,Female,ME,21,61,6.2,69,48,55,3
Student_73,Male,CE,20,84,1.9,43,35,41,2
Student_74,Female,IT,21,70,4.6,90,51,61,3
Student_75,Male,ME,22,70,4.9,69,83,68,3
Student_76,Female,CE,18,51,2.2,69,50,49,2
Student_77,Female,IT,23,70,4.0,69,41,53,2
Student_78,Female,CE,19,64,5.5,92,49,65,2
Student_79,Male,CE,22,60,3.0,57,55,48,3
Student_80,Female,ME,21,59,3.3,82,100,67,5
Student_81,Male,IT,18,67,1.9,85,93,73,2
Student_82,Female,ME,19,72,3.9,49,82,63,2
Student_83,Male,CSE,22,80,5.1,53,84,63,4
Student_84,Female,CSE,19,75,1.8,75,44,49,3
Student_85,Male,IT,23,51,5.3,62,86,67,2
Student_86,Male,CE,20,88,3.8,51,64,57,3
Student_87,Female,ME,21,56,5.7,51,68,62,1
Student_88,Male,ME,22,73,3.2,73,99,82,0
Student_89,Female,IT,22,88,5.0,65,94,72,4
Student_90,Female,IT,18,81,5.3,45,42,45,4
Student_91,Female,CSE,18,75,5.8,76,99,80,3
Student_92,Female,ECE,18,72,6.3,90,91,84,2
Student_93,Female,IT,19,63,2.0,92,79,66,3
Student_94,Female,ECE,21,78,7.8,54,83,65,5
Student_95,Female,IT,19,74,6.9,81,96,91,0
Student_96,Female,CE,21,80,4.9,78,73,66,4
Student_97,Female,CE,22,51,7.2,58,55,52,4
Student_98,Female,CSE,19,51,3.7,79,87,76,0
Student_99,Female,CSE,19,72,1.2,86,79,65,3
Student_100,Male,ECE,19,96,6.1,62,62,62,4
Student_101,Male,IT,20,60,7.6,75,87,78,2
Student_102,Female,ME,23,78,2.1,52,43,43,3
Student_103,Female,CSE,21,91,5.5,70,95,82,2
Student_104,Female,ME,21,84,6.7,100,61,69,5
Student_105,Female,ME,19,98,7.3,76,56,64,5
Student_106,Female,IT,20,58,2.9,65,64,47,5
Student_107,Female,ECE,19,81,1.9,82,49,61,1
Student_108,Female,IT,21,79,2.7,87,49,66,0
Student_109,Female,CSE,23,64,5.0,91,87,69,5
Student_110,Male,ME,23,63,7.4,57,57,55,4
Student_111,Female,IT,22,100,5.1,99,50,79,0
Student_112,Male,IT,20,66,7.4,86,99,93,0
Student_113,Female,IT,23,71,6.4,96,79,81,2
Student_114,Female,CSE,20,79,5.2,72,41,52,4
Student_115,Male,ECE,19,66,1.2,79,79,67,1
Student_116,Female,IT,22,65,3.3,71,73,70,0
Student_117,Male,CSE,21,57,1.4,43,84,54,2
Student_118,Female,ME,23,88,3.3,80,83,66,5
Student_119,Female,CE,23,80,1.4,58,82,63,2
Student_120,Male,CSE,18,61,2.2,46,83,48,5
Student_121,Female,CE,21,82,3.9,86,74,67,4
Student_122,Male,IT,23,61,4.6,74,73,63,3
Student_123,Female,IT,23,74,2.5,65,91,66,3
Student_124,Male,CSE,21,87,6.1,83,97,90,1
Student_125,Male,CE,22,97,5.1,62,90,69,5
Student_126,Female,IT,20,67,5.8,73,36,55,2
Student_127,Female,ME,21,68,6.1,90,60,67,3
Student_128,Male,ECE,20,52,6.1,95,57,73,0
Student_129,Female,ECE,22,84,7.6,46,52,63,1
Student_130,Female,IT,22,54,2.7,50,94,53,5
Student_131,Female,CE,19,84,2.9,90,36,64,0
Student_132,Male,IT,18,100,1.7,47,83,61,3
Student_133,Male,CE,22,76,5.1,52,72,63,2
Student_134,Male,ME,22,86,3.8,71,65,63,3
Student_135,Male,CE,20,95,4.5,80,74,78,1
Student_136,Male,IT,22,70,2.2,73,87,60,5
Student_137,Male,ME,21,65,5.5,57,98,77,1
Student_138,Male,CSE,19,77,5.3,54,67,69,0
Student_139,Male,ECE,19,74,2.9,94,92,85,0
Student_140,Male,IT,21,82,4.3,82,84,80,1
Student_141,Female,IT,23,66,7.3,63,98,85,0
Student_142,Male,IT,22,92,6.4,86,37,59,4
Student_143,Female,ME,18,79,2.6,60,95,62,5
Student_144,Female,CSE,22,90,7.2,57,44,64,1
Student_145,Female,CE,19,53,1.5,53,100,54,5
Student_146,Male,CSE,18,51,3.9,97,85,81,0
Student_147,Male,ME,23,58,1.6,92,64,53,5
Student_148,Male,IT,20,80,7.5,58,59,63,3
Student_149,Male,ECE,20,74,1.3,52,77,57,2
Student_150,Female,IT,22,86,2.1,96,98,77,4
Student_151,Male,CE,22,85,7.4,55,93,73,4
Student_152,Male,ECE,18,54,5.1,41,96,65,2
Student_153,Male,IT,18,73,6.6,96,44,68,2
Student_154,Male,ECE,23,73,1.1,73,98,62,5
Student_155,Male,CSE,22,78,3.9,88,94,72,5
Student_156,Female,ME,19,99,7.9,65,54,67,3
Student_157,Male,IT,20,94,5.1,93,83,75,5
Student_158,Female,CE,23,80,6.9,98,61,77,2
Student_159,Male,CSE,18,86,7.7,61,85,72,4
Student_160,Female,IT,19,68,5.8,59,91,70,3
Student_161,Male,CSE,22,72,3.3,68,71,63,2
Student_162,Male,CE,21,84,3.2,57,37,46,3
Student_163,Female,IT,18,99,1.5,68,63,59,3
Student_164,Female,CE,23,55,4.0,81,81,60,5
Student_165,Female,ECE,21,55,7.4,83,55,57,5
Student_166,Male,CE,19,86,4.3,66,76,76,0
Student_167,Female,ECE,20,79,7.4,74,55,68,2
Student_168,Male,IT,19,50,6.7,68,36,43,5
Student_169,Male,ECE,20,57,7.9,45,41,57,0
Student_170,Female,IT,19,77,7.6,91,69,70,5
Student_171,Female,IT,18,74,5.9,76,64,63,4
Student_172,Male,ME,18,82,7.1,98,78,82,3
Student_173,Male,IT,23,87,6.2,64,80,69,4
Student_174,Female,ECE,21,63,5.9,60,89,69,3
Student_175,Female,ME,19,60,6.0,97,35,61,2
Student_176,Female,ME,19,51,6.0,70,88,75,1
Student_177,Male,IT,21,79,3.7,98,35,60,2
Student_178,Male,CE,22,79,4.0,79,97,77,3
Student_179,Male,CE,23,53,3.1,89,89,76,1
Student_180,Male,ME,19,62,2.0,55,61,54,1
Student_181,Male,IT,23,56,4.2,99,49,62,2
Student_182,Male,CE,19,87,7.3,53,43,53,4
Student_183,Female,IT,19,52,5.6,45,93,66,2
Student_184,Male,IT,22,58,1.4,50,57,43,3
Student_185,Male,ME,18,63,6.7,66,45,51,4
Student_186,Male,ME,23,60,7.5,77,58,64,3
Student_187,Female,CSE,21,86,6.8,44,88,64,5
Student_188,Male,CE,23,63,6.1,54,65,52,5
Student_189,Male,CE,22,68,2.1,77,56,51,4
Student_190,Female,CE,20,57,3.4,92,48,65,0
Student_191,Male,ECE,20,56,5.0,55,39,41,4
Student_192,Male,IT,22,56,1.5,57,51,51,0
Student_193,Male,ME,22,52,1.7,92,78,63,3
Student_194,Male,CE,18,52,7.5,72,83,74,2
Student_195,Male,CSE,23,67,5.9,74,99,78,3
Student_196,Female,CE,23,94,2.9,94,38,62,2
Student_197,Female,IT,20,82,3.3,91,43,52,5
Student_198,Female,IT,21,86,3.7,63,70,71,0
Student_199,Male,ME,23,77,1.5,74,85,68,2
Student_200,Male,ECE,19,85,6.2,46,66,60,3
Student_201,Male,ME,19,65,2.2,53,52,45,3
Student_202,Female,CE,18,64,6.6,89,49,63,3
Student_203,Male,CSE,18,78,6.9,69,54,59,4
Student_204,Male,ME,20,67,5.5,63,92,71,3
Student_205,Female,ECE,21,98,6.4,54,74,66,4
Student_206,Male,ME,21,95,2.2,52,100,76,1
Student_207,Female,IT,22,95,5.0,58,47,65,0
Student_208,Female,CE,18,68,5.7,68,47,61,1
Student_209,Female,CE,23,78,5.6,61,96,80,1
Student_210,Male,CE,19,55,1.8,41,62,39,4
Student_211,Male,CE,23,94,3.4,78,80,69,4
Student_212,Male,CE,19,99,3.3,52,49,61,0
Student_213,Male,CE,20,96,5.0,75,78,82,0
Student_214,Male,CSE,19,76,6.4,77,57,58,5
Student_215,Male,ECE,23,56,5.0,57,100,78,0
Student_216,Male,CE,23,76,6.3,90,84,79,3
Student_217,Female,ECE,21,68,1.7,54,47,43,3
Student_218,Male,CE,21,66,7.1,74,36,64,0
Student_219,Female,ME,18,90,4.8,91,68,70,4
Student_220,Male,CE,23,60,1.3,56,74,58,1
Student_221,Male,IT,20,54,5.5,87,95,85,0
Student_222,Male,CSE,19,51,4.6,52,59,43,5
Student_223,Female,ME,18,96,2.5,61,97,81,0
Student_224,Female,ME,22,61,6.4,98,62,76,1
Student_225,Female,IT,22,91,7.5,93,90,91,2
Student_226,Female,CE,19,91,3.3,91,60,76,0
Student_227,Male,CSE,19,60,4.5,79,61,69,0
Student_228,Female,ME,19,59,1.9,60,60,48,3
Student_229,Male,CSE,21,77,7.5,65,49,66,1
Student_230,Male,ME,19,56,3.2,85,84,61,5
Student_231,Female,CE,22,63,2.4,43,40,46,0
Student_232,Female,ME,19,62,4.3,46,38,35,5
Student_233,Female,ME,23,54,1.3,49,64,53,0
Student_234,Female,ECE,20,100,2.8,54,43,53,2
Student_235,Female,CE,22,91,1.5,65,76,68,1
Student_236,Female,IT,20,57,1.9,55,48,50,0
Student_237,Female,IT,22,99,1.8,79,74,70,2
Student_238,Female,CE,18,50,7.1,73,37,60,0
Student_239,Male,IT,23,54,7.5,100,75,73,4
Student_240,Female,CE,22,60,4.3,56,67,58,2
Student_241,Female,IT,23,92,5.4,77,94,74,5
Student_242,Male,ECE,22,97,5.9,55,98,74,4
Student_243,Female,IT,20,59,3.7,73,96,79,0
Student_244,Male,ME,20,64,3.6,98,41,59,2
Student_245,Male,CE,22,88,5.7,95,84,88,1
Student_246,Female,CSE,22,96,3.6,68,73,61,5
Student_247,Male,CSE,21,78,5.1,92,81,76,3
Student_248,Male,CE,23,74,4.6,57,60,65,0
Student_249,Male,ECE,23,97,4.7,50,92,74,2
Student_250,Male,IT,23,55,6.8,51,85,61,4
Student_251,Female,ECE,23,60,5.9,76,86,75,2
Student_252,Male,CSE,18,66,7.7,41,50,57,1
Student_253,Female,CE,18,64,6.5,93,82,80,2
Student_254,Male,CE,19,65,2.0,95,61,57,4
Student_255,Male,ECE,22,51,6.2,57,67,66,0
Student_256,Male,ECE,22,85,5.7,93,57,64,5
Student_257,Male,IT,22,68,5.5,77,79,67,4
Student_258,Female,ME,22,87,4.4,72,56,55,5
Student_259,Female,ME,23,99,1.4,48,76,52,5
Student_260,Male,IT,23,70,7.7,54,67,60,4
Student_261,Male,ME,18,60,7.0,67,44,51,4
Student_262,Female,CSE,20,90,4.4,47,81,64,3
Student_263,Male,ME,21,52,2.1,99,73,58,5
Student_264,Male,IT,23,83,6.8,85,80,87,0
Student_265,Male,ME,23,67,4.0,75,85,68,3
Student_266,Female,CE,23,64,3.7,78,59,52,5
Student_267,Female,ECE,20,74,5.7,91,49,67,2
Student_268,Female,CSE,20,99,6.3,47,92,83,0
Student_269,Male,CE,18,100,1.4,81,93,84,0
Student_270,Male,CE,23,64,6.4,89,60,61,5
Student_271,Female,IT,21,79,6.1,89,75,78,2
Student_272,Female,ECE,22,66,5.1,58,78,66,2
Student_273,Female,ECE,23,67,3.4,43,56,43,4
Student_274,Female,CSE,18,80,2.2,66,71,53,5
Student_275,Male,IT,18,99,1.7,52,48,43,5
Student_276,Female,CSE,21,92,1.0,77,38,58,0
Student_277,Male,ME,19,67,2.4,60,58,56,1
Student_278,Female,CE,18,84,3.9,65,100,69,5
Student_279,Male,CSE,20,62,2.7,84,97,69,4
Student_280,Female,CE,20,63,3.2,97,99,87,0
Student_281,Female,IT,22,85,3.7,62,100,77,2
Student_282,Female,ME,18,67,3.2,93,47,60,2
Student_283,Female,IT,22,54,6.1,69,61,65,1
Student_284,Male,ME,18,63,4.4,70,51,62,0
Student_285,Female,ME,21,74,1.1,70,91,65,3
Student_286,Male,CE,23,93,2.6,55,52,49,4
Student_287,Male,IT,18,88,6.0,91,50,76,0
Student_288,Male,IT,19,61,3.1,98,85,72,3
Student_289,Male,CSE,20,89,7.4,81,74,80,2
Student_290,Female,IT,21,77,6.0,80,73,74,2
Student_291,Male,CSE,23,84,3.0,46,90,63,3
Student_292,Male,ECE,23,50,4.6,56,88,62,3
Student_293,Male,ECE,20,52,5.7,63,78,68,1
Student_294,Female,ECE,23,92,2.4,59,80,72,0
Student_295,Female,IT,22,99,2.7,78,66,69,2
Student_296,Female,IT,21,56,4.5,66,82,60,4
Student_297,Female,CSE,19,58,7.5,41,95,70,2
Student_298,Male,ME,20,85,3.4,99,100,93,0
Student_299,Male,CSE,18,72,3.8,90,72,68,3
Student_300,Female,ECE,18,73,2.3,40,77,59,1
Student_301,Male,CSE,18,59,5.2,73,38,53,2
Student_302,Male,ME,21,99,6.2,66,39,64,1
Student_303,Male,IT,19,97,4.1,76,92,78,3
Student_304,Female,CSE,23,61,6.3,89,71,64,5
Student_305,Female,ECE,19,68,3.1,100,60,73,0
Student_306,Male,ECE,19,81,5.9,45,43,52,2
Student_307,Female,IT,20,73,2.8,77,49,62,0
Student_308,Female,CSE,21,71,6.5,93,60,67,4
Student_309,Female,ME,18,52,6.8,99,97,92,0
Student_310,Female,IT,20,89,6.6,66,61,60,5
Student_311,Female,CSE,23,76,2.5,87,88,72,3
Student_312,Male,CE,19,68,5.9,55,65,58,3
Student_313,Female,ECE,18,58,4.8,74,66,57,4
Student_314,Male,ME,21,100,7.9,66,36,70,0
Student_315,Male,ME,22,98,3.5,74,52,54,5
Student_316,Female,ME,19,62,6.4,97,62,70,3
Student_317,Male,ECE,19,51,3.6,94,59,60,3
Student_318,Male,CSE,19,85,3.8,100,73,74,3
Student_319,Male,IT,19,78,1.8,100,83,73,3
Student_320,Female,CSE,18,60,2.7,75,38,52,1
Student_321,Female,IT,21,83,2.2,77,86,72,2
Student_322,Male,ME,20,53,2.1,67,91,68,1
Student_323,Female,CSE,18,53,1.1,95,47,51,3
Student_324,Female,ME,21,50,6.6,42,99,60,5
Student_325,Female,CE,20,74,4.3,96,97,90,0
Student_326,Female,ME,19,75,6.6,80,59,72,1
Student_327,Male,ME,21,60,5.3,70,57,54,4
Student_328,Male,IT,19,72,6.8,42,64,60,2
Student_329,Female,CE,21,51,4.5,77,95,80,0
Student_330,Female,ME,23,68,1.7,92,41,58,1
Student_331,Male,ME,22,78,5.3,91,88,82,2
Student_332,Male,CE,19,89,5.7,63,51,53,5
Student_333,Female,CE,19,53,5.4,65,94,75,1
Student_334,Male,CSE,19,65,6.6,80,100,78,4
Student_335,Female,IT,23,96,6.1,86,72,77,3
Student_336,Female,CE,18,86,4.0,67,47,52,4
Student_337,Male,CE,20,76,6.7,48,86,68,3
Student_338,Male,ECE,19,54,5.8,76,86,73,2
Student_339,Female,CE,19,64,1.8,92,66,67,1
Student_340,Female,IT,18,72,4.8,66,43,58,1
Student_341,Male,ME,18,98,6.1,87,51,66,4
Student_342,Female,ME,22,52,4.9,42,74,62,0
Student_343,Male,ME,21,67,7.6,80,88,81,2
Student_344,Female,ME,19,92,1.7,88,88,68,5
Student_345,Male,ECE,21,75,6.1,67,62,63,3
Student_346,Male,CE,18,55,6.8,71,84,73,2
Student_347,Male,ME,18,93,5.9,74,52,58,5
Student_348,Female,CSE,22,66,3.7,46,47,41,4
Student_349,Female,ME,20,95,3.7,46,67,52,5
Student_350,Male,CE,23,87,5.1,60,49,62,1
Student_351,Female,ME,23,91,3.8,71,72,66,3
Student_352,Male,ECE,23,97,7.2,77,40,63,3
Student_353,Male,IT,18,99,1.8,59,79,57,5
Student_354,Female,IT,19,76,5.5,47,93,68,3
Student_355,Female,CE,22,69,1.9,43,82,54,3
Student_356,Male,IT,20,55,4.8,65,75,64,2
Student_357,Female,IT,23,100,6.0,54,89,77,2
Student_358,Female,CSE,22,84,2.2,45,95,57,5
Student_359,Male,CE,18,61,5.9,87,36,52,4
Student_360,Male,CE,23,97,2.0,71,36,44,5
Student_361,Female,IT,20,52,5.3,44,44,36,5
Student_362,Male,IT,21,97,4.5,83,73,79,1
Student_363,Male,IT,20,53,3.1,85,36,41,5
Student_364,Female,ECE,19,94,1.8,97,99,76,5
Student_365,Male,ME,23,53,6.2,45,100,73,1
Student_366,Male,ECE,23,53,3.7,42,86,59,2
Student_367,Female,CE,21,88,1.6,68,78,60,4
Student_368,Female,CSE,21,70,6.4,58,68,71,0
Student_369,Male,ME,23,93,2.6,49,79,55,5
Student_370,Male,CSE,19,51,6.2,46,66,47,5
Student_371,Female,CE,21,65,5.0,84,39,48,5
Student_372,Female,CE,18,56,2.4,40,97,57,3
Student_373,Female,CSE,23,68,1.5,40,88,48,5
Student_374,Female,CSE,20,92,5.2,56,72,71,1
Student_375,Male,CSE,20,82,1.2,61,43,45,3
Student_376,Female,CE,19,58,1.5,75,95,72,1
Student_377,Female,IT,18,86,5.9,53,55,51,5
Student_378,Male,CSE,21,66,4.8,45,70,64,0
Student_379,Female,ME,23,76,3.3,69,35,41,5
Student_380,Male,CE,20,82,4.8,85,56,70,1
Student_381,Female,ECE,20,98,5.1,86,49,60,5
Student_382,Female,ECE,20,61,5.0,72,80,75,0
Student_383,Female,ME,20,94,5.5,59,99,84,1
Student_384,Male,IT,22,60,7.6,55,40,53,2
Student_385,Male,CSE,19,62,3.7,43,74,53,3
Student_386,Female,CE,21,80,3.1,73,69,59,4
Student_387,Male,CSE,23,62,1.3,40,95,53,4
Student_388,Male,CE,23,87,2.0,52,57,56,1
Student_389,Male,ECE,23,75,1.7,87,54,54,4
Student_390,Male,CSE,21,80,3.3,47,62,46,5
Student_391,Male,ME,19,71,5.3,61,71,62,3
Student_392,Male,IT,18,55,1.3,43,41,36,2
Student_393,Female,ME,19,69,6.1,73,83,75,2
Student_394,Female,IT,20,70,3.8,99,58,74,0
Student_395,Male,CSE,20,59,7.7,84,47,59,4
Student_396,Female,CSE,19,68,5.0,76,41,47,5
Student_397,Female,IT,19,84,6.4,96,49,69,3
Student_398,Female,ECE,21,75,7.0,62,57,58,4
Student_399,Female,CE,21,56,7.2,59,94,71,3
Student_400,Male,ME,22,86,4.6,92,44,71,0
Student_401,Female,ME,23,57,3.8,63,85,56,5
Student_402,Female,ME,22,54,4.9,66,98,67,4
Student_403,Male,CSE,23,93,3.8,52,90,71,2
Student_404,Male,ME,20,85,2.7,44,66,62,0
Student_405,Female,CE,22,100,3.3,55,57,50,5
Student_406,Female,CE,22,77,2.6,99,88,73,4
Student_407,Female,IT,18,99,2.9,77,95,80,2
Student_408,Female,CSE,19,52,1.7,87,54,55,2
Student_409,Female,CE,21,88,4.0,68,87,71,3
Student_410,Female,ECE,22,57,2.6,65,49,49,2
Student_411,Male,CSE,21,64,4.1,61,63,61,1
Student_412,Female,CSE,23,76,6.5,63,99,74,4
Student_413,Female,CE,22,98,4.1,52,96,69,4
Student_414,Male,ECE,23,100,7.7,82,50,71,3
Student_415,Male,IT,22,85,2.0,60,88,68,2
Student_416,Male,CE,20,65,7.0,40,41,46,3
Student_417,Male,ECE,18,75,2.7,43,94,67,1
Student_418,Female,CSE,23,94,7.5,42,44,55,3
Student_419,Female,ECE,19,93,2.6,89,87,73,4
Student_420,Female,CSE,19,53,6.2,62,42,43,5
Student_421,Female,CE,20,61,1.4,55,71,44,5
Student_422,Female,CE,20,66,5.4,84,38,55,3
Student_423,Female,ME,19,90,2.5,52,57,49,4
Student_424,Male,ME,23,93,5.7,78,43,70,0
Student_425,Female,ME,19,75,5.5,70,72,72,1
Student_426,Male,CE,18,80,7.5,63,79,78,1
Student_427,Male,IT,22,64,5.4,86,79,69,4
Student_428,Female,CE,18,83,3.9,97,52,59,5
Student_429,Male,ECE,19,78,2.4,54,80,68,0
Student_430,Female,CE,22,58,5.6,44,36,44,2
Student_431,Male,CE,19,63,1.8,88,82,66,3
Student_432,Female,CSE,18,85,6.8,61,51,63,2
Student_433,Male,CSE,18,53,2.7,61,50,54,0
Student_434,Female,CSE,23,87,4.7,50,79,70,1
Student_435,Female,CE,23,86,5.2,63,82,73,2
Student_436,Female,IT,18,73,3.5,84,58,70,0
Student_437,Female,ECE,22,66,5.6,49,99,75,1
Student_438,Female,ECE,23,62,2.8,86,67,55,5
Student_439,Male,IT,23,69,1.2,73,38,47,2
Student_440,Male,IT,21,66,7.7,50,35,42,5
Student_441,Male,ECE,21,100,3.2,96,67,79,1
Student_442,Female,ME,23,76,6.0,82,96,78,4
Student_443,Male,CSE,19,82,4.6,68,37,57,1
Student_444,Female,CSE,22,70,5.7,61,79,72,1
Student_445,Female,ECE,20,66,1.8,72,55,60,0
Student_446,Male,IT,23,71,4.6,96,98,91,0
Student_447,Male,ME,21,74,3.7,47,91,63,3
Student_448,Female,ECE,22,52,4.2,97,74,77,0
Student_449,Male,CSE,22,76,7.8,88,96,83,4
Student_450,Female,CE,21,76,2.0,71,77,59,4
Student_451,Female,IT,22,95,6.3,79,80,72,5
Student_452,Female,CE,22,61,3.3,84,58,64,1
Student_453,Female,ECE,21,64,3.0,62,58,60,0
Student_454,Female,CSE,18,87,2.9,44,44,45,3
Student_455,Male,ME,23,69,3.4,70,91,78,0
Student_456,Male,CE,19,71,3.5,68,78,63,3
Student_457,Female,ME,20,51,2.9,45,82,59,1
Student_458,Female,CSE,19,53,5.7,91,61,58,5
Student_459,Male,CE,18,94,1.3,64,64,51,5
Student_460,Male,ME,18,62,3.3,64,80,58,4
Student_461,Female,ME,22,81,3.0,100,46,70,0
Student_462,Male,CE,19,71,6.3,70,94,85,0
Student_463,Female,CSE,18,74,2.0,97,53,57,4
Student_464,Male,ME,19,76,7.6,53,88,69,4
Student_465,Female,ECE,18,66,2.2,56,68,46,5
Student_466,Male,CE,20,55,3.6,55,41,36,5
Student_467,Female,IT,18,92,2.4,67,76,58,5
Student_468,Male,IT,19,100,3.0,48,87,69,2
Student_469,Male,CSE,22,65,6.3,90,42,63,2
Student_470,Female,ECE,19,57,4.3,99,56,66,2
Student_471,Male,ME,21,82,2.1,41,60,44,4
Student_472,Female,IT,19,59,1.3,43,97,60,2
Student_473,Male,CSE,20,83,2.6,59,80,71,0
Student_474,Female,ECE,23,68,7.6,80,78,72,4
Student_475,Male,ECE,20,63,6.9,75,96,87,0
Student_476,Female,CSE,20,52,4.1,76,70,57,4
Student_477,Male,CSE,18,90,4.4,45,75,67,1
Student_478,Female,ME,20,72,7.3,91,61,80,0
Student_479,Male,CSE,19,89,5.1,40,75,58,4
Student_480,Female,ME,23,60,7.2,84,39,58,3
Student_481,Female,ME,22,96,4.4,89,91,79,4
Student_482,Female,CE,20,55,2.4,42,63,50,1
Student_483,Male,ECE,19,83,6.1,91,46,62,4
Student_484,Female,ECE,18,50,4.7,76,59,62,1
Student_485,Male,ECE,18,84,5.7,84,68,74,2
Student_486,Female,CE,22,74,2.1,81,58,66,0
Student_487,Male,ME,22,78,5.5,97,97,91,1
Student_488,Female,ME,19,72,3.7,42,97,64,3
Student_489,Male,CSE,22,67,3.3,82,44,62,0
Student_490,Male,CE,22,63,5.7,72,39,49,4
Student_491,Female,CSE,18,66,5.1,98,87,75,4
Student_492,Male,CE,19,51,5.5,98,62,72,1
Student_493,Male,CSE,23,80,7.8,54,99,78,3
Student_494,Female,IT,22,68,5.9,95,79,82,1
Student_495,Male,ECE,19,81,5.5,95,100,86,3
Student_496,Male,ECE,20,77,5.3,100,83,74,5
Student_497,Male,ME,18,90,3.8,43,74,65,1
Student_498,Female,IT,23,57,6.9,54,100,75,2
Student_499,Male,ECE,18,91,3.7,46,42,50,2
Student_500,Female,ME,18,90,5.9,86,61,74,2
Student_501,Male,IT,21,89,3.1,43,51,54,1
Student_502,Male,ECE,19,88,2.0,42,78,65,0
Student_503,Male,CSE,20,71,1.9,62,65,50,4
Student_504,Female,CE,22,73,5.4,53,39,56,0
Student_505,Male,IT,20,87,3.3,45,94,63,4
Student_506,Male,ME,19,51,2.9,72,53,49,3
Student_507,Female,IT,18,90,5.1,48,76,67,2
Student_508,Male,ME,21,90,1.2,51,57,52,2
Student_509,Female,IT,19,68,2.7,89,51,54,4
Student_510,Female,ME,23,90,3.4,100,92,85,2
Student_511,Male,ECE,23,51,6.0,74,83,77,0
Student_512,Female,CSE,19,77,4.8,92,37,64,1
Student_513,Male,ECE,22,81,7.0,70,79,76,2
Student_514,Female,CSE,20,68,3.3,90,69,59,5
Student_515,Female,ECE,20,65,3.1,42,36,40,2
Student_516,Male,ECE,22,79,1.2,95,81,64,5
Student_517,Female,IT,21,71,7.7,85,37,60,3
Student_518,Female,CE,18,63,4.5,75,63,66,1
Student_519,Female,ME,18,50,4.5,52,54,44,4
Student_520,Female,ME,23,94,7.5,52,68,73,1
Student_521,Female,ME,21,51,3.0,97,74,71,1
Student_522,Male,CSE,22,71,3.3,73,99,70,4
Student_523,Female,ME,19,95,5.6,60,97,84,1
Student_524,Male,ME,20,82,6.5,73,90,78,3
Student_525,Female,IT,19,64,5.9,81,66,60,5
Student_526,Male,ECE,20,99,6.5,82,100,97,0
Student_527,Male,ME,19,90,5.0,67,75,75,1
Student_528,Female,CE,22,71,7.0,95,63,81,0
Student_529,Female,ME,22,89,4.9,86,85,78,3
Student_530,Female,CSE,21,88,2.6,74,46,54,3
Student_531,Male,CSE,19,90,4.8,53,78,71,1
Student_532,Female,CSE,19,90,6.0,57,44,58,2
Student_533,Male,ME,21,60,5.6,58,43,54,1
Student_534,Male,IT,21,53,2.7,58,63,58,0
Student_535,Male,CE,22,56,1.3,72,63,51,3
Student_536,Female,ME,22,70,2.8,90,95,84,0
Student_537,Female,IT,23,56,7.9,74,98,88,0
Student_538,Male,IT,19,53,2.3,59,37,35,4
Student_539,Male,ME,22,61,4.3,68,38,47,3
Student_540,Female,ME,22,76,5.5,47,89,66,3
Student_541,Male,IT,19,66,7.2,64,48,66,0
Student_542,Female,IT,21,69,6.3,56,62,53,5
Student_543,Male,IT,19,80,7.4,40,97,72,3
Student_544,Female,ME,18,75,5.2,77,73,62,5
Student_545,Male,IT,19,80,7.1,88,98,80,5
Student_546,Female,CSE,18,84,2.8,99,94,86,1
Student_547,Male,ME,19,58,4.0,92,54,56,4
Student_548,Female,CSE,18,54,6.9,69,62,67,1
Student_549,Female,ECE,18,97,3.3,67,48,59,2
Student_550,Male,ME,19,57,7.1,72,92,78,2
Student_551,Male,ECE,23,70,3.5,52,73,50,5
Student_552,Female,IT,22,65,3.5,63,92,75,0
Student_553,Male,IT,20,100,3.2,83,49,55,5
Student_554,Female,CE,22,65,4.8,76,37,54,2
Student_555,Male,IT,18,67,1.9,61,39,48,1
Student_556,Female,ECE,19,96,1.3,91,76,73,2
Student_557,Female,IT,19,77,7.3,52,49,65,0
Student_558,Female,ME,19,67,7.5,79,37,57,3
Student_559,Female,IT,19,63,1.5,51,69,46,4
Student_560,Female,CE,23,97,4.8,96,41,74,0
Student_561,Female,IT,20,86,4.8,80,58,74,0
Student_562,Male,ECE,21,89,3.6,88,65,77,0
Student_563,Male,ECE,18,65,5.0,85,38,60,1
Student_564,Male,IT,20,70,4.2,46,37,42,3
Student_565,Female,ECE,22,50,4.4,75,43,58,0
Student_566,Female,ECE,21,60,6.3,68,94,73,3
Student_567,Female,CE,21,60,4.7,68,45,44,5
Student_568,Female,ME,19,51,3.3,65,70,64,0
Student_569,Male,CE,20,81,5.1,66,36,57,1
Student_570,Male,CSE,22,68,5.5,63,84,77,0
Student_571,Female,CE,19,54,5.6,70,37,42,5
Student_572,Male,IT,19,52,5.3,46,96,67,2
Student_573,Male,ME,23,77,5.7,56,48,59,1
Student_574,Female,IT,18,75,3.2,88,57,70,0
Student_575,Male,CSE,21,72,4.1,72,50,64,0
Student_576,Female,ME,22,79,5.7,73,52,69,0
Student_577,Male,ECE,21,57,6.3,97,47,65,2
Student_578,Female,CE,20,85,4.0,57,90,72,2
Student_579,Female,IT,18,78,3.6,80,79,78,0
Student_580,Female,CSE,19,62,6.0,44,74,61,2
Student_581,Female,ECE,18,74,2.6,40,65,58,0
Student_582,Male,CE,19,71,1.1,46,66,50,2
Student_583,Female,ECE,18,95,4.3,97,35,61,3
Student_584,Female,CE,19,82,2.2,73,69,55,5
Student_585,Female,ME,21,86,3.6,42,70,65,0
Student_586,Male,ECE,21,56,3.0,75,100,64,5
Student_587,Female,ECE,21,72,6.4,74,63,74,0
Student_588,Male,ECE,21,55,3.3,90,77,63,4
Student_589,Female,ME,18,64,5.5,96,63,65,4
Student_590,Male,CSE,19,64,5.7,51,77,67,1
Student_591,Male,CE,21,89,4.2,54,53,54,3
Student_592,Female,ECE,18,83,1.6,43,98,62,3
Student_593,Male,ME,19,63,5.9,95,65,75,1
Student_594,Female,CSE,18,78,1.5,72,53,49,4
Student_595,Female,CE,23,65,1.7,55,63,55,1
Student_596,Female,ME,21,78,2.4,68,41,45,4
Student_597,Male,CE,20,72,3.0,45,92,70,0
Student_598,Male,ECE,18,59,6.9,88,94,74,5
Student_599,Female,CSE,21,96,5.7,76,85,84,1
Student_600,Female,ME,22,53,3.7,62,84,64,2
Student_601,Male,CSE,19,61,7.9,52,55,50,5
Student_602,Female,ECE,23,91,2.7,83,43,53,4
Student_603,Female,CSE,21,83,5.3,40,68,66,0
Student_604,Female,CSE,22,53,6.9,96,68,74,2
Student_605,Male,IT,18,69,6.6,51,81,68,2
Student_606,Male,CSE,18,77,1.6,66,58,52,3
Student_607,Male,CE,22,77,5.9,64,62,59,4
Student_608,Female,ME,23,55,2.8,61,80,66,0
Student_609,Female,IT,22,63,3.5,73,85,63,4
Student_610,Female,ME,19,84,4.4,57,40,58,0
Student_611,Male,ME,18,96,6.5,80,97,80,5
Student_612,Female,ECE,22,50,2.2,55,87,53,4
Student_613,Female,ECE,20,68,1.8,68,98,61,5
Student_614,Female,IT,20,50,2.1,69,86,63,2
Student_615,Female,ECE,22,62,2.5,69,94,66,3
Student_616,Male,ECE,19,57,1.4,59,75,46,5
Student_617,Male,ECE,18,67,7.5,86,45,69,1
Student_618,Female,ME,20,84,3.2,61,38,44,4
Student_619,Male,IT,22,72,2.2,100,48,62,2
Student_620,Male,ME,22,99,5.5,81,47,70,1
Student_621,Female,CE,21,75,6.5,73,49,54,5
Student_622,Female,ME,22,90,6.3,43,42,57,1
Student_623,Male,CE,19,87,6.0,89,45,71,1
Student_624,Female,CSE,20,69,1.4,70,57,45,5
Student_625,Male,CSE,21,51,6.5,90,41,60,2
Student_626,Female,CE,20,75,4.5,89,66,62,5
Student_627,Male,CE,20,85,5.5,53,78,75,0
Student_628,Female,ME,19,74,7.7,47,37,56,1
Student_629,Male,CE,22,79,6.7,76,78,74,3
Student_630,Male,IT,19,67,6.8,44,85,74,0
Student_631,Male,CSE,22,56,2.3,47,95,61,2
Student_632,Female,CSE,21,76,4.3,50,85,69,1
Student_633,Male,CE,19,60,7.6,95,67,76,2
Student_634,Male,ECE,19,86,5.1,68,54,63,2
Student_635,Female,ECE,23,57,1.7,94,64,65,1
Student_636,Female,CE,18,60,6.1,60,78,67,2
Student_637,Male,IT,19,73,1.3,78,63,56,3
Student_638,Male,ECE,23,79,6.2,52,55,56,3
Student_639,Female,CE,18,79,7.2,88,87,79,4
Student_640,Female,IT,22,64,4.0,58,45,53,1
Student_641,Female,IT,22,84,3.9,42,44,51,1
Student_642,Female,ME,22,88,3.1,73,69,70,1
Student_643,Female,IT,23,73,7.1,77,60,63,4
Student_644,Male,ECE,23,57,4.8,58,78,54,5
Student_645,Female,ECE,18,92,5.1,71,38,56,3
Student_646,Male,CE,22,91,5.6,86,91,82,3
Student_647,Male,CE,20,69,3.1,75,73,68,1
Student_648,Male,IT,19,90,4.0,90,75,77,2
Student_649,Female,CSE,23,96,6.2,78,70,83,0
Student_650,Male,ME,23,75,7.9,91,38,73,0
Student_651,Male,CSE,23,73,1.2,92,47,60,1
Student_652,Female,IT,18,71,1.3,53,41,46,1
Student_653,Male,IT,22,54,4.0,46,62,48,3
Student_654,Male,CSE,20,64,5.6,59,93,69,3
Student_655,Female,ME,19,85,3.7,71,71,68,2
Student_656,Male,CSE,19,86,8.0,85,49,69,3
Student_657,Male,CE,22,78,2.4,93,64,73,0
Student_658,Male,ECE,20,64,1.1,96,46,62,0
Student_659,Female,CE,18,76,2.3,70,64,57,3
Student_660,Female,ECE,23,98,7.2,61,35,66,0
Student_661,Female,IT,23,57,2.0,44,70,41,5
Student_662,Male,ME,22,78,4.4,70,55,67,0
Student_663,Male,CSE,19,68,3.9,54,66,64,0
Student_664,Female,ME,23,80,5.7,83,97,91,0
Student_665,Male,CSE,19,58,1.4,100,47,51,4
Student_666,Male,CE,19,59,5.6,56,71,65,1
Student_667,Female,CE,22,86,3.5,95,78,77,2
Student_668,Female,CSE,21,59,7.5,92,55,64,4
Student_669,Male,ME,21,82,6.9,76,52,67,2
Student_670,Male,CSE,21,74,3.8,58,80,59,4
Student_671,Male,IT,20,53,8.0,49,81,61,4
Student_672,Female,CE,22,54,1.4,83,60,56,2
Student_673,Female,IT,19,72,6.5,73,39,61,1
Student_674,Female,CE,23,88,4.0,88,39,58,3
Student_675,Female,CE,20,54,4.0,64,65,52,4
Student_676,Male,ECE,21,57,2.2,76,62,60,1
Student_677,Female,IT,18,66,4.6,97,99,82,3
Student_678,Female,IT,20,50,1.6,67,47,46,2
Student_679,Female,ECE,20,99,5.3,54,52,55,4
Student_680,Female,ME,22,61,2.7,59,58,49,3
Student_681,Female,IT,23,84,6.1,94,63,79,1
Student_682,Male,CSE,20,63,5.3,52,62,54,3
Student_683,Male,ECE,23,97,6.2,59,79,75,2
Student_684,Female,IT,22,67,6.2,82,45,59,3
Student_685,Male,ME,18,59,2.4,70,85,71,0
Student_686,Female,IT,19,64,1.0,57,93,57,4
Student_687,Female,CE,19,91,3.6,80,47,65,1
Student_688,Male,CSE,21,82,7.4,87,81,74,5
Student_689,Male,ECE,21,68,5.0,95,77,79,1
Student_690,Female,CE,18,83,6.1,67,58,60,4
Student_691,Female,ME,19,94,7.2,86,82,79,4
Student_692,Female,CE,21,74,7.3,43,97,81,0
Student_693,Male,CE,23,65,4.7,63,51,61,0
Student_694,Female,ME,20,57,4.8,83,88,78,1
Student_695,Female,CE,22,84,7.0,84,48,60,5
Student_696,Female,ECE,21,70,6.7,48,49,52,3
Student_697,Male,IT,18,68,5.9,86,44,53,5
Student_698,Female,CE,19,95,5.2,89,56,66,4
Student_699,Female,ECE,18,60,5.3,91,47,68,0
Student_700,Male,IT,22,93,3.5,71,99,86,0
Student_701,Female,IT,22,60,6.9,98,48,74,0
Student_702,Female,CE,18,60,5.3,71,78,66,3
Student_703,Male,ECE,21,71,2.6,93,73,73,1
Student_704,Female,CE,21,70,2.7,78,69,55,5
Student_705,Male,ME,19,76,7.0,60,99,83,1
Student_706,Male,IT,23,67,5.4,97,61,77,0
Student_707,Female,CE,19,91,3.8,83,79,73,3
Student_708,Female,IT,20,97,2.3,81,91,75,3
Student_709,Female,ECE,23,89,5.3,100,56,77,1
Student_710,Female,CSE,20,87,2.3,78,68,60,4
Student_711,Male,CE,19,79,4.3,85,43,67,0
Student_712,Female,CE,23,100,5.7,66,84,75,3
Student_713,Male,IT,23,94,5.0,86,88,77,4
Student_714,Female,ECE,20,96,7.5,75,92,87,2
Student_715,Female,ME,18,94,1.3,47,96,58,5
Student_716,Female,ECE,21,82,3.0,58,72,68,0
Student_717,Male,CE,23,70,1.4,68,61,46,5
Student_718,Female,ME,23,51,2.4,58,98,65,2
Student_719,Female,ECE,20,62,1.9,44,37,41,1
Student_720,Female,CSE,23,51,6.1,61,45,55,1
Student_721,Female,IT,20,92,3.6,74,58,56,5
Student_722,Male,ECE,18,94,7.5,49,63,70,1
Student_723,Female,ECE,23,80,1.2,54,42,36,5
Student_724,Male,CSE,22,59,5.6,41,53,47,3
Student_725,Male,CE,19,72,7.8,92,82,81,3
Student_726,Male,IT,18,71,2.2,81,74,60,4
Student_727,Male,ECE,22,96,4.1,61,50,59,2
Student_728,Male,ME,18,78,5.9,87,98,89,1
Student_729,Male,ECE,21,82,5.4,74,42,63,1
Student_730,Female,IT,18,80,5.0,78,39,56,3
Student_731,Male,ECE,18,63,3.3,58,59,51,3
Student_732,Male,CSE,21,59,6.1,86,87,75,3
Student_733,Male,ECE,23,67,5.6,51,83,73,0
Student_734,Female,ECE,19,60,2.1,100,55,62,2
Student_735,Female,ME,22,88,7.7,73,85,82,2
Student_736,Male,CSE,20,96,4.9,84,80,86,0
Student_737,Female,CSE,19,52,4.7,97,43,63,1
Student_738,Male,ECE,18,51,6.9,59,98,65,5
Student_739,Male,ME,20,57,5.5,90,57,57,5
Student_740,Female,ECE,21,80,1.5,46,94,58,4
Student_741,Male,ECE,19,57,4.5,63,93,64,4
Student_742,Female,IT,23,92,6.5,42,42,57,1
Student_743,Female,IT,22,97,5.9,45,98,71,4
Student_744,Male,ME,19,51,7.8,72,88,73,3
Student_745,Male,CE,19,71,1.2,92,49,57,2
Student_746,Female,IT,23,54,2.8,73,86,57,5
Student_747,Male,CE,20,56,4.8,72,85,67,3
Student_748,Male,CSE,21,69,5.3,68,38,48,4
Student_749,Male,IT,23,77,2.9,62,68,55,4
Student_750,Female,IT,21,62,6.8,97,58,72,2
Student_751,Female,ME,23,51,2.2,43,55,34,5
Student_752,Male,CE,19,81,1.0,44,36,36,3
Student_753,Female,IT,21,75,7.7,73,41,62,2
Student_754,Female,IT,20,52,3.7,55,90,55,5
Student_755,Female,ME,20,90,7.7,79,69,72,4
Student_756,Female,ME,22,91,2.9,86,60,58,5
Student_757,Female,CE,21,62,1.4,82,52,54,2
Student_758,Male,CSE,22,70,6.4,100,98,90,2
Student_759,Male,CSE,23,94,6.9,81,90,80,4
Student_760,Male,ECE,18,86,4.4,42,89,68,2
Student_761,Female,IT,20,72,1.5,94,46,55,3
Student_762,Female,CE,19,56,5.6,82,71,63,4
Student_763,Male,IT,20,66,2.3,88,86,72,2
Student_764,Female,CE,18,77,6.9,81,53,71,1
Student_765,Male,CE,19,96,2.9,88,49,62,3
Student_766,Male,CE,21,79,6.9,53,86,70,3
Student_767,Male,IT,21,54,4.0,94,60,62,3
Student_768,Female,ME,20,73,5.2,72,79,63,5
Student_769,Female,IT,19,56,6.5,67,55,66,0
Student_770,Male,CE,23,83,1.3,96,87,70,4
Student_771,Male,ECE,19,99,6.7,80,63,82,0
Student_772,Male,CSE,22,91,2.0,95,82,77,2
Student_773,Male,CE,18,82,3.5,95,53,61,4
Student_774,Female,ECE,21,76,4.3,54,88,60,5
Student_775,Female,ME,20,63,7.3,43,36,45,3
Student_776,Male,CE,19,68,1.2,59,66,51,3
Student_777,Male,ECE,21,97,4.9,92,96,80,5
Student_778,Female,CE,20,100,5.5,64,41,57,3
Student_779,Female,IT,21,87,3.2,74,56,59,3
Student_780,Male,ECE,20,61,3.0,91,63,64,2
Student_781,Male,IT,21,52,4.4,97,37,60,1
Student_782,Male,IT,23,56,2.3,92,56,50,5
Student_783,Female,ECE,22,84,4.3,78,87,71,4
Student_784,Female,CSE,18,74,6.4,92,91,88,1
Student_785,Female,ECE,21,98,6.9,96,44,64,5
Student_786,Male,CSE,18,64,3.7,61,74,56,4
Student_787,Male,CE,21,68,5.3,74,54,53,5
Student_788,Female,CE,19,68,1.0,93,45,52,3
Student_789,Female,ECE,22,72,4.9,93,42,53,5
Student_790,Male,CE,23,60,7.8,86,70,81,0
Student_791,Female,ME,22,70,3.2,67,59,58,2
Student_792,Female,IT,18,83,5.2,49,73,58,4
Student_793,Male,IT,19,88,6.3,55,96,76,3
Student_794,Female,CSE,20,100,5.3,88,55,79,0
Student_795,Male,CE,22,56,3.9,62,53,49,3
Student_796,Male,CSE,23,91,2.1,58,59,57,2
Student_797,Male,IT,19,93,4.2,40,39,54,0
Student_798,Male,IT,19,76,3.1,40,46,36,5
Student_799,Male,CE,18,99,5.9,92,59,70,4
Student_800,Male,ME,23,72,4.1,85,39,48,5
Student_801,Male,ME,19,87,6.9,97,61,72,4
Student_802,Female,CE,19,69,2.4,65,38,38,5
Student_803,Male,CE,20,76,3.9,73,79,64,4
Student_804,Male,CSE,18,57,4.9,41,81,53,4
Student_805,Female,CE,18,86,1.9,67,62,65,0
Student_806,Female,ME,23,52,5.1,59,69,59,2
Student_807,Female,CE,19,51,3.0,81,50,60,0
Student_808,Male,CSE,20,71,2.6,86,46,51,4
Student_809,Female,CSE,21,55,2.0,66,77,59,2
Student_810,Male,CSE,22,88,3.4,67,62,66,1
Student_811,Male,CSE,18,89,7.5,99,53,80,1
Student_812,Male,ECE,20,85,1.2,70,89,61,5
Student_813,Male,CE,23,93,7.0,86,70,86,0
Student_814,Female,IT,20,73,3.8,46,96,62,4
Student_815,Female,CE,19,61,4.9,47,73,50,5
Student_816,Male,ECE,22,66,4.6,71,75,70,1
Student_817,Male,CSE,18,71,7.5,50,94,78,1
Student_818,Male,ECE,21,68,6.4,87,100,83,3
Student_819,Female,ME,19,58,7.9,65,93,75,3
Student_820,Male,ME,18,61,6.6,94,74,68,5
Student_821,Male,CE,23,81,3.1,64,53,47,5
Student_822,Female,CE,18,80,7.7,46,89,74,2
Student_823,Female,IT,20,66,7.9,59,80,72,2
Student_824,Male,IT,22,72,1.9,80,38,45,4
Student_825,Female,ME,21,59,7.3,96,96,90,1
Student_826,Female,CSE,22,79,5.6,90,59,77,0
Student_827,Male,ECE,20,68,7.5,97,97,96,0
Student_828,Female,IT,21,75,7.4,69,47,60,3
Student_829,Male,IT,21,75,7.2,95,38,67,2
Student_830,Female,CSE,19,60,7.2,40,36,40,4
Student_831,Male,CSE,21,69,1.8,57,64,51,3
Student_832,Male,CE,18,94,2.0,47,38,43,3
Student_833,Male,ECE,22,53,1.8,68,82,55,4
Student_834,Female,CSE,23,96,1.6,79,77,64,4
Student_835,Male,IT,23,61,3.5,61,79,54,5
Student_836,Female,IT,22,74,5.8,71,47,63,1
Student_837,Male,ME,19,59,3.5,79,81,62,4
Student_838,Male,CSE,21,71,6.0,53,62,54,4
Student_839,Female,CE,20,56,6.7,95,71,72,3
Student_840,Male,ECE,18,73,5.7,41,62,54,3
Student_841,Male,CE,19,51,4.3,74,61,65,0
Student_842,Female,IT,21,81,3.1,46,64,46,5
Student_843,Male,CE,23,70,1.9,42,40,46,0
Student_844,Male,IT,20,56,4.5,100,43,67,0
Student_845,Male,IT,21,57,6.0,54,40,43,4
Student_846,Male,IT,19,100,4.8,82,63,76,1
Student_847,Female,IT,20,87,6.1,73,100,82,3
Student_848,Female,IT,20,70,3.3,61,87,67,2
Student_849,Male,ME,20,57,1.5,57,39,44,1
Student_850,Female,CE,20,74,6.4,85,54,59,5
Student_851,Male,ME,21,77,2.5,57,46,49,2
Student_852,Female,ME,20,77,5.3,98,42,57,5
Student_853,Male,CSE,21,80,6.6,73,92,75,4
Student_854,Male,CSE,20,85,2.0,75,83,61,5
Student_855,Male,CSE,20,74,5.2,85,98,83,2
Student_856,Male,ECE,19,90,5.8,78,84,71,5
Student_857,Male,CSE,21,86,6.2,86,73,69,5
Student_858,Male,CE,23,87,2.0,77,74,74,0
Student_859,Female,ME,21,100,6.8,76,65,67,5
Student_860,Male,CE,22,61,1.7,91,37,48,3
Student_861,Female,CSE,23,86,4.6,57,64,66,1
Student_862,Male,ECE,19,86,4.1,82,63,75,0
Student_863,Female,ECE,21,80,2.6,79,90,71,3
Student_864,Female,ME,19,67,3.1,68,100,65,5
Student_865,Female,CE,23,75,2.2,51,97,73,0
Student_866,Male,IT,19,55,4.0,57,64,58,1
Student_867,Male,CE,19,58,1.2,70,87,57,4
Student_868,Female,CSE,18,60,7.2,54,80,68,2
Student_869,Male,IT,21,80,2.1,98,43,54,4
Student_870,Female,ECE,19,95,7.2,79,41,58,5
Student_871,Male,ME,18,51,7.0,97,97,77,5
Student_872,Female,ME,18,78,4.2,69,81,71,2
Student_873,Female,ECE,20,95,4.5,75,78,75,2
Student_874,Male,CSE,20,100,3.1,67,83,64,5
Student_875,Female,ECE,23,91,8.0,92,96,97,1
Student_876,Male,CSE,21,54,5.7,54,93,72,1
Student_877,Female,IT,20,72,7.7,82,47,61,4
Student_878,Female,ECE,23,85,3.9,72,64,63,3
Student_879,Male,CSE,21,56,7.2,41,77,59,3
Student_880,Male,IT,23,62,4.1,98,85,72,4
Student_881,Male,ECE,18,91,7.1,47,42,57,2
Student_882,Female,ME,18,59,1.9,87,71,67,1
Student_883,Male,ECE,21,85,5.5,72,98,76,4
Student_884,Female,CE,23,65,5.8,74,73,67,3
Student_885,Female,ECE,23,64,5.6,57,42,51,2
Student_886,Male,CE,20,92,4.1,65,96,75,3
Student_887,Male,IT,20,68,5.8,87,73,74,2
Student_888,Female,ECE,21,70,2.7,60,48,47,3
Student_889,Female,IT,22,84,5.2,67,86,66,5
Student_890,Male,IT,20,64,4.9,59,91,76,0
Student_891,Male,CSE,19,97,3.2,91,55,69,2
Student_892,Male,IT,20,63,6.5,84,57,67,2
Student_893,Male,IT,22,78,1.6,59,38,45,2
Student_894,Male,ECE,23,54,2.2,98,77,75,0
Student_895,Female,ECE,18,98,4.3,43,45,59,0
Student_896,Female,ME,18,67,7.2,75,53,62,3
Student_897,Female,CSE,23,100,5.0,93,99,94,1
Student_898,Female,IT,18,50,6.9,73,36,45,5
Student_899,Male,CSE,20,76,4.6,84,83,73,3
Student_900,Male,CE,18,76,6.5,52,68,65,2
Student_901,Male,IT,22,74,3.3,70,38,51,2
Student_902,Female,CSE,22,90,6.7,91,73,72,5
Student_903,Female,ME,20,70,3.8,78,83,69,3
Student_904,Male,ME,23,63,4.9,46,37,39,4
Student_905,Male,IT,19,69,2.2,56,60,55,1
Student_906,Female,CE,20,77,7.4,81,75,84,0
Student_907,Female,ME,18,70,5.9,51,99,77,1
Student_908,Male,ME,20,72,7.0,96,50,65,4
Student_909,Male,CE,22,60,2.5,94,92,73,3
Student_910,Female,CSE,20,51,1.5,98,69,61,3
Student_911,Male,ME,20,69,3.4,93,50,62,2
Student_912,Male,ECE,19,73,4.6,69,67,56,5
Student_913,Male,ME,22,74,6.6,87,65,71,3
Student_914,Female,CSE,21,86,3.8,73,56,57,4
Student_915,Female,CSE,21,71,2.9,61,95,67,3
Student_916,Female,IT,22,73,3.6,60,98,70,3
Student_917,Female,ECE,21,64,5.9,48,69,54,4
Student_918,Female,CSE,18,61,3.4,51,73,63,0
Student_919,Female,CE,21,95,7.9,56,37,63,1
Student_920,Female,ECE,18,80,2.2,55,47,46,3
Student_921,Male,ECE,22,92,6.3,44,48,60,1
Student_922,Male,CE,21,80,5.1,58,75,70,1
Student_923,Male,ME,21,79,2.6,96,42,60,2
Student_924,Male,CE,23,90,6.3,67,53,71,0
Student_925,Male,CE,18,69,4.1,56,48,55,1
Student_926,Male,ME,18,57,5.8,61,84,68,2
Student_927,Male,ME,20,93,5.6,74,95,78,4
Student_928,Female,ME,19,79,1.8,88,70,61,4
Student_929,Female,ME,21,84,6.9,98,79,79,4
Student_930,Male,ME,23,70,5.8,54,41,43,5
Student_931,Male,CE,19,96,6.5,58,56,57,5
Student_932,Female,IT,23,89,4.1,86,43,57,4
Student_933,Male,IT,19,77,2.4,89,94,72,4
Student_934,Male,CSE,21,88,3.3,65,76,68,2
Student_935,Female,IT,23,66,7.3,83,93,89,0
Student_936,Male,IT,18,61,7.6,99,74,86,0
Student_937,Female,CE,20,99,4.4,83,63,72,2
Student_938,Male,ME,23,67,3.1,95,89,77,2
Student_939,Female,ME,22,96,6.1,74,98,77,5
Student_940,Female,CE,21,77,6.4,82,76,74,3
Student_941,Female,IT,21,52,6.7,62,63,64,1
Student_942,Male,CE,22,100,1.2,49,55,44,5
Student_943,Female,CSE,19,64,1.1,61,97,57,5
Student_944,Male,ME,20,65,3.5,86,97,72,4
Student_945,Male,ECE,19,71,2.1,94,72,60,5
Student_946,Male,CSE,22,98,6.6,50,100,72,5
Student_947,Male,CSE,22,80,4.7,94,46,69,1
Student_948,Female,CE,20,80,6.8,65,67,66,3
Student_949,Female,IT,22,50,2.2,40,35,40,0
Student_950,Male,ME,22,60,5.4,91,62,62,4
Student_951,Male,ECE,23,55,5.1,75,96,67,5
Student_952,Female,CSE,20,72,3.4,92,93,71,5
Student_953,Male,ECE,21,58,4.6,97,83,83,0
Student_954,Female,IT,19,65,5.1,60,79,66,2
Student_955,Male,IT,21,87,7.2,47,40,58,1
Student_956,Male,ECE,21,93,1.4,59,54,60,0
Student_957,Female,ME,23,68,6.8,84,50,63,3
Student_958,Male,IT,19,94,7.9,56,46,69,0
Student_959,Female,ECE,21,62,6.1,54,86,63,4
Student_960,Male,CSE,20,81,6.2,60,54,56,4
Student_961,Male,ECE,19,85,2.5,40,92,67,1
Student_962,Male,ECE,18,58,4.7,99,79,76,2
Student_963,Female,CE,23,95,5.9,42,36,42,5
Student_964,Male,IT,21,95,5.2,70,68,65,4
Student_965,Male,ME,22,98,3.7,95,60,70,3
Student_966,Male,ME,19,86,7.6,97,67,85,1
Student_967,Male,CE,18,80,4.6,70,76,64,4
Student_968,Female,ME,22,80,7.8,60,99,80,3
Student_969,Female,ECE,18,68,4.9,62,42,43,5
Student_970,Male,CE,21,51,6.6,56,99,79,0
Student_971,Female,CSE,22,94,6.2,61,44,52,5
Student_972,Male,IT,21,81,5.6,99,66,74,3
Student_973,Male,IT,22,92,1.1,95,85,68,5
Student_974,Male,IT,19,83,1.5,61,91,71,1
Student_975,Female,ECE,20,50,5.1,75,74,60,4
Student_976,Female,CSE,20,70,7.4,98,100,92,2
Student_977,Female,CE,18,52,5.2,47,65,54,2
Student_978,Female,CE,23,76,2.7,86,97,76,3
Student_979,Female,IT,22,93,3.2,47,90,66,3
Student_980,Female,CSE,21,56,5.4,53,46,47,3
Student_981,Female,CSE,23,82,5.2,77,65,63,4
Student_982,Female,CSE,19,58,7.7,63,57,62,2
Student_983,Female,ME,19,79,4.7,99,67,75,2
Student_984,Male,ME,19,67,3.5,61,42,52,1
Student_985,Female,IT,20,75,4.7,54,96,76,1
Student_986,Female,CSE,21,69,6.5,59,49,64,0
Student_987,Female,CSE,19,87,4.8,66,75,64,4
Student_988,Female,CE,19,90,3.3,67,86,70,3
Student_989,Female,CE,18,80,3.4,61,60,62,1
Student_990,Female,IT,22,57,6.3,70,46,63,0
Student_991,Female,CSE,22,72,1.5,48,61,56,0
Student_992,Female,IT,22,99,2.9,95,64,73,2
Student_993,Female,CE,23,74,2.1,62,38,40,4
Student_994,Female,CE,18,96,7.6,44,88,70,4
Student_995,Female,ME,20,50,1.6,84,68,50,5
Student_996,Male,IT,23,95,6.3,78,90,82,3
Student_997,Male,IT,18,67,5.4,56,52,49,4
Student_998,Female,CSE,19,68,5.4,79,81,65,5
Student_999,Female,CSE,21,100,6.3,44,94,74,3
Student_1000,Male,ME,23,91,3.8,94,93,79,4
Student_1001,Female,ECE,23,55,3.8,46,36,40,2
Student_1002,Male,ECE,19,66,3.0,47,50,38,5
Student_1003,Male,ECE,19,95,5.2,46,92,80,0
Student_1004,Male,IT,21,94,7.5,61,46,58,4
Student_1005,Male,IT,22,57,7.5,83,39,54,4
Student_1006,Male,CE,23,91,5.9,77,73,76,2
Student_1007,Female,IT,18,58,7.3,92,49,70,1
Student_1008,Male,IT,20,86,7.7,60,53,62,3
Student_1009,Female,IT,19,76,6.6,43,83,71,1
Student_1010,Female,ME,19,85,3.9,71,73,75,0
Student_1011,Male,IT,20,55,4.4,94,49,64,1
Student_1012,Male,CSE,18,55,7.5,68,89,82,0
Student_1013,Female,CSE,19,94,5.7,99,90,86,3
Student_1014,Male,CE,20,53,6.7,98,79,79,2
Student_1015,Male,ME,19,71,1.8,69,91,74,0
Student_1016,Female,CSE,22,89,2.4,42,40,42,3
Student_1017,Female,ME,22,76,3.4,44,65,46,5
Student_1018,Male,ME,19,86,2.3,58,56,55,2
Student_1019,Female,CE,19,51,7.3,47,72,64,1
Student_1020,Male,ME,22,58,2.5,76,92,73,1
Student_1021,Male,IT,19,60,4.9,70,63,68,0
Student_1022,Male,ME,18,69,1.6,66,90,60,4
Student_1023,Female,CE,18,92,2.1,52,45,41,5
Student_1024,Female,CE,21,88,2.7,81,82,68,4
Student_1025,Female,CE,18,63,7.9,45,94,64,5
Student_1026,Female,CSE,23,75,6.6,40,85,68,2
Student_1027,Female,IT,23,87,5.7,69,73,75,1
Student_1028,Male,CSE,23,79,7.4,50,40,52,3
Student_1029,Male,ECE,19,85,7.7,91,64,70,5
Student_1030,Male,IT,19,87,4.2,80,35,57,2
Student_1031,Male,ME,20,84,3.3,70,43,61,0
Student_1032,Female,CE,23,55,3.2,55,79,50,5
Student_1033,Male,ECE,23,52,1.3,54,42,46,0
Student_1034,Female,IT,18,50,3.0,44,68,50,2
Student_1035,Male,CSE,22,67,3.5,54,42,44,3
Student_1036,Female,CE,22,72,1.3,40,46,44,1
Student_1037,Female,CSE,21,81,7.2,54,77,74,1
Student_1038,Male,IT,20,78,6.9,75,90,78,3
Student_1039,Male,IT,22,72,2.8,99,65,72,1
Student_1040,Male,ECE,21,85,6.6,87,76,71,5
Student_1041,Male,ME,18,55,6.6,93,67,66,4
Student_1042,Female,CSE,20,66,3.3,78,53,52,4
Student_1043,Male,ECE,20,67,5.9,94,89,80,3
Student_1044,Male,CE,23,80,3.0,47,38,39,4
Student_1045,Female,ME,19,55,1.5,92,46,45,5
Student_1046,Male,ECE,23,83,4.5,61,62,62,2
Student_1047,Male,CSE,18,93,4.1,66,92,80,1
Student_1048,Male,IT,23,93,2.0,98,82,69,5
Student_1049,Male,CE,20,76,4.4,73,35,53,2
Student_1050,Male,CSE,23,85,7.6,69,78,75,3
Student_1051,Female,ME,21,97,6.1,51,97,70,5
Student_1052,Male,ME,23,91,6.2,97,72,73,5
Student_1053,Male,IT,22,74,6.3,99,43,62,4
Student_1054,Male,IT,18,59,6.2,41,40,46,2
Student_1055,Male,CE,18,88,1.1,85,86,73,2
Student_1056,Male,CE,20,95,7.5,90,50,81,0
Student_1057,Female,IT,23,88,6.8,91,36,66,2
Student_1058,Male,IT,20,61,2.9,77,70,57,4
Student_1059,Female,ME,20,60,4.9,61,69,64,1
Student_1060,Female,IT,21,98,5.3,90,64,79,1
Student_1061,Male,ECE,19,92,1.9,56,79,67,1
Student_1062,Male,CSE,20,52,2.8,74,80,58,4
Student_1063,Male,IT,19,100,1.2,91,99,86,1
Student_1064,Male,CE,19,71,7.0,96,35,56,5
Student_1065,Female,ECE,18,53,1.2,81,91,58,5
Student_1066,Male,CE,22,57,3.2,95,65,69,1
Student_1067,Male,ECE,22,63,1.5,84,59,55,3
Student_1068,Male,IT,23,69,6.5,91,81,77,3
Student_1069,Male,CSE,21,73,7.5,62,90,84,0
Student_1070,Male,CE,21,63,4.9,68,35,41,5
Student_1071,Male,ECE,22,77,2.0,68,71,68,0
Student_1072,Female,ME,23,65,4.9,96,46,64,2
Student_1073,Female,IT,22,81,6.4,89,54,71,2
Student_1074,Male,CSE,23,96,6.0,58,64,59,5
Student_1075,Male,IT,23,61,6.2,56,98,65,5
Student_1076,Male,ME,23,65,3.0,47,98,66,2
Student_1077,Female,CSE,23,68,1.5,89,52,64,0
Student_1078,Male,ME,18,54,2.0,46,66,52,1
Student_1079,Female,IT,18,61,7.7,94,53,71,2
Student_1080,Male,ECE,22,78,5.3,50,67,65,1
Student_1081,Male,IT,23,54,6.1,42,96,71,1
Student_1082,Male,IT,20,91,7.3,41,56,67,0
Student_1083,Male,IT,23,66,7.0,58,63,60,3
Student_1084,Female,CE,20,96,2.5,67,38,44,5
Student_1085,Female,ME,18,57,1.4,95,84,67,3
Student_1086,Male,ME,23,89,7.5,67,38,56,4
Student_1087,Male,ME,19,89,7.9,64,39,59,3
Student_1088,Female,CE,22,79,5.0,50,73,64,2
Student_1089,Female,ECE,23,59,7.2,79,91,86,0
Student_1090,Female,IT,21,69,2.6,82,65,66,1
Student_1091,Female,ECE,20,94,1.8,41,41,51,0
Student_1092,Male,CE,23,65,4.5,51,46,40,5
Student_1093,Female,ME,19,90,6.7,100,44,67,4
Student_1094,Male,IT,20,65,5.6,80,63,61,4
Student_1095,Female,CSE,19,91,5.5,77,47,59,4
Student_1096,Female,CSE,22,52,1.1,51,65,50,1
Student_1097,Female,ECE,22,72,3.2,89,43,52,4
Student_1098,Female,ME,22,71,7.6,64,85,67,5
Student_1099,Female,CSE,18,77,1.9,76,50,49,4
Student_1100,Male,ECE,19,95,6.1,70,93,77,4
Student_1101,Male,CE,23,94,6.3,93,92,81,5
Student_1102,Female,ECE,21,85,6.1,56,45,49,5
Student_1103,Female,ECE,21,53,7.9,87,70,77,1
Student_1104,Male,ECE,22,87,3.9,51,35,42,4
Student_1105,Female,IT,21,73,5.8,100,55,72,2
Student_1106,Female,ECE,20,68,2.4,69,78,70,0
Student_1107,Male,ECE,19,60,3.8,41,71,48,4
Student_1108,Female,IT,19,89,4.4,55,40,47,4
Student_1109,Female,IT,19,95,2.5,40,48,55,0
Student_1110,Male,CE,20,89,7.3,91,35,61,4
Student_1111,Male,ME,23,95,6.0,73,42,54,5
Student_1112,Male,CSE,18,88,3.0,84,78,68,4
Student_1113,Female,CSE,20,67,1.9,87,61,61,2
Student_1114,Male,ECE,19,61,3.0,40,70,43,5
Student_1115,Male,CE,19,63,5.4,90,76,71,3
Student_1116,Male,ECE,19,96,6.8,75,54,73,1
Student_1117,Male,CSE,23,67,4.5,91,42,63,1
Student_1118,Male,IT,21,93,1.7,42,80,66,0
Student_1119,Male,ME,18,91,2.7,73,86,73,2
Student_1120,Female,CE,20,61,3.4,51,60,55,1
Student_1121,Female,IT,19,89,5.5,95,69,84,0
Student_1122,Male,ME,22,76,2.7,97,94,87,0
Student_1123,Male,CE,18,55,2.6,84,37,56,0
Student_1124,Male,CE,22,73,3.0,66,38,52,1
Student_1125,Female,CSE,18,100,5.1,89,96,86,3
Student_1126,Female,IT,19,82,4.4,76,98,87,0
Student_1127,Female,CE,18,94,6.9,94,84,82,4
Student_1128,Female,CE,18,65,5.9,64,53,56,3
Student_1129,Female,ME,19,99,5.7,51,77,68,3
Student_1130,Female,CSE,23,61,2.1,90,48,50,4
Student_1131,Female,ECE,22,80,1.4,72,48,56,1
Student_1132,Female,CSE,23,86,4.6,48,88,73,1
Student_1133,Female,ECE,22,62,1.5,40,63,46,2
Student_1134,Male,IT,21,57,3.5,95,37,58,1
Student_1135,Male,IT,22,87,1.2,89,39,56,2
Student_1136,Male,CE,22,52,2.2,62,39,49,0
Student_1137,Male,IT,18,69,1.8,67,79,66,1
Student_1138,Female,CE,21,53,6.6,42,98,72,1
Student_1139,Female,CSE,19,93,3.4,77,98,75,4
Student_1140,Male,IT,19,94,1.6,93,77,80,0
Student_1141,Female,CSE,20,51,2.9,75,77,54,5
Student_1142,Male,CSE,21,100,5.8,95,85,79,5
Student_1143,Female,IT,18,85,6.2,83,47,67,2
Student_1144,Male,CSE,20,72,1.8,83,41,59,0
Student_1145,Female,IT,20,94,6.4,44,76,60,5
Student_1146,Female,IT,19,68,3.6,94,39,55,3
Student_1147,Male,IT,22,89,5.8,68,81,70,4
Student_1148,Female,ECE,18,57,5.7,92,82,74,3
Student_1149,Male,CSE,21,65,6.6,52,81,59,5
Student_1150,Male,ME,20,92,5.9,83,42,65,2
Student_1151,Male,IT,18,67,1.3,43,55,47,1
Student_1152,Male,CSE,19,85,4.6,45,58,59,1
Student_1153,Female,CE,20,73,2.2,90,47,61,1
Student_1154,Female,IT,20,50,7.8,77,49,62,2
Student_1155,Female,IT,23,50,2.8,45,87,54,3
Student_1156,Male,ME,19,95,3.9,50,65,61,2
Student_1157,Female,ECE,23,85,2.4,66,85,69,2
Student_1158,Male,ECE,19,60,1.9,93,81,67,3
Student_1159,Female,IT,19,67,5.2,85,73,63,5
Student_1160,Female,CSE,23,65,4.5,98,91,84,1
Student_1161,Female,CE,18,66,3.6,74,84,64,4
Student_1162,Male,CE,18,73,1.6,100,91,78,2
Student_1163,Female,CSE,18,83,6.2,79,69,74,2
Student_1164,Female,IT,22,53,1.0,43,41,32,3
Student_1165,Male,CE,20,84,4.2,66,87,64,5
Student_1166,Female,ECE,18,64,5.4,55,44,45,4
Student_1167,Male,CSE,22,51,4.0,57,73,58,2
Student_1168,Female,ME,20,100,1.9,46,92,74,0
Student_1169,Male,IT,18,80,6.4,50,69,59,4
Student_1170,Male,CSE,19,58,3.3,47,93,63,2
Student_1171,Female,CE,21,59,1.9,98,56,55,4
Student_1172,Male,IT,18,74,4.9,91,43,54,5
Student_1173,Male,ECE,21,100,1.1,45,42,52,0
Student_1174,Male,IT,18,54,3.3,95,92,82,0
Student_1175,Male,IT,19,63,6.3,87,56,61,4
Student_1176,Male,ECE,21,91,7.4,44,74,72,1
Student_1177,Male,ECE,22,97,5.1,96,62,71,4
Student_1178,Female,IT,19,87,2.5,45,80,58,3
Student_1179,Male,ECE,21,89,2.5,77,86,77,1
Student_1180,Male,CSE,21,51,5.2,99,45,53,5
Student_1181,Female,ECE,23,67,3.8,100,56,73,0
Student_1182,Female,ECE,23,78,2.2,41,81,61,1
Student_1183,Female,IT,19,69,6.5,70,47,66,0
Student_1184,Female,CSE,19,57,2.4,78,79,71,0
Student_1185,Female,ME,19,86,3.3,71,56,67,0
Student_1186,Female,ME,20,98,1.4,48,69,55,3
Student_1187,Female,CE,22,97,5.9,54,66,64,3
Student_1188,Male,ECE,18,75,2.9,60,72,61,2
Student_1189,Male,ECE,23,86,2.6,85,92,69,5
Student_1190,Female,CSE,21,98,3.1,92,74,74,3
Student_1191,Male,ME,23,53,7.1,67,55,51,5
Student_1192,Male,CE,18,82,4.6,84,83,84,0
Student_1193,Male,CSE,19,71,2.1,66,73,52,5
Student_1194,Female,ECE,23,55,6.4,44,95,63,4
Student_1195,Female,ME,22,82,2.5,56,44,40,5
Student_1196,Male,CE,22,77,3.9,76,74,72,1
Student_1197,Female,IT,20,73,5.0,97,92,78,4
Student_1198,Male,ME,23,53,5.1,63,79,71,0
Student_1199,Male,CE,19,51,1.5,70,51,42,4
Student_1200,Male,CSE,21,62,6.9,74,44,63,1
Student_1201,Male,IT,20,95,4.4,80,96,84,2
Student_1202,Female,CE,19,98,7.9,80,66,79,2
Student_1203,Female,CE,20,60,6.0,93,76,67,5
Student_1204,Female,ECE,23,84,7.9,43,79,62,5
Student_1205,Male,ME,18,88,4.2,59,55,56,3
Student_1206,Female,ECE,23,59,2.0,82,61,52,4
Student_1207,Male,IT,19,92,6.1,56,64,64,3
Student_1208,Female,CE,21,59,6.4,85,35,55,3
Student_1209,Male,ECE,21,57,7.0,49,43,45,4
Student_1210,Male,ME,19,54,3.1,76,37,42,4
Student_1211,Male,IT,20,72,4.6,60,87,73,1
Student_1212,Female,CSE,22,83,7.0,60,76,67,4
Student_1213,Female,ECE,19,96,7.1,99,53,72,4
Student_1214,Female,IT,23,81,1.2,88,40,45,5
Student_1215,Female,CSE,21,65,5.7,55,41,48,3
Student_1216,Male,ECE,18,53,5.2,72,77,67,2
Student_1217,Female,IT,21,77,1.6,49,70,61,0
Student_1218,Female,IT,22,97,7.5,83,73,82,2
Student_1219,Male,ECE,21,93,4.1,57,77,62,4
Student_1220,Male,IT,22,63,5.7,72,71,74,0
Student_1221,Male,CE,19,61,7.2,68,62,59,4
Student_1222,Female,ECE,21,70,1.9,70,84,57,5
Student_1223,Male,IT,20,97,7.0,63,73,78,1
Student_1224,Male,CSE,23,65,6.1,99,36,57,4
Student_1225,Male,CSE,20,93,6.9,51,71,76,0
Student_1226,Female,CE,23,51,4.5,59,100,61,5
Student_1227,Male,ECE,21,72,1.2,45,53,48,1
Student_1228,Female,IT,21,78,5.7,47,78,57,5
Student_1229,Female,IT,23,95,3.6,53,47,60,0
Student_1230,Male,CSE,18,92,3.8,44,56,58,1
Student_1231,Male,CE,21,58,4.1,93,41,55,3
Student_1232,Female,CSE,18,56,4.5,75,36,57,0
Student_1233,Male,CSE,18,78,5.6,93,96,84,3
Student_1234,Male,CE,23,93,6.1,87,39,57,5
Student_1235,Female,ECE,18,66,6.4,77,54,61,3
Student_1236,Female,IT,18,58,5.7,42,88,58,4
Student_1237,Male,ECE,19,55,6.6,75,97,79,2
Student_1238,Female,ME,20,93,1.9,61,70,65,1
Student_1239,Male,ME,18,69,6.9,47,50,61,0
Student_1240,Male,ME,20,59,3.7,100,91,70,5
Student_1241,Male,CE,18,58,4.7,53,98,67,3
Student_1242,Female,CSE,20,61,4.0,46,44,36,5
Student_1243,Male,ECE,21,82,4.3,43,85,59,4
Student_1244,Male,IT,21,81,3.0,58,61,64,0
Student_1245,Male,ME,20,83,2.2,82,41,47,5
Student_1246,Female,ECE,18,68,1.7,86,75,60,4
Student_1247,Female,ME,19,82,4.2,63,47,62,0
Student_1248,Female,ME,20,97,1.9,55,100,67,4
Student_1249,Female,IT,22,65,2.7,45,37,34,4
Student_1250,Female,CE,19,99,1.9,83,45,60,2
Student_1251,Male,CSE,22,99,1.8,47,39,44,3
Student_1252,Female,CE,20,72,7.2,64,94,82,1
Student_1253,Female,ECE,18,75,5.7,71,36,59,1
Student_1254,Female,CE,22,94,7.5,64,98,92,0
Student_1255,Male,ECE,20,93,5.5,49,47,63,0
Student_1256,Female,ECE,19,90,6.9,82,88,76,5
Student_1257,Female,CSE,18,86,4.9,80,46,54,5
Student_1258,Male,IT,22,58,4.2,97,52,63,2
Student_1259,Female,CSE,20,79,4.7,56,52,62,0
Student_1260,Male,CE,18,62,3.2,99,51,65,1
Student_1261,Male,ECE,18,97,5.6,85,73,76,3
Student_1262,Male,ME,21,91,7.3,42,47,58,2
Student_1263,Male,ME,18,65,6.5,48,79,72,0
Student_1264,Male,ECE,20,95,4.2,91,53,69,2
Student_1265,Female,CSE,19,51,7.7,97,53,69,2
Student_1266,Male,IT,23,80,7.9,99,55,77,2
Student_1267,Male,CSE,21,100,4.5,57,58,69,0
Student_1268,Female,ECE,20,92,7.1,88,64,72,4
Student_1269,Male,ECE,20,68,1.0,69,82,69,0
Student_1270,Female,IT,20,60,1.5,44,69,55,0
Student_1271,Female,CE,22,63,1.2,91,93,64,5
Student_1272,Female,CE,22,96,6.4,71,51,73,0
Student_1273,Male,IT,19,74,1.6,92,82,78,0
Student_1274,Male,CE,20,56,1.1,66,89,68,0
Student_1275,Male,ME,22,64,2.0,60,43,46,2
Student_1276,Female,CE,22,79,3.1,63,48,54,2
Student_1277,Male,CE,22,80,4.3,77,60,71,0
Student_1278,Male,CE,19,73,1.5,42,86,49,5
Student_1279,Male,ME,19,74,4.5,55,78,62,3
Student_1280,Female,CE,20,57,2.7,54,45,36,5
Student_1281,Female,ME,21,79,2.9,64,85,65,3
Student_1282,Male,IT,20,85,6.8,47,76,63,4
Student_1283,Male,CSE,22,99,7.9,80,96,89,3
Student_1284,Male,IT,23,63,4.2,43,69,58,1
Student_1285,Male,CSE,22,78,3.3,71,98,79,1
Student_1286,Female,IT,18,76,7.5,84,52,67,3
Student_1287,Female,CSE,23,99,4.5,95,48,76,0
Student_1288,Female,CSE,23,85,6.1,98,83,82,3
Student_1289,Female,ECE,20,83,3.9,74,51,64,1
Student_1290,Male,CSE,22,70,2.4,92,55,59,3
Student_1291,Male,CSE,22,87,5.6,69,48,62,2
Student_1292,Male,ECE,21,60,5.7,78,37,49,4
Student_1293,Female,CE,18,82,4.2,87,65,70,2
Student_1294,Male,CE,20,64,2.9,88,81,62,5
Student_1295,Female,ECE,19,61,6.8,69,78,71,2
Student_1296,Female,ME,20,73,2.9,56,51,45,4
Student_1297,Male,CSE,23,99,5.6,58,90,84,0
Student_1298,Male,CSE,20,86,3.7,91,61,64,4
Student_1299,Male,ECE,21,60,4.3,70,36,56,0
Student_1300,Female,ECE,20,68,2.5,56,96,70,1
Student_1301,Male,ME,21,50,5.5,95,40,56,3
Student_1302,Female,CE,23,66,2.6,41,99,67,1
Student_1303,Male,IT,21,89,4.4,98,52,73,1
Student_1304,Female,CE,22,65,3.3,76,89,75,1
Student_1305,Female,CSE,19,75,7.7,87,91,83,3
Student_1306,Male,ECE,23,92,7.9,68,53,75,0
Student_1307,Female,ME,21,100,6.3,69,45,59,4
Student_1308,Female,CE,18,92,7.9,93,89,97,0
Student_1309,Male,ME,23,64,1.8,82,71,69,0
Student_1310,Female,CE,18,57,7.9,61,38,54,2
Student_1311,Male,CSE,19,79,1.7,77,47,52,3
Student_1312,Female,IT,21,63,3.9,50,92,72,0
Student_1313,Male,ME,23,82,2.7,72,36,57,0
Student_1314,Male,ME,23,91,7.7,58,94,85,1
Student_1315,Female,IT,19,56,5.5,42,66,46,5
Student_1316,Female,ME,22,67,5.2,79,97,80,2
Student_1317,Female,ME,18,61,8.0,61,94,72,4
Student_1318,Female,CE,23,51,5.3,57,60,46,5
Student_1319,Female,CE,20,99,5.5,84,56,72,2
Student_1320,Male,IT,18,78,1.3,69,38,51,1
Student_1321,Female,CSE,21,70,7.0,40,50,57,1
Student_1322,Male,ME,19,56,7.8,59,97,80,1
Student_1323,Male,CSE,18,76,7.7,88,76,78,3
Student_1324,Female,IT,20,61,2.5,44,67,42,5
Student_1325,Male,IT,20,69,2.6,51,47,50,1
Student_1326,Male,CE,19,63,3.6,50,80,66,0
Student_1327,Male,ME,19,59,3.2,63,47,46,3
Student_1328,Male,ECE,18,90,3.1,97,67,77,1
Student_1329,Female,IT,21,72,5.2,57,48,52,3
Student_1330,Male,ME,22,79,6.6,47,42,59,0
Student_1331,Female,CSE,20,96,7.6,68,80,83,1
Student_1332,Female,CE,19,80,1.5,95,35,46,5
Student_1333,Male,CSE,22,59,2.9,61,93,70,1
Student_1334,Female,IT,22,68,2.8,95,94,85,0
Student_1335,Female,IT,22,68,3.5,84,83,76,1
Student_1336,Female,CSE,21,93,4.0,41,95,76,0
Student_1337,Male,IT,19,72,3.7,62,57,60,1
Student_1338,Female,ME,20,93,7.7,55,39,63,1
Student_1339,Female,IT,19,90,4.1,83,84,78,2
Student_1340,Female,CE,18,81,4.9,47,70,59,3
Student_1341,Male,ME,20,69,6.2,43,54,48,4
Student_1342,Female,ECE,19,53,6.1,53,77,63,2
Student_1343,Male,IT,20,82,5.1,48,42,51,2
Student_1344,Male,IT,18,97,7.0,50,75,69,3
Student_1345,Male,CE,23,50,5.4,87,59,64,2
Student_1346,Male,CE,20,62,7.1,77,41,66,0
Student_1347,Male,CSE,23,52,3.1,83,95,73,2
Student_1348,Male,CSE,22,61,1.9,90,67,57,4
Student_1349,Female,CSE,21,78,6.7,55,72,74,0
Student_1350,Male,CE,18,80,3.7,52,46,42,5
Student_1351,Female,CSE,20,90,5.6,75,78,73,3
Student_1352,Female,CSE,18,85,6.2,83,87,80,3
Student_1353,Male,ECE,22,51,3.3,75,48,49,3
Student_1354,Female,CSE,23,71,4.5,56,86,74,0
Student_1355,Female,IT,21,71,7.3,53,86,70,3
Student_1356,Female,CE,18,90,7.2,68,80,75,3
Student_1357,Female,ME,23,80,6.2,97,75,75,4
Student_1358,Male,ECE,22,94,6.3,56,36,59,1
Student_1359,Female,CE,22,63,7.3,40,83,57,5
Student_1360,Male,CE,22,78,6.2,59,62,67,1
Student_1361,Female,IT,23,84,3.4,72,66,68,1
Student_1362,Female,CSE,20,99,1.8,93,56,64,3
Student_1363,Male,IT,19,58,4.0,41,76,62,0
Student_1364,Female,CSE,18,96,1.6,56,63,55,3
Student_1365,Female,CSE,19,81,1.8,62,67,62,1
Student_1366,Female,CE,22,76,7.7,61,80,68,4
Student_1367,Male,CSE,19,59,5.7,40,43,43,3
Student_1368,Female,ECE,23,74,7.0,51,72,63,3
Student_1369,Male,ECE,22,98,5.5,52,60,61,3
Student_1370,Female,ECE,22,94,3.9,53,77,73,0
Student_1371,Male,CE,21,82,1.2,49,87,56,4
Student_1372,Male,IT,21,60,7.7,51,61,55,4
Student_1373,Female,ME,23,86,1.5,96,45,55,4
Student_1374,Female,CSE,23,58,5.3,61,60,52,4
Student_1375,Male,ME,19,56,1.7,57,91,65,1
Student_1376,Male,IT,18,56,3.0,78,35,45,3
Student_1377,Female,IT,19,83,2.3,58,45,41,5
Student_1378,Male,CE,23,68,4.9,69,64,57,4
Student_1379,Female,ECE,18,69,7.2,54,38,53,2
Student_1380,Female,ECE,19,99,5.4,78,67,74,2
Student_1381,Female,IT,20,91,5.6,53,67,57,5
Student_1382,Female,CE,20,74,7.4,48,100,81,1
Student_1383,Male,CE,18,54,6.2,44,38,45,2
Student_1384,Female,CSE,21,97,7.1,72,85,83,2
Student_1385,Male,ECE,18,78,3.9,87,61,67,2
Student_1386,Female,IT,19,76,7.1,44,67,66,1
Student_1387,Male,ME,22,74,5.5,63,66,62,3
Student_1388,Female,ECE,20,86,1.9,47,62,56,1
Student_1389,Male,CSE,22,64,1.3,58,91,69,0
Student_1390,Male,CE,20,97,2.7,91,53,73,0
Student_1391,Female,IT,19,53,3.6,51,65,53,2
Student_1392,Female,ECE,20,63,6.9,47,87,69,2
Student_1393,Female,ME,18,98,6.2,47,66,63,3
Student_1394,Female,CSE,22,66,7.7,94,43,59,5
Student_1395,Male,CSE,23,70,4.9,77,85,74,2
Student_1396,Female,ECE,22,65,6.2,59,57,65,0
Student_1397,Male,ME,19,75,2.9,97,59,67,2
Student_1398,Male,CSE,23,58,5.8,68,80,66,3
Student_1399,Female,IT,22,51,5.9,80,78,77,0
Student_1400,Male,CSE,19,92,6.9,73,100,88,2
Student_1401,Male,ME,21,64,4.8,57,62,55,3
Student_1402,Male,CE,18,84,5.5,40,58,54,3
Student_1403,Male,CE,20,73,2.4,50,90,70,0
Student_1404,Female,ECE,20,97,6.2,86,84,91,0
Student_1405,Female,ME,20,100,6.9,83,37,58,5
Student_1406,Female,CSE,21,87,5.2,74,57,72,0
Student_1407,Female,CSE,18,63,1.8,90,68,61,3
Student_1408,Male,CE,22,86,3.2,91,43,68,0
Student_1409,Male,CE,22,86,4.3,71,93,84,0
Student_1410,Female,IT,18,55,5.7,90,100,80,3
Student_1411,Female,CE,23,67,3.2,81,56,51,5
Student_1412,Female,IT,18,71,6.9,55,69,63,3
Student_1413,Male,CSE,20,67,3.6,45,65,60,0
Student_1414,Female,IT,22,100,1.3,48,82,69,0
Student_1415,Female,IT,18,51,6.6,79,87,81,0
Student_1416,Female,ECE,22,81,5.5,61,66,56,5
Student_1417,Male,CE,18,66,6.6,87,46,61,3
Student_1418,Male,IT,19,50,3.4,47,96,57,4
Student_1419,Male,CSE,20,58,1.1,95,37,54,1
Student_1420,Male,ME,18,62,1.5,71,40,46,2
Student_1421,Male,IT,21,85,1.8,65,46,55,1
Student_1422,Male,CE,18,86,6.6,93,87,78,5
Student_1423,Male,ECE,19,79,3.1,57,54,51,3
Student_1424,Male,CSE,21,80,8.0,76,40,58,4
Student_1425,Female,ECE,21,72,6.3,91,48,58,5
Student_1426,Female,ME,18,99,5.2,51,90,72,3
Student_1427,Male,IT,19,77,7.9,77,75,84,0
Student_1428,Male,IT,21,59,3.2,73,83,58,5
Student_1429,Female,CE,20,74,2.2,43,99,65,2
Student_1430,Male,IT,23,85,6.2,55,65,68,1
Student_1431,Male,CSE,20,75,2.9,100,62,66,3
Student_1432,Male,ME,22,75,7.7,63,46,55,4
Student_1433,Female,ECE,22,94,7.9,53,50,70,0
Student_1434,Female,ME,19,62,7.5,56,69,59,4
Student_1435,Female,IT,21,66,7.6,90,78,80,2
Student_1436,Female,ECE,20,89,5.3,70,44,55,4
Student_1437,Female,CE,20,53,5.8,43,37,37,4
Student_1438,Male,ME,23,72,1.7,89,65,70,0
Student_1439,Female,ECE,19,84,6.3,83,86,76,4
Student_1440,Male,ECE,21,60,2.4,73,99,78,0
Student_1441,Male,ECE,19,61,6.9,77,39,58,2
Student_1442,Female,CSE,18,58,7.7,77,39,56,3
Student_1443,Female,ME,20,64,2.5,42,100,70,0
Student_1444,Male,ECE,19,94,1.5,47,49,40,5
Student_1445,Male,ME,19,86,4.4,51,99,65,5
Student_1446,Male,ECE,23,54,6.5,74,55,59,3
Student_1447,Female,CE,18,68,6.4,41,45,53,1
Student_1448,Female,CE,22,60,5.9,92,76,69,4
Student_1449,Female,CE,20,58,6.7,68,100,76,3
Student_1450,Female,IT,23,84,2.2,62,95,65,4
Student_1451,Female,ECE,19,99,5.6,72,94,90,0
Student_1452,Male,IT,20,76,5.2,89,48,59,4
Student_1453,Female,ME,22,62,2.1,57,39,43,2
Student_1454,Male,IT,19,61,3.9,79,65,54,5
Student_1455,Male,ME,18,58,7.0,97,82,78,3
Student_1456,Male,ME,20,91,7.8,61,66,66,4
Student_1457,Female,ME,23,77,5.7,53,91,70,3
Student_1458,Female,IT,18,62,7.5,68,68,66,3
Student_1459,Female,ECE,22,69,1.9,84,61,61,2
Student_1460,Male,IT,22,62,7.8,54,39,59,0
Student_1461,Male,ECE,20,76,1.2,54,51,42,4
Student_1462,Male,ECE,22,75,4.7,84,90,82,1
Student_1463,Male,ME,21,78,3.0,43,72,54,3
Student_1464,Male,IT,23,78,6.7,75,88,86,0
Student_1465,Male,ECE,20,71,2.5,44,82,62,1
Student_1466,Female,CE,21,58,1.1,42,83,50,3
Student_1467,Female,ECE,22,73,3.9,51,75,64,1
Student_1468,Female,CE,20,91,1.4,59,56,49,4
Student_1469,Female,IT,21,68,3.0,83,91,68,4
Student_1470,Male,IT,22,87,5.5,59,100,71,5
Student_1471,Male,IT,19,80,3.1,78,53,57,3
Student_1472,Female,ECE,19,88,2.7,78,36,51,3
Student_1473,Male,CSE,18,64,2.1,40,67,40,5
Student_1474,Female,ECE,19,81,1.9,83,93,70,4
Student_1475,Female,ECE,21,100,4.7,42,40,58,0
Student_1476,Female,ME,23,95,5.8,86,45,71,1
Student_1477,Male,ME,19,97,4.2,48,61,57,3
Student_1478,Female,ECE,20,95,1.9,93,79,73,3
Student_1479,Female,CE,20,78,5.5,93,65,74,2
Student_1480,Female,ME,20,83,4.9,59,97,79,1
Student_1481,Male,ECE,19,58,3.7,97,78,64,5
Student_1482,Male,CSE,19,84,3.3,48,75,55,4
Student_1483,Female,CE,18,55,2.3,70,81,54,5
Student_1484,Male,IT,23,86,2.0,85,36,52,3
Student_1485,Male,ECE,23,63,3.4,67,49,50,3
Student_1486,Male,ECE,22,96,1.3,74,54,53,4
Student_1487,Male,CE,18,99,4.1,79,37,63,1
Student_1488,Male,ME,21,98,5.2,100,73,89,0
Student_1489,Male,ME,20,58,7.6,77,44,55,4
Student_1490,Male,ME,19,68,5.4,83,74,78,0
Student_1491,Male,IT,22,72,5.4,41,47,47,3
Student_1492,Male,CE,22,90,3.6,42,78,69,0
Student_1493,Male,CE,19,77,1.9,53,66,61,0
Student_1494,Female,ME,18,65,4.1,56,64,51,4
Student_1495,Female,ME,22,75,5.2,74,35,46,5
Student_1496,Male,CSE,23,87,6.1,43,87,68,3
Student_1497,Female,CSE,18,89,6.8,86,78,85,1
Student_1498,Female,ECE,19,74,2.8,69,69,62,2
Student_1499,Male,ECE,18,84,2.7,93,74,79,0
Student_1500,Male,CE,23,54,5.0,97,79,72,3
Student_1501,Male,CE,20,56,5.0,78,94,76,2
Student_1502,Female,IT,19,72,2.5,90,97,82,1
Student_1503,Female,IT,23,74,5.1,53,44,52,2
Student_1504,Male,CSE,19,50,3.4,87,81,72,1
Student_1505,Male,ECE,23,71,5.5,66,58,53,5
Student_1506,Male,CSE,23,53,3.0,52,91,62,2
Student_1507,Female,CSE,22,77,5.1,94,52,71,1
Student_1508,Female,ECE,22,97,6.4,100,91,83,5
Student_1509,Female,IT,22,63,7.9,59,80,78,0
Student_1510,Female,ECE,20,82,7.4,88,77,82,2
Student_1511,Male,ME,20,53,4.5,88,50,63,1
Student_1512,Male,ME,23,91,4.4,63,48,56,3
Student_1513,Male,ME,21,60,4.1,49,43,40,4
Student_1514,Male,CE,19,88,1.2,46,95,56,5
Student_1515,Female,IT,22,81,2.2,91,45,59,2
Student_1516,Female,IT,19,53,1.4,56,53,36,5
Student_1517,Male,CE,23,50,5.9,61,98,73,2
Student_1518,Male,CSE,18,75,3.9,98,72,75,2
Student_1519,Female,ME,23,82,1.4,83,44,55,2
Student_1520,Male,ME,20,66,5.8,50,50,47,4
Student_1521,Female,CSE,21,76,5.5,81,76,74,2
Student_1522,Male,ECE,18,91,6.0,62,78,65,5
Student_1523,Male,ECE,19,54,5.2,93,87,83,0
Student_1524,Male,IT,20,56,2.1,99,69,72,0
Student_1525,Male,CE,22,74,1.4,61,70,54,3
Student_1526,Male,IT,18,57,6.7,79,56,58,4
Student_1527,Male,ECE,20,83,2.5,86,58,55,5
Student_1528,Male,CSE,19,90,4.8,93,46,64,3
Student_1529,Female,IT,23,53,4.4,57,69,64,0
Student_1530,Female,ME,19,61,7.4,94,84,82,2
Student_1531,Female,ME,18,80,4.9,84,74,74,2
Student_1532,Female,CSE,18,60,5.1,65,56,61,1
Student_1533,Female,ECE,23,86,3.2,87,81,70,4
Student_1534,Male,ME,18,93,7.7,69,100,91,1
Student_1535,Male,ME,21,85,5.3,52,44,48,4
Student_1536,Female,CE,22,94,1.0,43,77,52,4
Student_1537,Male,IT,20,71,4.9,82,59,66,2
Student_1538,Female,ECE,23,50,3.5,66,81,63,2
Student_1539,Female,IT,19,99,1.2,90,41,56,3
Student_1540,Male,ECE,19,53,4.0,79,62,67,0
Student_1541,Male,ME,22,85,6.4,49,79,76,0
Student_1542,Male,CE,18,57,4.5,83,46,57,2
Student_1543,Female,IT,18,74,5.5,67,45,63,0
Student_1544,Male,ME,19,77,5.5,60,37,47,4
Student_1545,Female,ECE,22,87,5.7,91,95,94,0
Student_1546,Female,IT,19,85,3.7,50,100,64,5
Student_1547,Female,IT,18,85,3.6,59,90,68,3
Student_1548,Male,ME,23,92,1.0,92,60,72,0
Student_1549,Male,IT,20,90,2.1,99,68,79,0
Student_1550,Female,CE,18,95,7.7,75,89,83,3
Student_1551,Male,CE,23,53,6.9,58,50,52,3
Student_1552,Male,ME,20,62,2.9,91,73,68,2
Student_1553,Male,ECE,21,87,3.8,49,40,46,3
Student_1554,Female,ME,22,94,7.6,54,86,69,5
Student_1555,Female,CE,23,74,2.8,84,59,63,2
Student_1556,Male,CSE,21,52,4.7,84,90,69,4
Student_1557,Female,CSE,18,81,1.2,92,53,64,1
Student_1558,Male,IT,22,88,5.3,99,61,82,0
Student_1559,Male,IT,23,50,7.5,57,39,48,3
Student_1560,Male,CSE,18,60,7.2,46,60,64,0
Student_1561,Male,CE,22,51,4.5,69,64,53,4
Student_1562,Female,IT,22,54,5.5,53,69,62,1
Student_1563,Female,ME,18,71,5.0,76,87,72,3
Student_1564,Female,ME,18,95,1.5,80,67,66,2
Student_1565,Male,CE,23,62,2.1,69,62,56,2
Student_1566,Male,IT,22,97,7.7,93,70,81,3
Student_1567,Male,ME,23,72,2.8,66,83,64,3
Student_1568,Female,IT,22,96,3.7,88,87,75,4
Student_1569,Male,IT,23,80,4.6,96,36,65,1
Student_1570,Female,ME,18,84,7.9,76,98,85,3
Student_1571,Female,CSE,18,87,5.8,87,55,71,2
Student_1572,Female,ME,19,90,5.4,80,69,77,1
Student_1573,Female,CE,23,84,4.7,56,80,66,3
Student_1574,Female,ECE,19,94,5.9,69,82,81,1
Student_1575,Female,ME,19,62,5.6,57,56,51,4
Student_1576,Male,IT,21,56,7.3,42,40,39,5
Student_1577,Male,IT,22,54,4.8,67,67,58,3
Student_1578,Female,ME,20,78,4.0,76,73,66,3
Student_1579,Female,ECE,21,57,6.7,69,77,73,1
Student_1580,Male,ME,22,57,6.6,93,59,67,3
Student_1581,Female,ECE,20,56,2.2,60,52,51,1
Student_1582,Female,ECE,19,68,2.7,88,75,60,5
Student_1583,Male,CE,20,88,7.7,59,69,75,1
Student_1584,Female,IT,18,72,4.1,61,58,55,3
Student_1585,Female,IT,18,85,4.6,75,89,78,2
Student_1586,Female,ECE,23,91,3.2,75,74,64,4
Student_1587,Male,IT,22,81,4.4,60,63,65,1
Student_1588,Male,CSE,21,94,6.2,63,44,61,2
Student_1589,Male,ECE,19,53,4.4,60,44,52,1
Student_1590,Female,IT,22,79,3.2,46,98,69,2
Student_1591,Female,CSE,19,100,1.7,47,63,53,3
Student_1592,Male,CE,18,91,7.5,61,52,60,4
Student_1593,Female,IT,21,88,7.1,61,36,58,2
Student_1594,Female,CSE,21,54,6.5,69,59,68,0
Student_1595,Female,ME,18,52,5.9,73,85,75,1
Student_1596,Female,ME,20,71,4.6,68,56,60,2
Student_1597,Female,CSE,21,77,7.3,100,43,65,4
Student_1598,Male,ECE,20,71,6.5,49,38,45,4
Student_1599,Female,ECE,19,71,6.7,44,55,50,4
Student_1600,Male,IT,21,83,3.2,88,64,60,5
Student_1601,Female,ME,23,78,4.0,96,67,73,2
Student_1602,Male,ECE,18,92,5.9,78,77,78,2
Student_1603,Female,ECE,20,91,3.6,73,36,52,3
Student_1604,Male,ME,23,62,4.5,77,65,70,0
Student_1605,Female,CE,19,56,5.5,49,38,37,5
Student_1606,Male,ECE,19,59,4.1,48,81,60,2
Student_1607,Female,CSE,21,77,6.6,99,79,74,5
Student_1608,Male,IT,21,53,1.8,71,99,66,3
Student_1609,Female,ECE,23,81,6.0,44,100,78,1
Student_1610,Male,ECE,22,71,2.0,74,40,56,0
Student_1611,Male,CE,22,69,7.6,50,41,45,5
Student_1612,Female,CSE,21,97,3.2,81,85,72,4
Student_1613,Female,IT,22,69,6.6,55,52,64,0
Student_1614,Male,ECE,18,55,4.6,66,75,67,1
Student_1615,Female,IT,23,58,1.6,59,59,50,2
Student_1616,Male,ME,18,77,5.1,90,90,82,2
Student_1617,Male,ECE,22,62,7.4,40,35,38,5
Student_1618,Male,ECE,21,80,2.1,65,89,66,3
Student_1619,Female,ME,18,88,3.2,50,37,47,2
Student_1620,Male,CE,19,99,4.1,100,88,87,2
Student_1621,Male,ECE,21,63,2.9,54,66,61,0
Student_1622,Female,IT,23,71,7.6,78,36,64,1
Student_1623,Female,CSE,20,86,3.6,79,99,75,4
Student_1624,Female,IT,20,94,5.6,87,42,60,4
Student_1625,Female,CE,21,73,2.6,57,92,64,3
Student_1626,Male,CSE,22,57,2.5,63,87,67,1
Student_1627,Male,IT,18,64,2.2,67,78,68,0
Student_1628,Male,IT,18,100,4.0,64,62,60,4
Student_1629,Male,ME,21,90,4.7,62,53,58,3
Student_1630,Female,CE,19,55,1.1,50,90,58,2
Student_1631,Male,ME,23,72,6.8,72,54,65,2
Student_1632,Male,CSE,22,74,4.6,55,90,61,5
Student_1633,Female,ME,19,80,2.1,75,69,70,0
Student_1634,Male,CE,21,95,1.5,62,53,49,4
Student_1635,Male,ECE,21,78,1.4,45,97,55,5
Student_1636,Male,ECE,19,72,2.8,82,41,46,5
Student_1637,Male,CSE,20,59,4.5,63,61,49,5
Student_1638,Male,ECE,21,58,7.0,77,73,71,2
Student_1639,Male,ME,23,98,7.3,81,64,75,3
Student_1640,Female,CSE,22,62,6.8,45,57,53,3
Student_1641,Female,CE,19,81,3.3,49,57,48,4
Student_1642,Male,CSE,20,98,3.1,61,81,61,5
Student_1643,Male,CSE,19,100,7.9,62,82,87,0
Student_1644,Female,IT,20,94,5.8,44,97,73,3
Student_1645,Male,IT,20,90,3.1,67,43,58,1
Student_1646,Male,CSE,23,50,3.3,98,57,59,3
Student_1647,Male,ECE,22,50,4.0,48,97,71,0
Student_1648,Female,IT,21,86,5.4,78,81,68,5
Student_1649,Male,CE,20,89,7.3,88,100,89,3
Student_1650,Female,ME,21,67,2.4,98,71,61,5
Student_1651,Male,IT,22,85,1.6,83,72,67,2
Student_1652,Female,CSE,21,80,3.8,67,35,57,0
Student_1653,Female,ECE,23,50,2.7,64,82,61,2
Student_1654,Male,ME,23,96,5.0,82,69,75,2
Student_1655,Female,IT,18,85,5.9,77,87,74,4
Student_1656,Male,ECE,23,58,3.2,66,59,46,5
Student_1657,Female,ECE,20,71,5.8,63,76,60,5
Student_1658,Male,ECE,22,77,3.4,96,57,58,5
Student_1659,Male,CSE,23,75,5.4,82,43,52,5
Student_1660,Female,CE,19,59,5.4,82,61,71,0
Student_1661,Male,ECE,22,96,2.9,85,85,78,2
Student_1662,Male,ME,20,52,5.5,55,91,62,4
Student_1663,Female,IT,22,51,3.7,41,70,45,4
Student_1664,Male,ME,23,86,3.4,41,68,57,2
Student_1665,Male,CSE,19,80,3.0,44,47,48,2
Student_1666,Female,CSE,18,82,3.4,85,89,81,1
Student_1667,Female,ME,20,81,6.5,60,80,79,0
Student_1668,Male,CE,20,92,2.7,99,86,75,4
Student_1669,Male,CSE,22,61,5.8,49,62,63,0
Student_1670,Female,CSE,21,52,7.3,81,64,59,5
Student_1671,Female,ME,21,97,3.5,57,79,63,4
Student_1672,Male,CSE,19,75,1.2,65,72,56,3
Student_1673,Female,CE,18,63,1.2,59,54,45,3
Student_1674,Male,CE,18,61,2.0,80,81,60,4
Student_1675,Male,CE,22,75,1.8,75,93,75,1
Student_1676,Male,IT,22,65,6.2,88,48,62,3
Student_1677,Male,CE,21,57,3.1,60,76,51,5
Student_1678,Male,CE,23,98,5.6,41,95,66,5
Student_1679,Female,IT,18,98,1.3,85,93,84,0
Student_1680,Female,ECE,23,77,3.1,93,42,60,2
Student_1681,Female,CSE,18,56,2.6,72,91,74,0
Student_1682,Female,CE,23,64,2.9,62,56,44,5
Student_1683,Male,CSE,23,90,2.3,78,55,68,0
Student_1684,Male,ME,18,85,5.3,70,62,58,5
Student_1685,Male,CSE,19,57,5.6,43,83,68,0
Student_1686,Male,IT,19,59,2.0,80,57,47,5
Student_1687,Female,CSE,22,64,6.2,42,88,61,4
Student_1688,Male,CSE,23,67,2.8,76,57,52,4
Student_1689,Male,CSE,23,95,3.0,92,80,84,0
Student_1690,Female,ECE,23,86,6.8,95,62,78,2
Student_1691,Female,ECE,23,90,7.3,49,84,77,1
Student_1692,Female,ME,23,94,6.8,81,97,80,5
Student_1693,Female,IT,21,100,2.0,71,44,59,1
Student_1694,Male,CSE,20,92,8.0,75,71,76,3
Student_1695,Male,CSE,23,93,5.7,88,47,66,3
Student_1696,Female,CSE,21,84,4.6,66,64,65,2
Student_1697,Male,CSE,19,51,7.7,92,45,71,0
Student_1698,Male,ECE,23,71,6.7,88,35,53,5
Student_1699,Male,ME,19,64,5.8,58,52,50,4
Student_1700,Female,CE,22,86,6.9,77,45,63,3
Student_1701,Male,IT,20,88,3.7,40,44,54,0
Student_1702,Female,CSE,18,85,5.8,65,82,77,1
Student_1703,Male,ME,20,54,2.3,85,95,72,2
Student_1704,Male,CE,23,97,7.9,52,44,56,4
Student_1705,Male,ME,23,64,5.1,74,94,70,4
Student_1706,Female,ECE,20,76,6.7,94,56,70,3
Student_1707,Male,CE,20,65,3.9,41,43,50,0
Student_1708,Female,ME,22,85,6.3,61,49,55,4
Student_1709,Female,ECE,19,87,3.7,78,71,73,1
Student_1710,Female,ME,18,67,5.1,67,78,71,1
Student_1711,Male,ME,20,84,6.4,83,37,63,2
Student_1712,Male,CE,18,74,1.8,41,44,42,2
Student_1713,Male,ECE,20,71,3.5,50,38,48,1
Student_1714,Male,CSE,19,80,4.8,87,90,84,1
Student_1715,Female,IT,18,86,3.3,98,74,82,0
Student_1716,Female,CE,21,83,3.2,76,67,60,4
Student_1717,Female,ECE,19,72,3.0,65,67,66,0
Student_1718,Male,ME,18,65,2.6,67,94,69,2
Student_1719,Female,ECE,20,55,6.9,65,55,60,2
Student_1720,Male,IT,20,64,7.5,56,79,70,2
Student_1721,Female,IT,19,67,5.9,42,91,62,4
Student_1722,Male,CSE,19,87,1.2,53,74,56,3
Student_1723,Male,CSE,20,62,6.5,55,98,75,2
Student_1724,Female,IT,18,73,4.7,88,44,62,2
Student_1725,Female,CE,21,62,6.3,99,100,94,0
Student_1726,Female,CE,22,50,4.1,90,99,84,0
Student_1727,Female,ME,19,97,1.3,75,64,61,3
Student_1728,Male,CSE,20,85,5.8,67,69,61,5
Student_1729,Female,ME,18,98,4.1,67,87,73,3
Student_1730,Female,CSE,19,67,7.1,92,73,75,3
Student_1731,Female,IT,18,97,6.2,91,56,72,3
Student_1732,Male,CE,19,82,3.5,91,51,71,0
Student_1733,Male,CE,20,87,6.1,64,53,64,2
Student_1734,Female,IT,18,92,4.5,96,94,93,0
Student_1735,Male,ME,20,55,2.4,48,85,61,1
Student_1736,Female,ME,18,66,3.9,50,82,65,1
Student_1737,Male,ECE,19,53,2.6,76,91,60,5
Student_1738,Male,CSE,22,63,1.0,82,44,50,2
Student_1739,Male,ME,22,79,2.7,84,66,63,3
Student_1740,Male,IT,21,95,2.5,60,62,60,2
Student_1741,Female,ME,21,69,1.0,41,38,40,1
Student_1742,Female,CE,23,57,6.5,93,95,75,5
Student_1743,Female,CSE,20,51,1.5,73,46,47,2
Student_1744,Male,ECE,18,86,4.1,81,49,60,3
Student_1745,Female,CSE,21,53,3.9,52,63,44,5
Student_1746,Female,CE,19,59,2.3,44,47,33,5
Student_1747,Female,CE,22,69,7.8,50,72,73,0
Student_1748,Male,CE,18,84,5.2,68,92,75,3
Student_1749,Male,CE,23,97,6.7,86,69,86,0
Student_1750,Male,IT,22,59,4.5,67,74,67,1
Student_1751,Female,ECE,18,77,6.1,67,39,51,4
Student_1752,Female,CE,21,64,7.8,44,36,50,2
Student_1753,Female,CE,21,85,3.4,59,64,55,4
Student_1754,Male,ME,20,50,4.5,76,44,50,3
Student_1755,Male,ECE,23,71,4.6,78,72,75,0
Student_1756,Female,CSE,18,76,7.9,49,93,73,3
Student_1757,Male,ECE,23,78,2.6,71,69,60,3
Student_1758,Male,ECE,19,64,5.7,68,46,59,1
Student_1759,Male,ECE,23,59,2.0,41,76,49,3
Student_1760,Male,CE,21,69,7.5,40,83,68,2
Student_1761,Female,CE,20,71,5.1,59,67,65,1
Student_1762,Male,IT,21,99,7.0,94,47,68,4
Student_1763,Male,CSE,22,97,7.3,40,54,58,3
Student_1764,Male,ME,21,58,4.9,43,67,49,4
Student_1765,Male,ECE,18,100,5.8,54,68,69,2
Student_1766,Female,CSE,20,81,5.9,86,84,81,2
Student_1767,Female,CSE,18,66,4.2,69,84,69,2
Student_1768,Male,IT,19,91,4.0,45,43,44,4
Student_1769,Male,ME,19,68,2.3,77,41,45,4
Student_1770,Male,ECE,21,89,3.7,40,43,54,0
Student_1771,Male,ME,20,76,7.9,46,60,65,1
Student_1772,Male,IT,23,100,2.9,44,36,38,5
Student_1773,Male,CE,20,86,6.3,93,39,64,3
Student_1774,Female,CSE,20,83,1.4,88,100,82,1
Student_1775,Male,ECE,20,96,4.3,46,44,53,2
Student_1776,Female,CE,21,98,1.4,75,65,61,3
Student_1777,Female,IT,18,59,4.3,42,67,59,0
Student_1778,Male,ME,21,79,1.2,51,40,46,1
Student_1779,Female,CSE,23,70,5.3,98,48,67,2
Student_1780,Female,ECE,18,70,5.1,100,49,64,3
Student_1781,Female,CE,23,83,6.6,54,77,67,3
Student_1782,Female,CE,22,58,5.1,59,54,55,2
Student_1783,Female,CSE,22,83,7.5,80,55,65,4
Student_1784,Female,ME,18,99,6.5,60,98,87,1
Student_1785,Male,IT,21,61,1.9,71,63,53,3
Student_1786,Female,ME,23,96,2.9,51,93,65,4
Student_1787,Female,ME,23,70,1.2,76,98,78,0
Student_1788,Female,ME,19,69,3.7,79,78,67,3
Student_1789,Male,CSE,23,55,4.6,86,68,64,3
Student_1790,Female,CSE,21,99,7.6,46,81,81,0
Student_1791,Male,IT,19,94,4.7,90,43,72,0
Student_1792,Female,ME,21,85,6.5,84,94,77,5
Student_1793,Male,CSE,20,61,2.9,70,64,49,5
Student_1794,Male,IT,23,90,2.1,40,51,45,3
Student_1795,Female,IT,20,80,6.7,99,86,87,2
Student_1796,Female,ME,22,51,2.7,50,93,67,0
Student_1797,Male,ECE,22,65,7.1,84,38,55,4
Student_1798,Female,ME,18,50,2.2,73,74,65,0
Student_1799,Male,ECE,23,53,7.0,58,41,49,3
Student_1800,Male,IT,19,96,6.4,50,72,66,3
Student_1801,Male,CSE,20,50,5.3,72,66,65,1
Student_1802,Male,CE,21,96,7.0,72,90,78,4
Student_1803,Male,IT,23,84,3.3,47,54,56,1
Student_1804,Female,CSE,18,62,2.2,84,98,81,0
Student_1805,Male,IT,21,99,2.1,47,51,55,1
Student_1806,Male,ME,20,94,2.9,73,50,57,3
Student_1807,Female,ECE,23,91,4.1,79,45,62,2
Student_1808,Male,IT,20,80,7.1,66,47,68,0
Student_1809,Female,CSE,23,69,1.6,68,52,49,3
Student_1810,Female,ME,23,56,7.4,53,48,61,0
Student_1811,Female,CE,20,89,7.5,73,68,78,1
Student_1812,Male,ME,20,82,6.1,84,60,74,1
Student_1813,Male,ECE,21,77,7.3,98,76,74,5
Student_1814,Male,ME,18,99,6.4,76,95,93,0
Student_1815,Female,CE,20,93,4.7,40,73,54,5
Student_1816,Male,CSE,22,99,5.2,48,36,58,0
Student_1817,Female,IT,18,93,5.4,91,91,90,1
Student_1818,Male,ECE,22,69,1.9,49,84,65,0
Student_1819,Female,CE,21,81,2.4,69,50,46,5
Student_1820,Male,ECE,20,58,4.7,82,96,81,1
Student_1821,Male,ME,18,83,1.8,57,45,40,5
Student_1822,Male,ECE,20,63,7.8,56,97,83,0
Student_1823,Female,CE,23,53,4.5,45,64,52,2
Student_1824,Female,IT,20,78,3.7,50,88,73,0
Student_1825,Male,IT,18,64,2.1,63,61,60,0
Student_1826,Male,ECE,20,66,3.9,75,98,73,3
Student_1827,Female,CSE,20,68,3.1,72,43,52,2
Student_1828,Female,ECE,19,87,1.6,72,36,53,1
Student_1829,Female,ME,19,58,7.8,93,83,85,1
Student_1830,Male,IT,18,76,2.9,57,82,58,4
Student_1831,Female,IT,18,98,5.8,44,89,74,2
Student_1832,Male,IT,23,64,1.6,70,65,57,2
Student_1833,Female,CSE,23,86,7.4,55,60,72,0
Student_1834,Male,CSE,20,77,5.1,41,100,68,3
Student_1835,Female,CE,22,99,5.6,48,64,68,1
Student_1836,Female,ECE,18,53,6.5,41,35,46,1
Student_1837,Female,ECE,20,70,5.2,76,56,60,3
Student_1838,Female,ME,22,83,1.5,59,88,57,5
Student_1839,Female,IT,19,68,4.0,98,48,61,3
Student_1840,Male,CSE,23,86,2.8,56,48,43,5
Student_1841,Female,ME,18,53,4.4,97,53,54,5
Student_1842,Female,ME,20,86,3.8,64,60,62,2
Student_1843,Female,CSE,19,100,6.8,58,93,73,5
Student_1844,Male,ECE,21,81,2.7,81,56,59,3
Student_1845,Female,IT,19,94,2.4,47,40,44,3
Student_1846,Male,ECE,20,97,7.7,91,97,100,0
Student_1847,Female,ME,23,61,7.6,50,88,71,2
Student_1848,Female,IT,22,90,8.0,52,53,55,5
Student_1849,Male,CE,21,65,5.0,52,44,44,4
Student_1850,Female,ME,21,63,1.8,48,71,47,4
Student_1851,Male,ECE,23,50,7.2,44,51,55,1
Student_1852,Male,ECE,21,81,2.0,57,89,63,3
Student_1853,Female,ECE,18,70,2.1,79,39,57,0
Student_1854,Male,CSE,20,53,2.4,100,55,58,3
Student_1855,Female,ME,21,58,5.6,91,73,76,1
Student_1856,Female,IT,19,100,1.8,53,54,52,3
Student_1857,Male,ECE,22,95,6.4,73,49,61,4
Student_1858,Male,ECE,20,71,1.4,61,87,64,2
Student_1859,Male,CSE,23,61,1.8,87,67,59,3
Student_1860,Male,IT,19,79,4.0,72,78,61,5
Student_1861,Female,ME,18,79,3.7,63,100,70,4
Student_1862,Female,CE,21,81,7.9,96,84,82,4
Student_1863,Male,CSE,19,85,7.8,94,66,84,1
Student_1864,Female,ME,20,56,2.3,68,89,65,2
Student_1865,Female,CE,19,66,7.6,52,62,65,1
Student_1866,Female,ECE,18,50,5.8,96,37,65,0
Student_1867,Female,ECE,22,63,3.9,89,87,66,5
Student_1868,Male,IT,21,96,6.2,66,76,75,2
Student_1869,Male,CE,20,93,7.3,40,36,59,0
Student_1870,Female,ECE,21,93,2.3,46,56,53,2
Student_1871,Male,ECE,21,87,2.4,43,59,46,4
Student_1872,Male,IT,23,75,3.9,49,66,63,0
Student_1873,Male,ME,21,76,2.2,79,41,53,2
Student_1874,Female,ECE,19,94,3.5,74,96,80,2
Student_1875,Female,CSE,19,65,5.5,94,65,78,0
Student_1876,Female,CSE,22,95,6.7,78,97,88,2
Student_1877,Male,ME,18,56,3.1,98,71,72,1
Student_1878,Female,CE,20,81,3.0,97,43,65,1
Student_1879,Female,IT,19,74,6.5,96,80,88,0
Student_1880,Male,CSE,21,80,3.7,55,68,55,4
Student_1881,Female,CSE,18,65,6.7,66,94,74,3
Student_1882,Female,ME,20,90,8.0,59,47,70,0
Student_1883,Male,CE,20,63,7.9,49,70,56,5
Student_1884,Male,CE,20,74,5.6,84,82,84,0
Student_1885,Male,ME,20,79,3.6,72,40,60,0
Student_1886,Female,CSE,22,56,1.5,46,39,28,5
Student_1887,Female,IT,20,61,6.2,81,99,73,5
Student_1888,Female,CSE,18,52,7.8,83,84,69,5
Student_1889,Male,CE,19,76,1.5,85,58,66,0
Student_1890,Male,CSE,18,95,1.0,61,41,52,1
Student_1891,Female,IT,21,68,6.8,82,92,88,0
Student_1892,Female,ECE,23,92,1.7,56,55,48,4
Student_1893,Male,CSE,22,86,1.6,48,67,52,3
Student_1894,Male,ME,22,94,7.4,97,78,84,3
Student_1895,Male,ECE,21,91,1.6,79,59,56,4
Student_1896,Male,ME,18,56,1.8,49,49,49,0
Student_1897,Female,ME,18,98,5.0,75,63,68,3
Student_1898,Male,ME,21,65,6.3,70,86,78,1
Student_1899,Female,CSE,23,81,3.8,70,51,56,3
Student_1900,Female,CE,20,57,3.9,44,70,45,5
Student_1901,Female,ECE,20,98,5.4,95,69,74,4
Student_1902,Male,IT,19,62,4.5,57,74,59,3
Student_1903,Male,CE,18,60,1.1,45,57,38,4
Student_1904,Male,CSE,18,69,1.8,81,68,68,0
Student_1905,Male,ME,21,67,5.1,89,92,78,3
Student_1906,Female,IT,21,86,6.6,67,95,76,4
Student_1907,Male,ECE,20,55,6.3,82,62,70,1
Student_1908,Male,CE,18,69,6.2,63,94,79,1
Student_1909,Female,CE,18,81,6.4,44,66,62,2
Student_1910,Male,IT,22,95,1.3,67,92,69,3
Student_1911,Female,CSE,19,93,7.3,97,78,93,0
Student_1912,Female,ECE,19,78,7.2,42,68,54,5
Student_1913,Female,IT,20,53,4.7,57,55,53,2
Student_1914,Female,ME,23,56,2.7,43,35,34,3
Student_1915,Female,ECE,18,92,5.1,79,89,84,1
Student_1916,Female,CE,22,69,4.9,88,83,83,0
Student_1917,Female,IT,18,83,2.6,81,55,65,1
Student_1918,Female,CE,21,85,5.2,71,89,75,3
Student_1919,Male,CE,20,56,6.6,71,61,55,5
Student_1920,Male,CE,23,82,6.6,58,54,68,0
Student_1921,Male,CSE,19,64,1.4,68,50,56,0
Student_1922,Male,CE,18,81,2.4,72,82,69,2
Student_1923,Female,ME,23,71,5.7,41,66,64,0
Student_1924,Male,ME,20,89,7.0,97,66,78,3
Student_1925,Female,ECE,19,78,4.6,50,87,59,5
Student_1926,Male,CE,18,74,6.0,86,87,72,5
Student_1927,Male,CE,22,54,1.1,94,36,43,4
Student_1928,Male,IT,20,63,5.3,72,91,69,4
Student_1929,Female,CSE,18,99,7.7,80,56,81,0
Student_1930,Male,ECE,19,84,5.6,79,86,74,4
Student_1931,Female,CE,19,51,7.5,40,92,59,5
Student_1932,Female,IT,22,74,5.0,81,68,67,3
Student_1933,Male,CSE,20,65,6.9,56,51,58,2
Student_1934,Male,ECE,20,95,1.9,89,57,69,1
Student_1935,Male,ECE,23,65,1.9,55,67,57,1
Student_1936,Female,CE,18,60,1.8,41,63,44,3
Student_1937,Male,ECE,23,98,4.4,93,53,71,2
Student_1938,Female,IT,19,84,3.3,88,71,69,3
Student_1939,Female,ECE,19,72,6.0,43,60,63,0
Student_1940,Male,ME,22,54,7.3,71,58,63,2
Student_1941,Male,IT,22,84,5.3,46,88,61,5
Student_1942,Female,CSE,20,78,2.5,68,55,51,4
Student_1943,Female,CSE,23,96,7.5,100,44,81,0
Student_1944,Female,CE,19,54,4.7,99,76,68,4
Student_1945,Male,CE,18,52,6.0,48,63,62,0
Student_1946,Female,ME,21,55,7.2,97,91,90,0
Student_1947,Male,CSE,18,72,7.9,74,69,80,0
Student_1948,Female,CSE,22,95,4.5,91,62,80,0
Student_1949,Female,CSE,18,51,6.7,92,46,63,2
Student_1950,Male,CSE,19,67,5.0,44,92,67,2
Student_1951,Female,ECE,23,79,4.4,89,78,82,0
Student_1952,Male,IT,20,87,4.8,100,41,64,3
Student_1953,Male,IT,23,54,4.4,60,50,57,0
Student_1954,Female,ME,21,95,3.9,97,69,83,0
Student_1955,Male,ECE,20,98,6.1,56,41,56,3
Student_1956,Male,CSE,21,60,2.7,78,48,51,3
Student_1957,Female,CSE,21,50,5.3,53,93,73,0
Student_1958,Male,CE,19,59,6.0,71,96,80,1
Student_1959,Male,CE,19,90,7.2,54,100,85,1
Student_1960,Male,ME,22,93,3.3,60,56,56,3
Student_1961,Female,CSE,22,75,7.0,93,50,76,0
Student_1962,Male,ME,21,82,7.6,53,77,63,5
Student_1963,Female,ECE,23,76,5.5,80,54,59,4
Student_1964,Female,IT,22,99,6.4,55,44,54,4
Student_1965,Male,CSE,19,61,3.8,90,53,68,0
Student_1966,Male,ECE,22,51,7.7,40,46,56,0
Student_1967,Male,CSE,21,50,5.7,79,44,62,0
Student_1968,Female,CE,20,50,3.2,57,90,57,4
Student_1969,Male,ME,23,82,3.8,73,45,51,4
Student_1970,Male,CE,23,71,5.3,65,95,73,3
Student_1971,Male,IT,18,61,2.6,100,72,70,2
Student_1972,Male,CE,22,88,6.3,75,51,64,3
Student_1973,Male,CSE,23,85,2.6,60,88,66,3
Student_1974,Female,CE,19,70,5.1,40,79,64,1
Student_1975,Female,CSE,20,69,5.9,66,59,54,5
Student_1976,Male,IT,19,85,7.0,90,65,75,3
Student_1977,Male,CE,22,75,6.1,50,99,72,3
Student_1978,Male,ME,21,96,6.6,95,73,81,3
Student_1979,Male,ME,18,80,7.4,77,54,66,3
Student_1980,Female,ME,18,50,5.2,90,77,72,2
Student_1981,Male,CE,20,87,6.9,53,100,84,1
Student_1982,Female,CE,23,63,2.6,67,35,39,4
Student_1983,Female,CE,23,75,6.7,94,89,77,5
Student_1984,Male,CSE,23,95,2.6,66,85,78,0
Student_1985,Female,IT,18,91,7.5,61,39,55,4
Student_1986,Female,ME,21,56,3.3,60,46,51,1
Student_1987,Female,CSE,23,61,2.2,95,48,55,3
Student_1988,Female,ME,19,73,2.0,63,94,63,4
Student_1989,Male,CSE,23,68,2.3,58,74,56,3
Student_1990,Male,CE,21,58,4.1,63,43,40,5
Student_1991,Female,ME,20,84,4.7,65,76,70,2
Student_1992,Male,CE,20,53,7.4,64,76,69,2
Student_1993,Male,ME,18,94,3.7,84,67,63,5
Student_1994,Male,ECE,21,91,2.5,83,59,56,5
Student_1995,Male,CSE,19,81,6.2,68,43,63,1
Student_1996,Male,ECE,21,95,1.9,49,78,53,5
Student_1997,Female,CSE,19,55,7.2,90,92,77,4
Student_1998,Male,IT,19,77,3.9,50,59,55,2
Student_1999,Male,ME,21,77,5.3,63,66,56,5
Student_2000,Male,IT,22,89,2.3,63,56,60,1
Student_2001,Male,IT,21,100,2.0,51,89,71,1
Student_2002,Female,CSE,19,78,6.6,46,95,77,1
Student_2003,Female,ECE,23,91,4.0,79,91,74,4
Student_2004,Female,CE,20,54,7.9,56,95,66,5
Student_2005,Female,CSE,20,54,4.7,74,36,44,4
Student_2006,Male,CE,18,86,6.9,45,91,77,1
Student_2007,Female,IT,20,90,7.9,51,67,75,0
Student_2008,Male,CE,22,77,3.0,54,97,61,5
Student_2009,Male,ECE,19,90,6.6,71,50,57,5
Student_2010,Male,CSE,21,96,1.2,62,35,42,4
Student_2011,Male,ECE,21,58,5.8,46,98,64,4
Student_2012,Male,ECE,22,78,6.2,98,51,77,0
Student_2013,Female,CSE,20,63,4.3,77,74,61,4
Student_2014,Female,ECE,19,87,2.1,70,35,44,4
Student_2015,Female,ME,20,89,5.3,68,47,52,5
Student_2016,Female,ME,18,83,7.3,83,52,70,2
Student_2017,Male,ME,20,86,7.5,67,48,71,0
Student_2018,Female,CE,18,98,6.2,51,39,56,2
Student_2019,Male,ECE,21,91,2.8,66,96,67,5
Student_2020,Female,CSE,19,63,7.1,43,67,66,0
Student_2021,Male,CSE,23,67,7.2,60,60,69,0
Student_2022,Male,CE,18,82,3.6,48,95,76,0
Student_2023,Female,CSE,20,83,2.3,88,64,61,4
Student_2024,Male,ME,20,77,7.1,73,96,86,1
Student_2025,Male,ECE,21,85,7.2,76,96,83,3
Student_2026,Female,CSE,22,94,1.7,60,91,73,1
Student_2027,Male,CSE,23,97,7.8,99,70,80,4
Student_2028,Female,IT,22,86,4.7,62,41,49,4
Student_2029,Female,IT,20,72,8.0,63,99,79,3
Student_2030,Female,IT,22,91,4.1,49,75,59,4
Student_2031,Male,ECE,23,66,4.7,77,66,72,0
Student_2032,Male,ME,23,60,2.9,45,48,44,2
Student_2033,Male,ME,19,81,7.3,60,67,69,2
Student_2034,Female,ME,22,86,4.1,76,64,73,0
Student_2035,Male,ECE,19,64,6.7,68,40,59,1
Student_2036,Female,ECE,20,53,1.6,98,44,54,2
Student_2037,Female,IT,20,88,6.5,79,54,75,0
Student_2038,Male,CSE,20,79,4.4,60,46,58,1
Student_2039,Female,CE,21,59,1.0,61,56,39,5
Student_2040,Male,CE,22,72,2.6,74,48,55,2
Student_2041,Male,CSE,18,73,2.4,85,82,77,0
Student_2042,Male,IT,23,85,6.3,44,88,72,2
Student_2043,Male,CSE,18,54,4.3,54,70,57,2
Student_2044,Male,CSE,20,86,2.1,80,95,77,2
Student_2045,Female,CE,22,92,2.8,86,89,76,3
Student_2046,Female,IT,19,68,4.5,58,48,56,1
Student_2047,Female,ECE,18,86,1.1,55,36,44,2
Student_2048,Male,CE,20,57,4.0,79,36,57,0
Student_2049,Male,ECE,18,56,5.7,86,95,77,3
Student_2050,Male,IT,18,89,4.6,82,40,55,4
Student_2051,Female,CSE,23,62,5.2,62,59,53,4
Student_2052,Male,ME,18,86,3.3,43,57,56,1
Student_2053,Female,ME,20,76,2.3,60,62,62,0
Student_2054,Female,IT,23,67,6.7,63,59,60,3
Student_2055,Male,ME,20,73,7.3,81,99,93,0
Student_2056,Male,ECE,21,90,4.6,94,100,86,3
Student_2057,Female,ME,21,51,3.1,65,77,51,5
Student_2058,Male,IT,21,65,4.6,81,74,61,5
Student_2059,Female,IT,18,63,7.2,41,57,47,5
Student_2060,Male,ECE,22,66,5.8,79,83,72,3
Student_2061,Male,ME,20,55,7.0,47,42,43,4
Student_2062,Female,ME,21,84,3.3,48,41,39,5
Student_2063,Male,CSE,22,66,6.0,41,55,56,1
Student_2064,Female,CE,21,94,5.6,53,69,70,1
Student_2065,Male,IT,21,87,5.0,59,95,83,0
Student_2066,Female,CSE,22,89,4.7,41,64,56,3
Student_2067,Female,IT,21,55,4.9,43,43,35,5
Student_2068,Male,CSE,18,97,6.9,74,51,66,3
Student_2069,Female,CE,18,87,7.4,94,77,85,2
Student_2070,Male,CSE,23,98,1.8,53,91,72,1
Student_2071,Male,IT,18,70,5.0,60,47,51,3
Student_2072,Male,ME,19,84,7.4,87,91,94,0
Student_2073,Female,IT,23,72,1.9,54,60,43,5
Student_2074,Female,ECE,21,61,3.9,78,95,69,4
Student_2075,Male,ECE,19,78,1.6,89,96,68,5
Student_2076,Male,ECE,20,76,1.8,59,53,45,4
Student_2077,Female,ECE,22,55,7.3,45,64,61,1
Student_2078,Male,CE,20,70,4.1,67,47,46,5
Student_2079,Male,ME,19,56,5.8,92,83,80,1
Student_2080,Female,ME,18,92,2.0,87,85,76,2
Student_2081,Male,IT,21,90,1.2,82,43,59,1
Student_2082,Female,CSE,23,65,7.2,41,63,55,3
Student_2083,Male,IT,21,54,5.0,67,42,48,3
Student_2084,Female,IT,18,64,1.1,94,49,53,3
Student_2085,Male,IT,21,70,7.9,73,68,69,3
Student_2086,Male,IT,22,53,4.4,53,86,63,2
Student_2087,Female,ME,22,54,4.3,48,84,64,1
Student_2088,Male,CSE,22,56,5.3,62,39,53,1
Student_2089,Female,IT,20,84,1.1,83,43,58,1
Student_2090,Male,ME,18,85,5.0,74,39,58,2
Student_2091,Female,IT,22,64,5.4,61,61,60,2
Student_2092,Female,ECE,19,77,3.1,44,81,58,3
Student_2093,Female,IT,22,51,6.1,99,96,75,5
Student_2094,Female,IT,23,54,3.6,80,79,67,2
Student_2095,Male,CE,20,56,6.0,68,100,77,2
Student_2096,Male,ECE,19,71,2.0,74,57,63,0
Student_2097,Female,CSE,18,98,7.4,89,95,90,3
Student_2098,Female,IT,18,80,7.2,73,77,74,3
Student_2099,Female,CSE,23,81,2.1,43,69,60,0
Student_2100,Male,ECE,22,57,7.6,84,64,74,1
Student_2101,Male,IT,19,90,4.9,88,44,56,5
Student_2102,Male,CE,23,91,5.9,48,90,80,0
Student_2103,Male,ME,19,60,6.9,90,68,80,0
Student_2104,Female,CE,22,50,1.6,53,99,53,5
Student_2105,Female,CE,22,96,2.2,84,40,49,5
Student_2106,Female,ME,21,89,3.0,44,77,67,0
Student_2107,Male,ME,21,68,4.3,89,50,62,2
Student_2108,Male,ME,22,93,3.4,95,97,92,0
Student_2109,Male,IT,20,87,4.5,86,99,79,4
Student_2110,Female,CSE,23,91,2.3,66,39,58,0
Student_2111,Female,CSE,21,86,5.8,50,59,64,1
Student_2112,Male,ME,22,56,1.4,69,61,56,1
Student_2113,Female,CE,19,88,3.5,90,76,67,5
Student_2114,Male,ECE,23,74,2.3,76,89,74,1
Student_2115,Male,ME,21,71,6.1,78,60,73,0
Student_2116,Female,CE,20,76,7.2,73,50,62,3
Student_2117,Male,CE,23,90,1.6,90,62,70,1
Student_2118,Female,IT,23,96,6.5,63,64,76,0
Student_2119,Male,IT,18,87,7.3,55,79,77,1
Student_2120,Female,CSE,19,97,7.8,97,53,79,2
Student_2121,Female,CSE,20,88,5.1,69,47,61,2
Student_2122,Female,ECE,20,64,3.3,63,57,61,0
Student_2123,Male,ECE,20,51,3.3,42,48,45,1
Student_2124,Male,ECE,19,57,3.7,68,57,59,1
Student_2125,Female,ECE,20,93,5.3,81,74,71,4
Student_2126,Female,CE,18,92,4.4,51,98,66,5
Student_2127,Male,CE,21,55,5.6,94,93,72,5
Student_2128,Male,CSE,19,69,1.3,66,54,54,1
Student_2129,Male,IT,20,76,1.7,68,66,56,3
Student_2130,Female,IT,22,94,7.8,41,58,63,2
Student_2131,Male,ME,21,72,8.0,96,80,88,1
Student_2132,Male,CE,23,97,6.2,100,52,73,3
Student_2133,Female,ECE,19,89,2.8,68,82,61,5
Student_2134,Male,ECE,22,66,7.7,79,48,71,0
Student_2135,Male,ME,23,62,2.5,96,88,75,2
Student_2136,Male,IT,22,53,6.1,48,55,59,0
Student_2137,Female,ECE,20,69,1.8,94,39,46,5
Student_2138,Female,IT,19,91,5.5,91,65,67,5
Student_2139,Female,ME,20,74,6.3,83,93,86,1
Student_2140,Female,IT,23,71,7.0,67,78,79,0
Student_2141,Female,IT,18,97,6.1,76,98,78,5
Student_2142,Female,IT,22,66,7.5,62,76,71,2
Student_2143,Female,ECE,18,89,4.6,52,72,71,0
Student_2144,Male,CSE,23,60,5.7,44,41,53,0
Student_2145,Male,CE,20,74,3.6,71,93,80,0
Student_2146,Female,IT,21,54,1.1,67,83,57,3
Student_2147,Male,IT,22,70,6.3,97,45,64,3
Student_2148,Male,IT,21,75,7.1,54,36,56,1
Student_2149,Female,CSE,19,65,2.2,63,61,60,0
Student_2150,Male,ME,22,89,1.2,71,50,52,3
Student_2151,Male,ECE,18,70,2.2,60,98,69,2
Student_2152,Male,CSE,21,97,7.3,44,100,81,2
Student_2153,Male,IT,23,81,3.1,76,83,63,5
Student_2154,Male,CSE,19,53,2.6,75,50,58,0
Student_2155,Female,CSE,22,87,1.1,98,86,80,1
Student_2156,Female,CSE,23,57,3.1,67,39,38,5
Student_2157,Female,ME,19,58,6.0,71,70,63,3
Student_2158,Male,CE,18,94,7.7,98,41,65,5
Student_2159,Female,ECE,23,66,3.2,99,95,78,3
Student_2160,Male,ME,22,90,2.7,62,63,58,3
Student_2161,Male,ME,19,62,7.2,55,64,53,5
Student_2162,Male,CE,20,58,7.0,89,74,78,1
Student_2163,Male,ME,22,55,3.3,49,65,46,4
Student_2164,Female,CSE,22,76,1.5,68,82,62,3
Student_2165,Female,CSE,22,91,7.9,91,40,77,0
Student_2166,Male,IT,22,86,5.8,66,96,78,3
Student_2167,Female,ME,20,88,7.5,74,63,71,3
Student_2168,Male,IT,23,92,3.4,81,43,54,4
Student_2169,Female,ECE,23,73,5.5,84,88,71,5
Student_2170,Female,CSE,23,58,5.7,63,45,59,0
Student_2171,Male,ECE,18,91,7.1,62,53,72,0
Student_2172,Female,CE,20,60,8.0,42,39,56,0
Student_2173,Male,CSE,20,84,1.8,75,52,54,3
Student_2174,Female,ECE,19,78,5.4,84,55,64,3
Student_2175,Male,CE,21,57,3.4,53,49,47,2
Student_2176,Male,ECE,23,66,6.7,43,93,64,4
Student_2177,Female,CE,21,56,6.3,83,40,49,5
Student_2178,Female,CE,19,61,7.2,87,58,75,0
Student_2179,Male,CSE,20,97,3.4,81,94,88,0
Student_2180,Female,IT,19,64,2.3,94,62,64,2
Student_2181,Female,CE,22,78,1.2,71,57,53,3
Student_2182,Male,CE,19,94,2.8,95,80,78,2
Student_2183,Male,CSE,19,99,3.6,59,71,67,2
Student_2184,Female,IT,22,99,7.6,95,48,73,3
Student_2185,Male,ME,21,73,4.4,56,82,70,1
Student_2186,Male,ME,22,86,4.9,68,70,60,5
Student_2187,Male,IT,18,63,7.2,96,94,81,4
Student_2188,Female,ECE,19,60,7.2,78,88,82,1
Student_2189,Female,CSE,19,84,4.7,71,97,83,1
Student_2190,Male,IT,21,66,1.8,43,82,50,4
Student_2191,Female,ME,20,76,2.9,63,56,59,1
Student_2192,Male,CE,22,93,4.2,83,77,73,3
Student_2193,Female,ME,20,52,6.3,81,75,74,1
Student_2194,Male,CE,18,51,6.0,41,51,51,1
Student_2195,Male,CSE,22,53,5.5,53,97,61,5
Student_2196,Female,CE,18,67,7.2,79,52,69,1
Student_2197,Male,IT,18,69,6.6,81,37,57,3
Student_2198,Female,CE,18,70,7.9,77,88,82,2
Student_2199,Female,ECE,23,63,7.2,94,48,74,0
Student_2200,Male,IT,22,57,2.4,94,68,59,4
Student_2201,Male,CSE,22,51,1.4,73,35,36,4
Student_2202,Female,IT,23,75,3.9,85,82,72,3
Student_2203,Male,ECE,21,68,5.3,82,44,66,0
Student_2204,Male,CSE,23,91,5.5,41,45,56,1
Student_2205,Male,ME,19,77,2.9,75,100,68,5
Student_2206,Male,ECE,20,78,7.0,45,37,45,4
Student_2207,Male,CSE,20,54,3.3,75,49,56,1
Student_2208,Female,CE,18,92,7.4,61,93,73,5
Student_2209,Female,IT,22,77,4.3,44,98,67,3
Student_2210,Male,CSE,22,90,1.1,77,81,60,5
Student_2211,Male,IT,18,97,2.1,80,36,53,3
Student_2212,Male,CE,19,75,1.7,93,64,56,5
Student_2213,Female,CSE,20,54,1.3,61,72,51,3
Student_2214,Male,ME,23,64,6.0,87,39,60,2
Student_2215,Female,ECE,21,95,2.3,50,40,45,3
Student_2216,Female,CSE,19,58,6.9,82,39,62,1
Student_2217,Female,CE,22,81,2.9,95,46,62,2
Student_2218,Male,CSE,18,75,1.2,70,38,50,1
Student_2219,Female,IT,20,86,6.7,92,58,66,5
Student_2220,Male,CSE,18,64,4.3,92,59,63,3
Student_2221,Female,ME,22,90,5.2,81,60,70,2
Student_2222,Male,CSE,18,53,3.4,68,89,58,5
Student_2223,Female,ECE,23,85,1.3,98,80,81,0
Student_2224,Male,CSE,20,69,3.6,72,80,65,3
Student_2225,Female,IT,18,76,4.6,61,77,67,2
Student_2226,Male,CSE,20,70,1.1,88,94,65,5
Student_2227,Male,ME,18,71,5.0,66,67,64,2
Student_2228,Male,CE,18,56,7.3,47,55,55,2
Student_2229,Male,CSE,20,96,2.5,97,71,69,4
Student_2230,Female,CSE,23,80,7.5,87,46,69,2
Student_2231,Female,ECE,18,66,1.7,96,55,67,0
Student_2232,Male,ME,23,99,6.8,45,47,56,3
Student_2233,Female,CE,19,56,6.9,85,67,68,3
Student_2234,Male,IT,21,68,2.8,64,95,67,3
Student_2235,Male,CSE,19,77,7.7,73,64,72,2
Student_2236,Female,CE,21,59,3.9,48,71,53,3
Student_2237,Male,IT,19,76,2.0,75,50,61,0
Student_2238,Male,ME,21,62,5.1,70,79,63,4
Student_2239,Female,ME,18,51,8.0,58,35,57,0
Student_2240,Male,CE,20,71,7.3,88,87,78,4
Student_2241,Male,IT,20,69,3.0,40,62,47,3
Student_2242,Male,ME,22,92,5.0,63,87,67,5
Student_2243,Male,CE,21,54,1.8,73,78,64,1
Student_2244,Female,ME,22,55,4.2,56,73,53,4
Student_2245,Female,ME,23,84,4.7,73,44,65,0
Student_2246,Female,ME,23,50,3.2,74,85,72,0
Student_2247,Male,ECE,22,84,4.4,75,48,52,5
Student_2248,Male,IT,21,52,7.4,52,40,53,1
Student_2249,Female,CE,20,85,4.5,98,73,72,4
Student_2250,Male,CE,21,56,6.8,64,82,64,4
Student_2251,Male,IT,23,78,3.2,94,59,73,0
Student_2252,Male,IT,18,64,7.8,51,67,58,4
Student_2253,Male,IT,22,60,1.7,60,99,70,1
Student_2254,Female,IT,22,67,5.1,76,74,64,4
Student_2255,Female,CSE,23,93,6.5,85,59,68,4
Student_2256,Female,CE,21,53,6.7,77,91,80,1
Student_2257,Male,CSE,22,73,2.4,40,66,48,3
Student_2258,Female,ME,20,60,3.8,87,80,65,4
Student_2259,Female,ME,22,55,5.4,45,38,35,5
Student_2260,Male,CE,21,100,3.2,84,57,74,0
Student_2261,Male,ME,23,67,5.6,84,56,66,2
Student_2262,Female,IT,20,64,3.7,50,67,61,0
Student_2263,Female,CSE,20,52,3.5,55,75,48,5
Student_2264,Female,IT,22,66,1.8,61,96,73,0
Student_2265,Female,ME,21,82,1.3,85,72,64,3
Student_2266,Male,CSE,22,83,6.8,50,90,72,3
Student_2267,Female,IT,18,79,4.4,76,97,86,0
Student_2268,Female,CE,23,68,4.9,65,89,66,4
Student_2269,Male,IT,18,58,3.6,96,85,81,0
Student_2270,Female,ME,20,89,2.0,65,99,65,5
Student_2271,Male,CSE,22,93,4.1,81,91,75,4
Student_2272,Male,CE,18,80,2.6,60,61,60,1
Student_2273,Male,CSE,19,76,6.9,96,91,91,1
Student_2274,Female,CE,18,96,7.9,65,89,81,3
Student_2275,Female,CSE,22,74,7.2,54,38,54,2
Student_2276,Male,ME,22,56,4.7,78,99,77,2
Student_2277,Female,CE,23,97,5.4,74,90,73,5
Student_2278,Female,ECE,18,56,7.6,50,87,67,3
Student_2279,Male,CSE,22,69,4.8,48,78,66,1
Student_2280,Male,CSE,22,93,5.5,81,50,64,3
Student_2281,Female,IT,23,98,5.4,62,57,68,1
Student_2282,Male,CE,23,92,6.0,43,65,57,4
Student_2283,Female,ECE,23,85,5.5,69,62,58,5
Student_2284,Female,ME,23,68,5.7,67,84,75,1
Student_2285,Female,IT,19,51,6.1,64,50,58,1
Student_2286,Female,ECE,20,83,6.7,61,75,75,1
Student_2287,Male,CE,22,66,3.8,64,43,51,2
Student_2288,Male,ECE,21,73,6.2,91,36,65,1
Student_2289,Male,CSE,23,58,1.7,65,77,65,0
Student_2290,Male,CSE,20,50,7.1,89,100,78,4
Student_2291,Female,IT,23,91,3.0,68,83,71,2
Student_2292,Female,CE,20,77,3.8,85,55,70,0
Student_2293,Male,CE,21,64,6.6,80,53,65,2
Student_2294,Female,ECE,18,70,5.5,71,91,76,2
Student_2295,Female,IT,19,64,3.2,65,94,76,0
Student_2296,Female,CE,22,72,2.6,67,53,51,3
Student_2297,Male,CSE,18,51,7.7,59,98,67,5
Student_2298,Male,ECE,21,95,1.6,87,69,60,5
Student_2299,Male,ME,19,85,1.0,98,67,60,5
Student_2300,Female,CSE,19,99,5.7,41,82,67,3
Student_2301,Male,IT,19,58,5.3,62,94,75,1
Student_2302,Male,CE,21,51,6.2,78,79,77,0
Student_2303,Male,CSE,23,51,6.1,44,49,52,1
Student_2304,Male,ME,23,67,7.0,60,49,50,5
Student_2305,Male,ME,23,66,7.5,95,57,70,3
Student_2306,Male,IT,18,90,6.4,61,94,86,0
Student_2307,Female,CSE,22,57,2.6,88,48,62,0
Student_2308,Female,ECE,19,83,4.2,50,36,54,0
Student_2309,Male,CSE,19,83,5.5,69,77,76,1
Student_2310,Male,ME,18,54,4.8,67,50,54,2
Student_2311,Female,IT,23,93,2.1,75,62,64,2
Student_2312,Female,IT,19,78,5.1,56,66,54,5
Student_2313,Male,ECE,19,77,7.2,60,36,56,2
Student_2314,Male,IT,21,65,3.9,76,41,60,0
Student_2315,Male,IT,20,63,5.7,75,72,66,3
Student_2316,Male,IT,18,51,5.3,64,82,69,1
Student_2317,Female,IT,18,89,3.6,63,36,55,1
Student_2318,Male,IT,23,53,5.0,69,76,62,3
Student_2319,Male,ME,18,90,2.5,81,76,71,2
Student_2320,Male,CSE,23,80,4.8,74,54,54,5
Student_2321,Male,CE,21,75,6.6,60,40,50,4
Student_2322,Female,IT,21,76,6.3,45,45,50,3
Student_2323,Female,CE,22,100,3.5,60,74,68,2
Student_2324,Female,CE,23,83,1.8,47,70,62,0
Student_2325,Male,ME,21,80,6.6,44,85,67,3
Student_2326,Male,IT,23,97,2.9,79,81,75,2
Student_2327,Female,CE,18,60,1.4,49,51,46,1
Student_2328,Male,IT,22,57,4.1,70,60,52,4
Student_2329,Male,ECE,20,61,6.2,97,87,76,4
Student_2330,Female,ECE,19,84,6.7,69,82,71,4
Student_2331,Female,ECE,19,94,7.9,90,61,80,2
Student_2332,Female,CE,22,83,2.3,60,80,65,2
Student_2333,Female,ECE,23,62,3.1,75,53,62,0
Student_2334,Male,ME,23,76,5.3,100,99,83,4
Student_2335,Male,ME,23,57,6.7,66,70,69,1
Student_2336,Female,CE,20,96,2.6,77,76,62,5
Student_2337,Male,IT,19,70,3.9,74,83,65,4
Student_2338,Female,CSE,22,90,3.9,99,71,74,3
Student_2339,Female,IT,23,60,6.4,71,80,69,3
Student_2340,Male,IT,21,71,2.7,65,90,72,1
Student_2341,Female,IT,18,70,7.8,43,97,75,2
Student_2342,Male,IT,20,77,4.6,66,64,55,5
Student_2343,Male,CSE,23,52,3.0,75,97,65,4
Student_2344,Male,ECE,19,56,3.0,76,60,49,5
Student_2345,Male,IT,18,63,1.1,66,57,48,3
Student_2346,Female,ME,22,64,5.8,86,54,68,1
Student_2347,Male,CE,23,58,6.4,87,80,82,0
Student_2348,Female,CE,19,92,1.2,45,65,51,3
Student_2349,Female,ME,18,56,5.1,57,55,51,3
Student_2350,Female,IT,21,61,6.5,65,85,66,4
Student_2351,Female,CSE,20,68,3.6,83,73,68,2
Student_2352,Male,ECE,22,76,4.0,63,97,71,3
Student_2353,Male,CE,19,67,3.5,91,54,60,3
Student_2354,Female,ECE,21,62,3.2,46,57,43,4
Student_2355,Female,CSE,20,92,4.4,94,76,79,2
Student_2356,Male,CE,20,50,2.2,83,37,39,5
Student_2357,Female,ECE,21,87,4.1,53,61,65,0
Student_2358,Male,CSE,19,70,7.6,52,58,53,5
Student_2359,Female,ECE,20,83,1.2,65,43,55,0
Student_2360,Male,IT,22,62,2.2,82,36,55,0
Student_2361,Female,CSE,18,94,6.4,82,40,72,0
Student_2362,Female,ECE,22,100,1.9,41,55,52,2
Student_2363,Male,IT,23,90,2.9,85,63,74,0
Student_2364,Female,IT,20,100,4.2,86,47,61,4
Student_2365,Female,CSE,18,72,7.6,62,76,66,4
Student_2366,Male,ME,21,50,2.3,67,35,36,4
Student_2367,Female,CE,18,72,7.5,40,54,63,0
Student_2368,Male,CSE,18,77,6.0,71,77,67,4
Student_2369,Male,IT,18,81,5.7,51,35,44,4
Student_2370,Female,IT,20,57,6.1,85,74,75,1
Student_2371,Female,CSE,23,75,1.2,89,41,60,0
Student_2372,Female,ME,23,63,1.7,92,69,59,4
Student_2373,Female,CE,19,73,3.3,95,86,69,5
Student_2374,Female,ECE,23,97,1.5,99,68,73,2
Student_2375,Female,CSE,20,78,7.9,94,84,81,4
Student_2376,Female,CE,19,53,5.1,74,63,65,1
Student_2377,Male,CE,21,67,4.4,100,35,60,2
Student_2378,Female,IT,21,63,6.5,65,92,75,2
Student_2379,Male,ECE,21,76,7.8,70,99,76,5
Student_2380,Female,CSE,21,90,7.7,96,51,67,5
Student_2381,Female,IT,21,96,6.6,51,96,71,5
Student_2382,Male,IT,22,52,3.6,68,76,59,3
Student_2383,Female,ME,20,79,1.5,44,62,53,1
Student_2384,Female,CE,19,85,1.7,74,37,54,1
Student_2385,Male,CSE,21,72,1.0,46,39,33,4
Student_2386,Female,CSE,22,67,1.0,55,100,68,1
Student_2387,Female,CSE,23,95,7.6,71,88,84,2
Student_2388,Female,IT,22,96,7.5,91,72,84,2
Student_2389,Male,ME,22,89,5.7,56,78,65,4
Student_2390,Female,ECE,20,59,6.1,60,91,72,2
Student_2391,Female,IT,21,61,4.6,66,58,52,4
Student_2392,Female,ECE,22,90,2.7,79,93,69,5
Student_2393,Female,ME,22,57,7.4,86,42,59,3
Student_2394,Male,CE,21,81,2.9,99,36,63,1
Student_2395,Male,CSE,20,66,6.2,91,75,79,1
Student_2396,Female,ECE,22,90,2.7,54,90,72,1
Student_2397,Female,IT,19,94,7.1,62,82,75,3
Student_2398,Male,ECE,18,63,5.6,47,56,57,1
Student_2399,Male,CE,23,86,5.5,64,52,53,5
Student_2400,Female,CSE,18,58,1.7,50,75,51,3
Student_2401,Male,ECE,18,75,3.9,96,82,75,3
Student_2402,Female,CE,20,97,4.7,60,57,57,4
Student_2403,Male,IT,22,100,3.1,93,36,53,5
Student_2404,Male,ME,18,73,7.2,94,38,72,0
Student_2405,Male,IT,18,72,6.9,49,60,66,0
Student_2406,Male,CSE,23,80,4.5,89,53,60,4
Student_2407,Female,IT,21,88,3.4,48,83,60,4
Student_2408,Male,IT,22,93,6.6,87,87,80,4
Student_2409,Male,IT,22,51,2.4,40,40,40,1
Student_2410,Female,IT,23,99,1.5,61,96,73,2
Student_2411,Male,CSE,21,67,1.3,45,35,31,4
Student_2412,Male,CE,22,65,1.3,69,50,47,3
Student_2413,Female,ECE,19,78,4.4,94,86,86,0
Student_2414,Male,ME,23,60,2.8,73,41,52,1
Student_2415,Female,ECE,20,51,5.8,52,69,50,5
Student_2416,Female,ECE,21,63,5.6,61,49,55,2
Student_2417,Female,ME,23,53,4.8,45,91,70,0
Student_2418,Female,CSE,18,88,3.5,80,57,71,0
Student_2419,Male,ME,22,83,7.0,85,45,74,0
Student_2420,Female,CSE,19,95,6.0,63,38,56,3
Student_2421,Male,ECE,19,88,2.9,60,92,69,3
Student_2422,Male,CSE,20,58,4.5,78,74,64,3
Student_2423,Male,CE,23,89,2.1,62,92,71,2
Student_2424,Male,ME,19,90,3.3,44,72,66,0
Student_2425,Male,CE,23,56,8.0,46,36,43,4
Student_2426,Male,ECE,22,100,2.6,42,74,61,2
Student_2427,Male,ME,22,66,5.9,94,90,80,3
Student_2428,Male,ECE,19,72,2.7,52,69,54,3
Student_2429,Male,CE,22,94,7.6,93,83,86,3
Student_2430,Male,ECE,23,60,3.2,51,78,49,5
Student_2431,Female,ME,22,71,3.4,45,65,57,1
Student_2432,Female,ME,18,67,5.2,73,99,70,5
Student_2433,Female,ECE,23,98,5.1,54,52,66,0
Student_2434,Male,ME,21,77,5.1,86,70,67,4
Student_2435,Female,ME,22,65,5.0,57,96,78,0
Student_2436,Female,ECE,22,91,3.2,94,63,72,2
Student_2437,Female,CE,23,53,4.0,88,57,64,1
Student_2438,Male,ME,20,85,5.2,96,37,65,2
Student_2439,Male,ME,21,71,5.7,42,64,54,3
Student_2440,Male,ME,21,60,2.8,61,79,58,3
Student_2441,Male,ME,21,70,5.9,74,83,69,4
Student_2442,Female,ECE,19,89,7.5,67,53,74,0
Student_2443,Female,CE,18,90,6.3,80,98,87,2
Student_2444,Female,CE,18,65,1.6,81,39,41,5
Student_2445,Female,CSE,20,91,4.3,51,90,69,3
Student_2446,Male,ME,21,58,4.0,94,68,63,4
Student_2447,Male,ME,21,84,3.4,40,82,56,4
Student_2448,Male,CSE,22,83,4.4,75,60,65,2
Student_2449,Female,CE,23,58,4.1,69,39,56,0
Student_2450,Male,IT,19,62,1.0,92,65,65,1
Student_2451,Male,IT,19,55,2.7,94,58,55,4
Student_2452,Female,CE,20,53,2.5,62,56,50,2
Student_2453,Female,ME,18,95,3.4,76,56,62,3
Student_2454,Male,IT,21,77,2.2,67,91,73,1
Student_2455,Male,ECE,23,60,1.5,88,64,64,1
Student_2456,Male,ECE,20,83,2.4,92,81,81,0
Student_2457,Male,CSE,19,84,7.0,44,73,67,2
Student_2458,Male,CE,19,54,6.6,75,100,86,0
Student_2459,Male,CE,19,88,4.1,100,63,69,4
Student_2460,Female,IT,21,60,7.1,93,48,61,4
Student_2461,Female,ME,21,61,2.6,86,38,43,5
Student_2462,Female,CE,21,92,5.1,95,39,66,2
Student_2463,Male,IT,22,68,2.0,49,78,54,3
Student_2464,Female,IT,18,62,6.8,44,58,47,5
Student_2465,Male,CE,19,53,1.9,53,62,40,5
Student_2466,Male,IT,19,63,1.2,63,58,45,4
Student_2467,Female,CSE,22,93,2.9,67,39,48,4
Student_2468,Male,CSE,19,51,7.3,60,47,52,3
Student_2469,Male,CE,19,57,1.9,84,89,61,5
Student_2470,Female,ME,21,71,3.3,90,64,70,1
Student_2471,Female,CSE,21,100,3.2,79,83,77,2
Student_2472,Female,CSE,18,62,6.6,51,49,57,1
Student_2473,Male,CE,19,70,4.0,59,64,65,0
Student_2474,Female,ECE,20,70,5.3,90,62,67,3
Student_2475,Female,IT,19,77,3.8,71,38,53,2
Student_2476,Male,CSE,19,82,4.9,90,49,63,3
Student_2477,Female,ECE,18,78,1.4,77,68,59,3
Student_2478,Female,ME,20,86,3.6,79,77,75,1
Student_2479,Female,ECE,19,71,7.0,81,95,87,1
Student_2480,Male,CE,23,75,5.8,60,97,83,0
Student_2481,Male,ME,23,60,7.9,56,36,53,2
Student_2482,Male,ME,20,60,6.5,40,86,62,3
Student_2483,Male,ECE,23,94,4.2,90,86,73,5
Student_2484,Female,CE,21,83,5.7,83,49,72,0
Student_2485,Male,CSE,21,68,6.4,67,74,67,3
Student_2486,Male,ECE,20,97,2.9,93,62,77,0
Student_2487,Female,CSE,19,86,1.4,41,89,58,3
Student_2488,Female,ECE,20,63,3.8,56,84,67,1
Student_2489,Female,CSE,23,78,2.0,78,56,53,4
Student_2490,Male,ECE,20,68,2.9,53,63,60,0
Student_2491,Male,ME,23,86,7.6,53,46,66,0
Student_2492,Male,IT,21,70,6.9,83,72,69,4
Student_2493,Female,ME,20,73,5.1,87,36,62,1
Student_2494,Female,CSE,22,75,3.8,57,46,58,0
Student_2495,Male,CE,23,90,2.9,79,89,80,1
Student_2496,Female,ME,22,61,5.0,73,46,47,5
Student_2497,Female,IT,21,97,4.7,82,43,61,3
Student_2498,Female,CSE,19,68,6.5,40,66,50,5
Student_2499,Male,ME,23,96,7.5,81,42,66,3
Student_2500,Female,ECE,19,98,3.3,57,62,56,4
Student_2501,Female,CE,21,79,2.4,87,90,76,2
Student_2502,Male,CSE,19,64,3.8,73,70,67,1
Student_2503,Male,ME,23,52,4.1,62,71,59,2
Student_2504,Female,CSE,18,98,1.3,88,66,69,2
Student_2505,Female,ECE,23,62,7.0,55,73,69,1
Student_2506,Male,IT,23,58,8.0,58,83,72,2
Student_2507,Male,ME,22,62,7.5,76,52,71,0
Student_2508,Female,CSE,18,65,7.0,99,57,70,3
Student_2509,Female,CSE,18,100,7.9,94,67,75,5
Student_2510,Female,CSE,18,63,7.4,45,85,62,4
Student_2511,Female,IT,23,57,5.8,63,77,69,1
Student_2512,Male,CSE,21,68,2.2,56,38,38,4
Student_2513,Female,CE,18,81,2.1,87,36,45,5
Student_2514,Female,CE,20,84,1.3,55,79,58,3
Student_2515,Male,CSE,19,72,3.9,78,74,63,4
Student_2516,Female,CE,21,70,6.7,87,36,64,1
Student_2517,Male,ME,20,67,4.4,80,66,60,4
Student_2518,Female,CE,23,97,3.6,94,35,62,2
Student_2519,Female,CSE,23,63,1.8,45,52,44,2
Student_2520,Male,ECE,20,65,1.4,55,98,62,3
Student_2521,Male,ME,22,73,3.8,48,66,57,2
Student_2522,Female,IT,22,98,1.7,68,43,48,4
Student_2523,Female,CSE,20,81,1.7,43,89,68,0
Student_2524,Female,IT,22,60,3.8,99,58,60,4
Student_2525,Male,ECE,19,94,4.5,65,45,65,0
Student_2526,Female,IT,19,60,2.3,93,62,57,4
Student_2527,Male,CSE,23,53,5.8,77,50,65,0
Student_2528,Male,CSE,22,75,3.9,65,46,60,0
Student_2529,Female,ECE,18,95,1.6,53,38,50,1
Student_2530,Male,CSE,20,54,5.5,74,100,81,1
Student_2531,Female,ECE,19,85,3.5,94,65,63,5
Student_2532,Female,ECE,22,82,1.4,88,90,69,4
Student_2533,Female,CSE,22,63,7.6,82,84,80,2
Student_2534,Female,CE,19,81,5.0,63,35,56,1
Student_2535,Female,ECE,19,56,4.3,47,73,63,0
Student_2536,Male,CSE,18,59,7.0,79,86,71,4
Student_2537,Male,CE,22,51,7.6,64,70,66,2
Student_2538,Female,ECE,22,59,2.5,43,46,36,4
Student_2539,Female,CE,21,84,6.7,54,95,84,0
Student_2540,Male,ME,23,70,6.8,55,45,59,1
Student_2541,Male,ME,18,89,1.4,93,48,64,1
Student_2542,Male,CE,19,91,6.0,50,88,71,3
Student_2543,Male,ECE,19,57,1.4,67,42,42,3
Student_2544,Female,CSE,20,95,5.2,46,67,55,5
Student_2545,Female,IT,23,67,5.7,89,38,51,5
Student_2546,Male,CSE,19,58,3.6,77,64,52,5
Student_2547,Female,IT,22,90,7.2,63,88,74,4
Student_2548,Male,IT,19,79,6.6,70,40,54,4
Student_2549,Female,ECE,22,53,7.5,43,39,48,2
Student_2550,Male,CE,22,84,3.2,76,85,65,5
Student_2551,Female,CSE,18,63,1.2,95,48,59,1
Student_2552,Male,CE,19,63,6.7,74,68,60,5
Student_2553,Male,ME,18,97,2.6,45,75,65,1
Student_2554,Female,ECE,23,86,4.3,85,73,65,5
Student_2555,Male,ECE,22,69,6.7,72,52,60,3
Student_2556,Female,ME,23,78,2.5,91,54,69,0
Student_2557,Female,CSE,19,72,3.2,71,42,58,0
Student_2558,Male,ME,23,96,4.1,85,60,61,5
Student_2559,Female,CSE,23,70,2.9,77,61,58,3
Student_2560,Female,IT,19,80,4.2,74,66,61,4
Student_2561,Female,ECE,18,81,1.1,56,76,50,5
Student_2562,Female,CSE,18,90,2.5,93,84,69,5
Student_2563,Female,CE,22,56,6.8,71,83,76,1
Student_2564,Male,CE,22,62,3.9,53,99,72,1
Student_2565,Female,ECE,19,72,5.5,58,97,66,5
Student_2566,Female,ME,19,57,2.6,63,61,56,1
Student_2567,Female,ME,21,61,5.5,78,69,74,0
Student_2568,Female,CSE,21,85,8.0,50,72,64,4
Student_2569,Female,ME,20,65,5.2,46,72,51,5
Student_2570,Male,ECE,22,75,5.4,84,76,81,0
Student_2571,Female,CSE,23,78,1.8,99,76,67,4
Student_2572,Male,IT,20,78,3.8,63,83,66,3
Student_2573,Male,ME,20,55,7.0,94,91,77,4
Student_2574,Male,ME,18,86,6.8,92,88,93,0
Student_2575,Male,CSE,23,82,4.7,97,44,69,1
Student_2576,Female,CE,18,80,7.3,63,94,87,0
Student_2577,Male,ME,21,95,2.0,53,74,59,3
Student_2578,Male,ECE,20,90,5.6,63,35,59,1
Student_2579,Female,ME,21,67,2.7,50,98,73,0
Student_2580,Female,IT,23,87,5.5,47,46,57,1
Student_2581,Female,ME,23,96,1.6,83,91,74,3
Student_2582,Male,CE,22,80,7.6,54,60,59,4
Student_2583,Female,ME,19,65,6.5,81,74,67,4
Student_2584,Female,CSE,18,89,2.4,93,77,75,2
Student_2585,Male,ME,22,100,5.5,41,47,59,1
Student_2586,Female,CE,22,86,6.3,63,90,69,5
Student_2587,Female,CSE,18,63,2.5,84,51,54,3
Student_2588,Female,ECE,18,88,1.7,49,58,58,0
Student_2589,Female,CSE,23,53,3.5,71,92,60,5
Student_2590,Male,IT,23,79,2.0,56,95,74,0
Student_2591,Female,CSE,20,82,5.0,96,62,74,2
Student_2592,Female,ECE,21,85,4.0,96,85,87,0
Student_2593,Male,ME,23,79,4.2,93,73,72,3
Student_2594,Female,CSE,22,63,4.8,49,100,67,3
Student_2595,Male,CSE,20,72,7.9,61,74,66,4
Student_2596,Female,CSE,20,97,6.5,45,47,61,1
Student_2597,Male,CSE,22,77,5.4,66,53,64,1
Student_2598,Male,ECE,23,56,3.5,59,40,51,0
Student_2599,Male,CE,22,91,1.2,40,52,50,1
Student_2600,Male,CE,19,59,1.8,56,43,43,2
Student_2601,Female,CSE,23,53,6.1,40,88,67,1
Student_2602,Male,ECE,21,93,3.6,76,84,67,5
Student_2603,Female,ECE,22,87,3.3,100,45,72,0
Student_2604,Male,CSE,23,62,7.2,54,89,75,1
Student_2605,Male,IT,18,70,4.4,94,76,66,5
Student_2606,Male,CSE,19,82,7.3,40,45,52,3
Student_2607,Female,IT,21,89,7.2,56,36,54,3
Student_2608,Male,CSE,23,77,1.6,85,100,72,4
Student_2609,Female,IT,18,72,7.6,84,60,66,4
Student_2610,Female,IT,23,81,1.5,99,71,65,4
Student_2611,Female,CSE,18,97,7.7,82,70,75,4
Student_2612,Female,IT,21,54,4.2,83,50,61,1
Student_2613,Female,ME,19,75,6.3,77,100,75,5
Student_2614,Female,CE,18,88,5.9,82,55,75,0
Student_2615,Female,ECE,20,75,4.6,41,41,49,1
Student_2616,Female,IT,21,52,5.3,57,45,56,0
Student_2617,Female,IT,21,73,7.6,51,90,81,0
Student_2618,Male,ECE,22,83,7.5,68,78,83,0
Student_2619,Male,IT,19,83,5.6,62,88,81,0
Student_2620,Male,ECE,20,69,5.6,86,91,78,3
Student_2621,Male,CSE,20,79,2.7,48,92,57,5
Student_2622,Male,ME,22,91,6.8,47,71,74,0
Student_2623,Female,ME,18,69,5.4,89,82,81,1
Student_2624,Female,CE,18,90,6.8,55,96,86,0
Student_2625,Female,IT,20,67,5.6,62,73,63,3
Student_2626,Female,CE,19,87,3.1,92,98,87,1
Student_2627,Female,CSE,18,69,2.3,68,61,48,5
Student_2628,Female,ME,21,55,1.5,98,94,75,2
Student_2629,Female,CSE,23,91,5.1,49,78,71,1
Student_2630,Male,CSE,22,74,3.0,51,64,52,3
Student_2631,Male,IT,19,90,5.4,100,92,80,5
Student_2632,Male,CSE,18,90,1.4,91,70,67,3
Student_2633,Male,ME,23,52,3.6,51,39,36,4
Student_2634,Female,CE,20,93,2.8,69,53,60,2
Student_2635,Female,ME,22,92,3.6,49,46,58,0
Student_2636,Female,IT,18,95,1.4,53,94,66,3
Student_2637,Male,ME,20,68,6.1,43,45,44,4
Student_2638,Female,ECE,18,59,1.8,86,87,64,4
Student_2639,Female,CE,22,100,1.1,59,54,46,5
Student_2640,Female,ECE,21,54,7.6,80,61,74,0
Student_2641,Male,ECE,21,71,2.4,78,92,64,5
Student_2642,Female,IT,23,58,6.8,46,39,51,1
Student_2643,Male,CSE,20,82,7.8,69,43,63,2
Student_2644,Male,ECE,21,64,4.7,91,66,75,0
Student_2645,Male,ME,22,73,4.7,80,88,68,5
Student_2646,Male,CSE,20,79,3.6,63,79,73,0
Student_2647,Female,ME,18,85,4.0,49,61,61,1
Student_2648,Male,ME,19,88,4.4,91,62,75,1
Student_2649,Male,CSE,18,55,2.1,84,52,52,3
Student_2650,Female,CSE,22,64,3.6,77,65,66,1
Student_2651,Female,ME,23,87,6.7,75,75,80,1
Student_2652,Male,IT,20,88,2.3,56,68,60,2
Student_2653,Female,CE,18,71,6.1,60,41,45,5
Student_2654,Male,CE,20,52,5.6,97,39,51,5
Student_2655,Male,IT,21,78,1.4,85,55,59,2
Student_2656,Male,CSE,19,78,1.2,98,40,57,2
Student_2657,Male,ME,22,80,3.5,42,79,67,0
Student_2658,Female,CE,18,94,5.8,40,69,64,2
Student_2659,Male,ME,19,51,3.3,57,37,42,2
Student_2660,Female,IT,22,84,5.7,41,67,55,4
Student_2661,Female,ME,22,94,5.7,79,72,76,2
Student_2662,Female,IT,23,58,6.6,87,50,70,0
Student_2663,Female,CSE,21,71,1.7,43,42,32,5
Student_2664,Male,IT,23,68,5.0,71,37,47,4
Student_2665,Female,IT,23,99,1.4,58,53,61,0
Student_2666,Male,CE,20,86,2.2,59,41,55,0
Student_2667,Female,ME,20,59,3.3,81,84,64,4
Student_2668,Female,CE,19,95,6.0,88,40,61,4
Student_2669,Male,ECE,21,70,7.8,88,39,59,4
Student_2670,Male,IT,22,66,3.4,92,95,73,4
Student_2671,Male,ECE,21,52,4.6,46,92,70,0
Student_2672,Female,CE,21,56,2.8,48,56,41,4
Student_2673,Female,ME,19,90,5.7,46,91,76,1
Student_2674,Male,CE,20,86,3.6,66,66,55,5
Student_2675,Male,ME,21,85,4.4,60,51,58,2
Student_2676,Male,ME,21,52,5.0,74,92,73,2
Student_2677,Male,CSE,21,62,5.8,63,75,57,5
Student_2678,Female,IT,18,90,1.4,71,56,61,1
Student_2679,Male,CE,21,79,4.9,51,76,56,5
Student_2680,Male,ME,21,72,4.0,62,42,57,0
Student_2681,Male,CE,22,56,1.9,75,80,69,0
Student_2682,Male,CE,23,79,2.5,88,82,74,2
Student_2683,Female,ME,18,78,7.2,68,37,56,3
Student_2684,Male,ECE,21,57,7.1,42,64,48,5
Student_2685,Female,IT,23,59,1.2,82,62,60,1
Student_2686,Male,IT,21,82,5.8,47,59,62,1
Student_2687,Male,CSE,19,69,4.9,73,71,67,2
Student_2688,Female,CSE,19,78,7.6,96,85,81,4
Student_2689,Male,CSE,23,78,7.4,53,73,60,5
Student_2690,Female,IT,18,70,5.1,75,35,51,3
Student_2691,Female,ECE,22,50,2.0,87,72,68,0
Student_2692,Male,IT,18,100,4.2,85,86,88,0
Student_2693,Female,IT,18,83,6.1,71,97,88,0
Student_2694,Female,IT,19,93,7.7,46,86,82,0
Student_2695,Female,IT,19,81,3.5,49,94,72,1
Student_2696,Female,ECE,22,94,6.5,51,47,62,1
Student_2697,Female,CSE,21,63,5.8,94,51,60,4
Student_2698,Female,CE,22,86,1.5,99,64,72,1
Student_2699,Female,CSE,21,84,4.9,79,72,67,4
Student_2700,Female,CSE,23,73,2.3,62,45,43,4
Student_2701,Male,CE,23,98,5.8,50,61,70,0
Student_2702,Male,IT,20,50,5.3,91,72,76,0
Student_2703,Female,ECE,19,95,7.8,52,62,72,1
Student_2704,Male,ECE,20,55,7.5,51,60,62,1
Student_2705,Female,CSE,20,98,1.1,46,67,50,4
Student_2706,Female,CE,19,53,1.6,92,66,61,2
Student_2707,Male,ME,20,87,6.4,83,88,90,0
Student_2708,Female,IT,18,50,5.8,49,59,50,3
Student_2709,Female,CSE,21,90,6.6,46,58,62,2
Student_2710,Female,ECE,22,80,2.9,90,74,78,0
Student_2711,Female,CE,19,85,6.9,97,61,84,0
Student_2712,Male,CE,18,58,4.1,66,80,68,1
Student_2713,Female,CSE,23,90,2.8,46,73,57,3
Student_2714,Female,ME,22,94,1.1,94,63,59,5
Student_2715,Female,ECE,22,72,7.1,89,65,72,3
Student_2716,Male,CSE,22,80,4.7,63,99,83,0
Student_2717,Female,ME,20,78,7.8,62,49,54,5
Student_2718,Male,CE,20,98,6.0,64,43,53,5
Student_2719,Male,IT,20,70,1.6,83,47,48,4
Student_2720,Female,ECE,20,52,5.1,75,79,65,3
Student_2721,Female,ECE,18,75,1.1,96,40,56,2
Student_2722,Male,ME,20,55,4.9,72,78,61,4
Student_2723,Female,CSE,19,69,3.5,76,36,55,1
Student_2724,Male,CE,22,96,5.5,81,63,79,0
Student_2725,Male,ME,18,95,4.8,78,82,84,0
Student_2726,Female,IT,23,62,2.8,91,46,57,2
Student_2727,Female,IT,20,90,2.1,100,84,79,2
Student_2728,Male,IT,23,72,3.8,46,45,38,5
Student_2729,Male,ME,22,64,7.9,69,39,61,1
Student_2730,Male,CE,18,95,4.0,99,79,85,1
Student_2731,Male,ECE,22,80,6.2,70,81,66,5
Student_2732,Female,CSE,23,53,1.4,96,40,43,5
Student_2733,Female,ECE,18,60,3.7,84,97,74,3
Student_2734,Female,CE,21,51,5.1,85,81,66,4
Student_2735,Female,ECE,18,65,6.3,76,68,75,0
Student_2736,Female,ME,20,100,4.7,60,46,56,3
Student_2737,Male,IT,23,80,4.6,73,61,68,1
Student_2738,Female,CE,22,97,6.3,85,62,76,2
Student_2739,Female,CE,22,88,3.2,60,79,64,3
Student_2740,Female,ECE,22,92,1.6,79,36,53,2
Student_2741,Female,ME,19,93,3.4,59,43,45,5
Student_2742,Female,ECE,19,53,2.1,73,65,50,4
Student_2743,Male,ECE,20,97,7.8,47,70,71,2
Student_2744,Male,CE,21,77,5.0,71,49,66,0
Student_2745,Male,ECE,19,65,4.1,91,96,74,4
Student_2746,Female,IT,18,88,7.4,69,65,73,2
Student_2747,Male,ECE,23,74,7.3,68,61,65,3
Student_2748,Male,IT,20,62,3.9,44,36,47,0
Student_2749,Female,CE,21,54,7.1,69,77,76,0
Student_2750,Female,ME,18,79,1.4,51,35,44,1
Student_2751,Female,IT,22,50,7.2,78,43,62,1
Student_2752,Male,ME,19,54,3.2,66,94,65,3
Student_2753,Male,ME,18,63,5.0,92,36,49,5
Student_2754,Female,IT,21,60,2.9,52,92,67,1
Student_2755,Female,CE,20,83,7.9,86,99,91,2
Student_2756,Male,CSE,18,78,1.5,49,46,36,5
Student_2757,Male,ME,20,67,4.1,75,89,76,1
Student_2758,Female,ME,22,64,5.3,70,44,62,0
Student_2759,Female,CE,21,95,5.3,55,99,76,3
Student_2760,Male,CE,21,74,6.2,78,99,84,2
Student_2761,Female,ECE,19,79,6.1,84,95,91,0
Student_2762,Male,CE,23,94,6.6,75,69,82,0
Student_2763,Male,ME,21,51,2.6,65,45,40,4
Student_2764,Male,IT,18,100,3.6,83,72,77,1
Student_2765,Male,CSE,18,89,3.7,59,73,57,5
Student_2766,Female,ECE,18,76,7.7,73,55,68,2
Student_2767,Female,IT,22,98,3.9,76,70,69,3
Student_2768,Male,CSE,21,64,2.6,47,54,44,3
Student_2769,Male,CSE,21,81,5.4,43,77,61,3
Student_2770,Male,CSE,18,69,4.0,98,55,61,4
Student_2771,Male,IT,19,63,2.8,68,69,60,2
Student_2772,Male,ECE,19,76,6.0,70,98,87,0
Student_2773,Female,ECE,21,52,2.3,41,66,38,5
Student_2774,Female,CSE,21,98,5.4,64,70,65,4
Student_2775,Female,IT,20,52,4.0,77,86,60,5
Student_2776,Female,CSE,21,62,3.2,42,38,31,5
Student_2777,Male,CE,18,74,7.6,100,41,73,1
Student_2778,Male,ECE,23,67,3.3,85,58,68,0
Student_2779,Male,ME,22,50,3.4,81,55,54,3
Student_2780,Male,CSE,21,88,7.1,82,91,89,1
Student_2781,Male,CE,21,54,1.9,44,53,43,2
Student_2782,Female,ECE,18,51,1.8,61,62,50,2
Student_2783,Male,IT,20,79,3.0,55,66,49,5
Student_2784,Female,ECE,23,66,5.1,48,68,53,4
Student_2785,Female,IT,21,78,3.7,92,50,64,2
Student_2786,Female,IT,19,91,5.3,87,72,74,3
Student_2787,Female,CSE,19,53,2.1,48,38,32,4
Student_2788,Male,CSE,19,58,2.8,88,90,67,4
Student_2789,Female,ECE,22,70,5.0,51,74,59,3
Student_2790,Female,CE,22,92,2.5,86,84,76,2
Student_2791,Female,ECE,23,61,4.0,81,74,71,1
Student_2792,Male,ME,21,61,5.0,43,83,56,4
Student_2793,Male,IT,21,99,7.8,88,82,91,1
Student_2794,Male,IT,21,53,1.6,57,40,43,1
Student_2795,Female,CSE,22,77,4.2,57,39,53,1
Student_2796,Female,CE,23,58,3.8,81,79,60,5
Student_2797,Male,CSE,21,89,6.8,82,50,72,1
Student_2798,Female,ME,18,100,7.3,92,51,73,3
Student_2799,Male,ECE,20,81,7.3,72,93,89,0
Student_2800,Male,ECE,19,62,3.6,81,90,73,2
Student_2801,Female,CE,19,83,3.1,42,69,63,0
Student_2802,Female,CSE,18,68,4.1,98,42,53,5
Student_2803,Female,CSE,21,63,3.4,77,95,80,0
Student_2804,Female,ME,23,54,6.0,56,61,52,4
Student_2805,Male,ECE,23,76,2.5,51,54,57,0
Student_2806,Male,CSE,22,77,5.6,50,91,78,0
Student_2807,Male,CE,21,75,7.5,56,57,60,3
Student_2808,Male,ECE,23,59,3.0,74,36,51,1
Student_2809,Male,ME,21,73,5.7,80,61,74,0
Student_2810,Female,CE,19,66,2.0,89,66,70,0
Student_2811,Male,IT,19,65,1.8,99,84,64,5
Student_2812,Male,ME,22,66,1.8,45,98,57,4
Student_2813,Male,CE,19,50,2.0,74,74,59,2
Student_2814,Female,CSE,21,70,2.5,45,67,47,4
Student_2815,Female,IT,18,96,4.9,71,63,69,2
Student_2816,Female,ME,22,98,6.4,50,67,68,2
Student_2817,Female,CSE,18,92,1.9,82,51,61,2
Student_2818,Male,IT,21,71,7.1,78,99,82,3
Student_2819,Male,ECE,22,54,6.9,52,77,62,3
Student_2820,Female,CSE,18,85,6.1,52,97,80,1
Student_2821,Female,CE,22,70,4.0,78,92,76,2
Student_2822,Male,ME,21,58,1.0,85,77,60,3
Student_2823,Male,IT,23,76,6.1,73,71,68,3
Student_2824,Female,CSE,22,97,7.2,42,80,63,5
Student_2825,Female,ECE,23,61,3.3,71,59,48,5
Student_2826,Female,ME,21,67,6.0,43,85,57,5
Student_2827,Female,ME,22,84,1.4,79,72,72,0
Student_2828,Male,CSE,22,64,6.0,92,72,75,2
Student_2829,Male,ECE,23,99,1.5,40,35,36,4
Student_2830,Male,IT,19,93,5.1,48,88,63,5
Student_2831,Female,CSE,23,79,5.2,88,99,92,0
Student_2832,Female,IT,23,94,3.1,89,56,65,3
Student_2833,Male,ME,23,82,1.6,46,95,62,3
Student_2834,Male,IT,21,85,7.6,66,92,79,3
Student_2835,Male,ECE,20,89,4.7,42,88,66,3
Student_2836,Male,CE,23,100,5.1,61,53,57,4
Student_2837,Female,ECE,22,79,5.3,55,68,67,1
Student_2838,Male,IT,18,75,7.2,47,78,71,1
Student_2839,Male,CSE,19,70,1.4,44,86,58,2
Student_2840,Male,ME,23,86,7.3,88,56,65,5
Student_2841,Male,CE,23,92,2.7,97,63,69,3
Student_2842,Male,CSE,19,80,1.5,69,48,52,2
Student_2843,Male,CSE,23,66,5.6,67,96,70,4
Student_2844,Male,ECE,22,66,7.8,90,49,69,2
Student_2845,Female,IT,20,83,1.4,66,48,55,1
Student_2846,Female,ECE,23,73,4.0,89,56,68,1
Student_2847,Female,IT,19,82,4.7,61,41,45,5
Student_2848,Female,ECE,23,53,2.8,69,41,50,1
Student_2849,Male,CSE,21,58,7.9,76,51,64,2
Student_2850,Female,ME,22,51,5.5,46,66,52,3
Student_2851,Female,IT,22,84,6.9,89,90,93,0
Student_2852,Male,CE,20,87,3.9,69,96,81,1
Student_2853,Male,CE,21,94,3.5,52,92,72,2
Student_2854,Female,CSE,21,64,4.9,61,92,77,0
Student_2855,Female,ECE,20,92,4.0,50,37,53,1
Student_2856,Male,ECE,18,91,6.0,44,35,54,1
Student_2857,Female,CSE,23,52,2.9,61,54,44,4
Student_2858,Male,CE,21,80,4.1,54,96,75,1
Student_2859,Male,CE,18,90,7.3,92,90,96,0
Student_2860,Male,ECE,18,91,6.3,78,87,89,0
Student_2861,Male,IT,22,72,2.2,76,99,72,3
Student_2862,Female,ME,23,61,7.2,70,90,83,0
Student_2863,Male,IT,22,57,5.1,68,79,67,2
Student_2864,Male,CE,19,70,5.8,78,52,63,2
Student_2865,Female,IT,22,70,3.1,56,82,54,5
Student_2866,Male,ME,21,81,4.1,80,72,62,5
Student_2867,Female,IT,21,66,6.6,45,56,47,5
Student_2868,Female,IT,23,86,3.3,80,35,58,1
Student_2869,Female,IT,18,73,2.2,56,76,57,3
Student_2870,Male,IT,21,57,3.6,73,63,62,1
Student_2871,Female,CSE,22,67,1.5,62,40,41,3
Student_2872,Female,CE,22,60,6.0,91,90,75,4
Student_2873,Male,ME,23,59,2.0,69,46,45,3
Student_2874,Female,CE,22,75,3.0,52,73,53,4
Student_2875,Female,CSE,20,96,7.2,97,46,66,5
Student_2876,Female,CSE,23,55,4.8,69,67,56,4
Student_2877,Female,CSE,23,100,3.2,88,87,84,1
Student_2878,Female,CSE,21,66,4.8,92,53,65,2
Student_2879,Male,IT,23,72,2.5,59,92,64,3
Student_2880,Female,CE,19,91,1.2,45,77,61,1
Student_2881,Female,ECE,21,86,5.2,100,79,77,4
Student_2882,Male,ME,21,77,6.0,94,53,64,4
Student_2883,Male,CSE,20,65,7.2,70,71,76,0
Student_2884,Male,CE,21,61,6.4,98,45,72,0
Student_2885,Female,CSE,18,70,7.5,58,90,73,3
Student_2886,Male,CSE,22,73,7.9,45,59,61,2
Student_2887,Female,CSE,22,77,6.2,73,79,81,0
Student_2888,Female,CSE,23,86,7.1,67,96,74,5
Student_2889,Male,CSE,20,70,5.7,97,48,58,5
Student_2890,Male,ME,22,82,2.2,52,68,51,4
Student_2891,Female,CE,18,51,2.3,91,94,76,1
Student_2892,Male,CSE,20,86,1.8,49,98,68,2
Student_2893,Female,CSE,19,68,7.6,100,85,83,3
Student_2894,Male,CSE,22,77,5.7,80,76,78,1
Student_2895,Male,CSE,21,64,6.5,84,55,64,3
Student_2896,Male,IT,18,50,3.3,46,39,43,1
Student_2897,Female,IT,18,92,4.2,57,100,80,1
Student_2898,Male,ECE,22,77,1.3,61,95,68,2
Student_2899,Female,CSE,23,99,7.2,53,42,57,3
Student_2900,Female,ECE,19,84,7.0,75,100,93,0
Student_2901,Female,ME,21,81,6.5,47,96,78,1
Student_2902,Female,ECE,19,77,1.4,51,54,40,5
Student_2903,Male,CE,19,58,2.2,79,38,51,1
Student_2904,Female,IT,22,73,3.3,87,49,51,5
Student_2905,Female,IT,21,53,2.8,72,90,73,0
Student_2906,Male,CSE,22,94,6.9,63,54,67,2
Student_2907,Female,CSE,22,90,2.4,81,58,64,2
Student_2908,Male,ME,23,52,4.7,78,43,54,2
Student_2909,Female,ME,18,97,5.0,53,55,55,4
Student_2910,Male,CE,23,71,4.0,88,75,66,4
Student_2911,Female,CSE,23,89,2.7,90,47,63,2
Student_2912,Male,CSE,22,88,7.7,44,39,55,2
Student_2913,Female,ME,23,98,3.9,58,98,84,0
Student_2914,Female,ME,23,74,6.1,42,80,59,4
Student_2915,Male,ME,20,97,2.3,40,93,58,5
Student_2916,Male,IT,21,71,6.8,79,85,76,3
Student_2917,Male,ECE,18,99,2.5,80,50,62,2
Student_2918,Male,ECE,21,97,5.7,76,85,81,2
Student_2919,Female,CSE,18,96,4.5,72,76,74,2
Student_2920,Female,IT,20,83,2.0,88,45,62,1
Student_2921,Male,ME,22,69,1.2,96,86,67,4
Student_2922,Female,CSE,18,85,7.5,85,44,66,3
Student_2923,Male,IT,18,86,1.9,56,97,73,1
Student_2924,Male,CE,18,88,5.9,48,70,68,1
Student_2925,Female,IT,20,76,5.6,70,79,70,3
Student_2926,Female,CSE,21,96,3.4,74,40,55,3
Student_2927,Female,ECE,20,98,2.3,42,40,43,3
Student_2928,Female,ME,18,81,2.2,52,100,67,3
Student_2929,Female,CE,23,91,5.1,91,98,79,5
Student_2930,Female,IT,18,78,4.8,76,72,67,3
Student_2931,Female,CSE,23,90,7.1,77,95,78,5
Student_2932,Male,CSE,22,97,5.5,53,97,79,2
Student_2933,Male,ME,20,81,6.7,45,54,49,5
Student_2934,Male,CSE,23,73,1.2,97,98,70,5
Student_2935,Male,CSE,20,52,5.7,68,71,61,3
Student_2936,Male,ME,19,76,2.6,100,70,69,3
Student_2937,Female,CE,21,58,2.8,96,44,51,4
Student_2938,Male,ECE,19,89,6.0,88,68,77,2
Student_2939,Male,ECE,23,72,6.6,48,79,70,1
Student_2940,Male,IT,19,56,3.6,75,97,73,2
Student_2941,Male,CE,21,66,6.5,62,47,63,0
Student_2942,Male,IT,23,86,4.1,54,59,56,3
Student_2943,Male,ECE,22,56,7.0,93,78,81,1
Student_2944,Male,ME,22,79,1.2,96,58,70,0
Student_2945,Female,CSE,21,62,1.6,89,81,59,5
Student_2946,Female,ECE,21,67,6.4,86,84,82,1
Student_2947,Male,CE,23,80,5.4,98,70,78,2
Student_2948,Female,ECE,20,71,4.9,89,67,62,5
Student_2949,Female,CE,23,63,5.3,46,37,51,0
Student_2950,Female,CE,20,67,7.5,86,65,65,5
Student_2951,Female,CE,20,84,5.6,99,94,80,5
Student_2952,Male,IT,20,66,5.5,64,63,53,5
Student_2953,Female,ME,23,68,6.3,76,78,71,3
Student_2954,Female,ECE,18,80,7.1,62,79,71,3
Student_2955,Female,ME,18,88,2.8,50,76,68,0
Student_2956,Male,CSE,22,85,5.3,95,55,72,2
Student_2957,Male,ECE,18,64,5.1,85,66,74,0
Student_2958,Male,ME,18,78,1.9,47,62,52,2
Student_2959,Male,ME,20,89,4.6,75,81,78,1
Student_2960,Male,CSE,20,65,1.5,81,81,66,2
Student_2961,Male,CE,21,82,2.3,78,51,64,0
Student_2962,Male,ECE,20,74,7.4,40,63,66,0
Student_2963,Female,ECE,23,65,1.8,91,82,73,1
Student_2964,Female,CSE,21,79,5.1,83,36,50,5
Student_2965,Female,CE,21,83,3.3,52,67,65,0
Student_2966,Male,ECE,18,51,4.9,55,97,63,4
Student_2967,Male,ECE,20,89,2.6,85,73,62,5
Student_2968,Male,ECE,18,93,4.1,52,39,58,0
Student_2969,Male,CE,20,92,7.1,76,86,77,4
Student_2970,Male,CSE,18,87,3.6,53,86,74,0
Student_2971,Female,ECE,18,100,3.5,97,63,81,0
Student_2972,Female,ME,18,67,4.1,52,71,62,1
Student_2973,Male,CE,23,54,1.7,85,42,41,5
Student_2974,Male,IT,22,96,3.7,51,54,51,4
Student_2975,Male,CSE,18,89,1.0,94,75,75,1
Student_2976,Male,ME,19,55,4.5,67,70,56,4
Student_2977,Female,ECE,19,61,6.9,61,66,58,4
Student_2978,Male,IT,19,100,4.9,59,39,54,3
Student_2979,Male,CSE,23,61,5.3,86,54,58,4
Student_2980,Male,CE,21,61,1.2,58,56,51,1
Student_2981,Male,IT,18,58,7.0,50,65,63,1
Student_2982,Female,IT,19,91,3.7,69,75,70,2
Student_2983,Male,ME,23,71,7.8,93,39,58,5
Student_2984,Male,CSE,21,98,1.8,65,44,45,5
Student_2985,Female,ME,19,99,7.6,54,71,64,5
Student_2986,Female,ME,20,65,5.4,69,90,80,0
Student_2987,Female,ECE,22,53,1.4,68,58,48,3
Student_2988,Male,CE,18,99,7.8,99,50,85,0
Student_2989,Male,IT,22,52,1.1,71,36,45,1
Student_2990,Female,CSE,22,65,6.1,92,49,63,3
Student_2991,Female,CE,20,63,7.2,69,75,65,4
Student_2992,Female,CE,20,90,2.2,83,97,71,5
Student_2993,Female,CSE,20,87,3.4,90,83,81,1
Student_2994,Female,CE,21,53,4.9,55,60,57,1
Student_2995,Female,ECE,19,51,5.8,75,100,81,1
Student_2996,Male,CE,18,59,7.1,57,63,65,1
Student_2997,Male,ECE,20,60,6.3,80,94,77,3
Student_2998,Male,IT,23,88,3.5,87,99,90,0
Student_2999,Female,IT,18,75,6.8,78,74,81,0
Student_3000,Female,ME,18,86,7.8,67,45,55,5
Student_3001,Female,ECE,18,75,2.6,97,86,71,4
Student_3002,Female,IT,20,53,1.5,58,98,67,1
Student_3003,Female,CE,20,75,4.0,95,37,51,5
Student_3004,Female,CSE,19,87,7.2,95,45,75,1
Student_3005,Male,CSE,20,77,2.1,50,62,44,5
Student_3006,Male,ECE,20,51,7.2,56,96,79,0
Student_3007,Female,ME,18,51,7.9,60,82,61,5
Student_3008,Male,CE,19,65,1.4,76,62,51,4
Student_3009,Female,ECE,22,72,4.5,83,80,65,5
Student_3010,Male,CSE,20,72,3.3,90,98,81,2
Student_3011,Female,ECE,23,62,3.8,73,89,68,3
Student_3012,Female,CE,20,70,4.2,72,36,43,5
Student_3013,Male,IT,22,88,6.2,68,50,55,5
Student_3014,Male,CE,18,74,5.1,43,45,55,0
Student_3015,Female,IT,19,86,7.7,71,37,59,3
Student_3016,Female,IT,18,98,3.3,99,89,91,0
Student_3017,Male,IT,21,62,4.8,50,76,55,4
Student_3018,Male,ECE,20,64,6.7,65,63,67,1
Student_3019,Female,CSE,23,77,3.6,57,65,59,2
Student_3020,Male,ECE,21,52,4.3,92,59,61,3
Student_3021,Female,CSE,20,72,5.8,71,40,57,2
Student_3022,Female,CE,21,53,7.0,99,94,88,1
Student_3023,Female,ME,22,96,3.9,66,56,69,0
Student_3024,Female,CE,20,99,4.7,55,75,63,4
Student_3025,Male,ECE,23,52,7.8,49,87,72,1
Student_3026,Male,ECE,20,88,1.3,83,94,76,2
Student_3027,Male,CSE,21,57,4.1,73,73,64,2
Student_3028,Male,ECE,19,92,5.5,72,89,80,2
Student_3029,Male,IT,21,74,1.1,49,64,57,0
Student_3030,Male,ECE,20,90,5.2,81,36,52,5
Student_3031,Male,CSE,20,61,1.4,99,42,55,2
Student_3032,Female,CSE,19,54,7.0,65,97,83,0
Student_3033,Male,IT,18,82,6.6,81,93,85,2
Student_3034,Male,CSE,19,95,1.2,64,62,56,3
Student_3035,Female,ME,18,74,1.3,41,72,43,5
Student_3036,Male,CE,23,74,6.3,65,52,58,3
Student_3037,Male,ECE,20,84,3.6,59,96,65,5
Student_3038,Female,ME,22,64,5.0,42,57,55,1
Student_3039,Male,ECE,22,91,2.9,71,99,81,1
Student_3040,Male,ME,21,75,2.2,40,74,46,5
Student_3041,Male,ECE,19,59,3.1,63,94,62,4
Student_3042,Female,IT,19,73,2.7,89,39,56,2
Student_3043,Male,CSE,22,84,4.1,82,52,64,2
Student_3044,Male,CSE,18,78,6.2,95,72,85,0
Student_3045,Female,IT,19,87,4.9,83,63,62,5
Student_3046,Male,ME,18,54,5.3,72,60,63,1
Student_3047,Female,CE,18,73,4.3,77,94,68,5
Student_3048,Female,ME,18,68,3.3,87,70,65,3
Student_3049,Male,CSE,18,95,2.0,91,63,75,0
Student_3050,Female,CE,21,98,3.5,74,65,65,3
Student_3051,Female,ECE,21,93,5.7,56,97,85,0
Student_3052,Male,CE,22,58,6.1,97,47,68,1
Student_3053,Female,ME,21,75,4.3,87,74,73,2
Student_3054,Female,IT,23,74,5.5,82,36,49,5
Student_3055,Male,ECE,19,84,2.5,87,42,58,2
Student_3056,Male,ME,23,99,7.0,83,77,86,1
Student_3057,Male,ECE,21,85,7.1,72,83,71,5
Student_3058,Female,CE,19,63,3.2,50,56,47,3
Student_3059,Male,CSE,19,55,4.8,62,69,54,4
Student_3060,Female,ME,18,81,5.2,77,53,58,4
Student_3061,Female,IT,22,75,4.3,71,38,57,1
Student_3062,Female,CE,18,64,7.4,58,53,66,0
Student_3063,Female,ME,18,98,6.2,51,54,62,2
Student_3064,Female,IT,23,80,5.7,67,38,53,3
Student_3065,Female,ME,21,86,4.6,41,83,59,4
Student_3066,Female,CE,23,87,1.6,49,60,53,2
Student_3067,Male,ME,21,86,1.8,58,37,50,1
Student_3068,Male,ECE,23,68,3.1,67,86,68,2
Student_3069,Female,CE,19,63,2.5,86,70,56,5
Student_3070,Female,ME,21,85,7.7,47,75,64,4
Student_3071,Male,CSE,21,86,3.9,82,85,74,3
Student_3072,Female,ME,23,60,7.1,62,50,64,0
Student_3073,Male,ECE,20,76,6.7,87,81,87,0
Student_3074,Male,IT,19,51,6.7,84,80,65,5
Student_3075,Male,IT,19,71,2.5,69,89,60,5
Student_3076,Female,IT,20,51,4.1,67,73,61,2
Student_3077,Female,CSE,23,69,3.2,52,40,51,0
Student_3078,Male,ECE,23,93,7.8,94,95,88,4
Student_3079,Male,CE,19,97,7.1,76,43,64,3
Student_3080,Male,IT,23,66,2.7,51,45,51,0
Student_3081,Male,ECE,22,53,3.2,49,99,71,0
Student_3082,Male,ME,22,63,4.7,90,93,83,1
Student_3083,Female,CSE,20,56,3.0,56,41,50,0
Student_3084,Male,ECE,21,64,6.8,40,95,76,0
Student_3085,Female,ECE,22,79,6.7,61,91,71,4
Student_3086,Male,CE,23,65,6.1,54,68,68,0
Student_3087,Female,ECE,20,89,5.8,55,79,74,1
Student_3088,Female,CE,22,51,4.8,59,79,66,1
Student_3089,Female,CSE,18,68,3.4,94,49,53,5
Student_3090,Female,CSE,20,50,6.9,49,43,52,1
Student_3091,Female,ME,19,80,7.0,81,80,86,0
Student_3092,Female,CE,22,53,1.3,65,80,49,5
Student_3093,Male,CE,19,76,3.8,88,70,71,2
Student_3094,Female,IT,20,74,1.2,100,80,73,2
Student_3095,Male,IT,22,71,6.9,93,76,74,4
Student_3096,Female,ME,19,92,2.2,62,64,61,2
Student_3097,Female,CSE,21,59,5.7,56,45,45,4
Student_3098,Male,IT,21,99,3.5,73,67,63,4
Student_3099,Female,ECE,18,82,6.7,80,74,68,5
Student_3100,Male,CSE,23,98,4.6,96,77,85,1
Student_3101,Male,ECE,20,97,3.3,61,73,64,3
Student_3102,Male,CE,23,93,3.3,98,73,71,4
Student_3103,Male,CSE,23,79,3.3,43,87,70,0
Student_3104,Female,ME,19,79,6.5,46,65,65,1
Student_3105,Female,CE,18,65,6.0,44,97,77,0
Student_3106,Male,CE,20,58,3.2,70,59,62,0
Student_3107,Female,ECE,21,66,4.4,58,75,63,2
Student_3108,Female,CE,23,84,1.5,43,84,66,0
Student_3109,Male,IT,19,99,6.8,89,93,82,5
Student_3110,Female,CSE,23,96,2.9,61,83,64,4
Student_3111,Male,IT,22,64,7.2,42,64,65,0
Student_3112,Male,ECE,21,97,5.2,62,79,80,0
Student_3113,Female,ECE,23,77,5.0,43,87,67,2
Student_3114,Female,CSE,22,69,2.1,85,60,67,0
Student_3115,Female,CE,22,82,1.5,63,74,55,4
Student_3116,Male,ME,19,82,4.9,98,46,62,4
Student_3117,Male,ECE,19,85,4.3,53,35,55,0
Student_3118,Female,CSE,22,62,1.8,88,35,44,4
Student_3119,Female,ME,18,53,6.8,80,42,50,5
Student_3120,Female,CE,23,72,3.9,90,67,61,5
Student_3121,Female,ECE,22,57,2.8,42,84,51,4
Student_3122,Male,CSE,22,62,6.5,86,40,61,2
Student_3123,Female,CSE,19,73,7.4,60,94,82,1
Student_3124,Male,CSE,23,89,3.1,65,97,67,5
Student_3125,Male,ECE,20,95,6.4,40,86,75,1
Student_3126,Female,ME,21,79,5.6,69,37,53,3
Student_3127,Female,CSE,19,79,7.9,90,40,71,1
Student_3128,Female,CE,23,74,2.4,43,71,45,5
Student_3129,Male,CSE,23,82,7.7,53,85,66,5
Student_3130,Female,ME,18,58,3.2,57,61,59,0
Student_3131,Female,ECE,21,75,3.9,51,80,58,4
Student_3132,Male,CSE,19,73,3.5,77,51,62,1
Student_3133,Female,CSE,19,82,2.9,81,51,60,2
Student_3134,Male,CE,20,88,5.9,75,57,65,3
Student_3135,Female,CE,18,74,5.1,55,73,70,0
Student_3136,Male,CSE,18,94,3.1,40,67,60,1
Student_3137,Female,CSE,23,64,1.9,42,100,57,4
Student_3138,Female,CE,23,90,3.2,78,44,59,2
Student_3139,Male,ME,19,97,3.7,74,74,63,5
Student_3140,Male,IT,20,98,3.7,100,49,73,1
Student_3141,Female,IT,19,90,3.5,93,77,71,4
Student_3142,Male,CSE,22,55,1.3,98,46,58,1
Student_3143,Male,CE,23,69,4.2,54,56,60,0
Student_3144,Male,ECE,22,93,6.9,77,52,67,3
Student_3145,Male,ECE,20,65,2.3,55,100,62,4
Student_3146,Female,IT,19,70,2.0,56,96,64,3
Student_3147,Female,ME,23,64,4.3,73,95,72,3
Student_3148,Male,IT,20,88,3.6,49,94,62,5
Student_3149,Male,CSE,19,91,4.9,50,73,66,2
Student_3150,Male,ME,19,53,7.6,67,56,56,4
Student_3151,Male,ECE,22,73,6.3,66,48,60,2
Student_3152,Female,CE,21,52,5.8,77,41,46,5
Student_3153,Female,CE,18,99,3.9,57,69,63,3
Student_3154,Male,CSE,23,50,3.0,86,68,69,0
Student_3155,Male,IT,18,79,4.8,87,97,90,0
Student_3156,Male,CSE,20,62,7.2,69,36,58,1
Student_3157,Female,CE,18,67,7.1,52,79,71,1
Student_3158,Male,ECE,22,89,4.1,55,97,69,4
Student_3159,Female,CE,21,60,2.7,41,36,44,0
Student_3160,Male,ME,23,91,2.6,59,88,67,3
Student_3161,Female,CE,19,78,1.2,51,85,67,0
Student_3162,Male,CE,19,53,6.9,68,75,62,4
Student_3163,Female,ME,22,74,2.9,85,39,58,1
Student_3164,Male,IT,23,85,3.5,47,59,46,5
Student_3165,Male,CE,18,85,6.7,77,35,64,1
Student_3166,Male,CSE,19,93,1.8,85,43,49,5
Student_3167,Female,CE,18,89,4.2,95,100,88,2
Student_3168,Male,CSE,22,77,1.9,86,38,45,5
Student_3169,Female,ME,19,94,4.1,59,55,63,1
Student_3170,Female,CE,20,57,1.3,98,95,72,3
Student_3171,Male,ME,21,70,4.6,74,60,57,4
Student_3172,Male,ME,18,84,6.6,78,78,81,1
Student_3173,Male,IT,23,93,5.7,70,71,76,1
Student_3174,Female,CE,18,67,4.6,55,44,41,5
Student_3175,Male,CSE,18,96,6.8,62,81,74,3
Student_3176,Female,CSE,18,74,2.6,73,57,61,1
Student_3177,Female,CE,22,95,6.8,71,88,80,3
Student_3178,Male,IT,22,90,2.9,56,93,74,1
Student_3179,Male,IT,23,54,3.5,82,53,54,3
Student_3180,Male,IT,22,96,1.9,63,59,62,1
Student_3181,Male,CSE,23,57,1.7,74,47,43,4
Student_3182,Male,ME,23,72,7.5,93,55,73,2
Student_3183,Male,IT,22,52,2.3,62,56,50,2
Student_3184,Female,CSE,19,93,3.3,47,81,71,0
Student_3185,Female,CSE,22,86,4.7,93,97,87,2
Student_3186,Female,ME,19,80,3.4,62,63,57,3
Student_3187,Male,CE,20,78,7.1,60,83,72,3
Student_3188,Female,CE,22,90,7.3,58,59,58,5
Student_3189,Female,IT,20,69,3.3,70,57,58,2
Student_3190,Female,IT,22,52,1.6,89,83,58,5
Student_3191,Female,ME,20,72,2.5,46,57,47,3
Student_3192,Female,IT,21,89,4.3,87,39,56,4
Student_3193,Male,ME,20,70,3.0,63,63,55,3
Student_3194,Male,CSE,19,62,4.2,85,39,46,5
Student_3195,Female,IT,18,57,6.3,47,73,55,4
Student_3196,Female,CSE,23,54,3.9,52,69,49,4
Student_3197,Female,ECE,20,74,2.4,42,64,45,4
Student_3198,Male,ME,18,88,3.5,73,90,79,1
Student_3199,Male,ECE,21,86,6.2,52,36,59,0
Student_3200,Female,IT,21,90,4.0,96,49,59,5
Student_3201,Male,CSE,19,54,2.7,93,85,69,3
Student_3202,Male,IT,19,57,4.0,97,57,68,1
Student_3203,Female,ECE,20,93,4.2,71,60,57,5
Student_3204,Male,IT,22,53,3.1,74,45,57,0
Student_3205,Male,CE,21,90,8.0,60,58,72,1
Student_3206,Female,ECE,18,71,6.4,40,43,47,3
Student_3207,Male,IT,22,63,5.8,41,44,39,5
Student_3208,Male,CSE,21,68,7.0,96,91,80,4
Student_3209,Female,IT,20,62,5.7,81,49,64,1
Student_3210,Male,CSE,21,84,6.5,82,67,81,0
Student_3211,Male,CE,19,53,3.9,65,45,55,0
Student_3212,Female,IT,18,82,4.5,42,53,59,0
Student_3213,Female,CE,18,71,1.3,63,76,51,5
Student_3214,Female,ECE,19,50,3.0,65,92,69,1
Student_3215,Male,CSE,22,60,3.6,47,52,54,0
Student_3216,Female,ECE,19,65,5.4,86,52,64,2
Student_3217,Male,CSE,18,53,4.2,76,56,49,5
Student_3218,Female,CE,20,78,5.3,47,86,74,0
Student_3219,Male,ME,22,88,6.0,57,78,77,0
Student_3220,Female,IT,23,93,1.3,57,65,61,1
Student_3221,Female,CE,21,87,2.8,51,43,46,3
Student_3222,Female,CSE,23,73,2.2,75,84,72,1
Student_3223,Female,CSE,20,58,2.3,79,95,74,1
Student_3224,Male,CSE,23,57,4.5,41,53,47,2
Student_3225,Female,CSE,22,63,6.2,59,86,68,3
Student_3226,Female,IT,18,64,2.9,95,89,79,1
Student_3227,Male,ECE,18,71,6.8,42,59,58,2
Student_3228,Female,ME,20,86,7.2,79,47,71,1
Student_3229,Male,IT,23,64,3.5,83,68,65,2
Student_3230,Female,CSE,22,55,5.8,73,59,53,5
Student_3231,Female,IT,21,50,1.8,88,98,67,4
Student_3232,Female,CE,23,69,6.2,85,44,69,0
Student_3233,Male,CSE,23,90,2.2,85,51,68,0
Student_3234,Female,ME,21,85,5.8,45,39,54,1
Student_3235,Female,CSE,19,51,4.0,79,44,53,2
Student_3236,Female,ME,20,55,7.5,96,61,67,4
Student_3237,Male,ME,22,51,4.3,49,90,69,0
Student_3238,Male,ECE,20,52,1.2,63,41,45,1
Student_3239,Female,ECE,21,56,4.4,57,63,47,5
Student_3240,Male,IT,22,69,6.6,72,83,78,1
Student_3241,Female,IT,18,98,5.5,78,73,77,2
Student_3242,Female,ME,18,90,7.8,46,43,55,3
Student_3243,Female,CSE,22,90,6.9,84,95,80,5
Student_3244,Female,CE,20,100,4.7,87,88,87,1
Student_3245,Female,CE,20,54,2.4,83,43,45,4
Student_3246,Female,CSE,18,74,1.0,68,94,62,4
Student_3247,Female,CSE,18,87,7.9,58,86,76,3
Student_3248,Male,ECE,21,67,7.6,77,45,57,4
Student_3249,Male,CE,22,50,2.9,78,69,60,2
Student_3250,Male,ME,20,74,5.5,64,70,70,1
Student_3251,Male,IT,21,66,6.1,56,89,71,2
Student_3252,Male,ECE,20,95,5.0,100,37,64,3
Student_3253,Male,CE,18,64,6.9,90,87,79,3
Student_3254,Male,CSE,22,54,1.5,76,62,55,2
Student_3255,Female,CE,19,66,7.3,42,87,60,5
Student_3256,Female,ME,22,70,3.7,63,88,75,0
Student_3257,Female,ECE,23,72,4.4,97,87,78,3
Student_3258,Female,CSE,19,92,4.1,93,99,91,1
Student_3259,Male,ME,21,59,4.7,57,87,58,5
Student_3260,Male,IT,19,66,5.2,88,74,70,3
Student_3261,Female,ECE,19,50,6.0,65,75,65,2
Student_3262,Female,ME,21,86,4.7,60,72,67,2
Student_3263,Male,ME,22,97,5.8,50,63,59,4
Student_3264,Female,CSE,21,56,3.4,96,65,57,5
Student_3265,Female,IT,23,61,7.6,97,95,94,0
Student_3266,Female,ME,18,89,1.5,80,74,68,2
Student_3267,Female,ECE,18,99,4.8,56,36,48,4
Student_3268,Male,ME,19,50,1.6,90,82,61,4
Student_3269,Female,CE,21,69,4.1,84,35,58,1
Student_3270,Female,ECE,21,93,2.8,77,93,72,4
Student_3271,Male,ECE,21,80,7.6,60,66,75,0
Student_3272,Male,ME,23,53,1.1,43,36,37,1
Student_3273,Female,CSE,23,75,3.7,100,93,83,2
Student_3274,Male,ECE,22,61,6.5,71,37,46,5
Student_3275,Female,CE,20,71,2.3,57,83,63,2
Student_3276,Female,CSE,20,50,6.7,83,68,63,4
Student_3277,Male,CSE,20,50,7.0,99,96,83,3
Student_3278,Female,CSE,22,52,6.0,67,68,69,0
Student_3279,Female,ECE,21,61,2.5,75,57,62,0
Student_3280,Female,CSE,20,70,2.9,76,53,51,4
Student_3281,Female,ME,21,62,2.2,83,86,76,0
Student_3282,Male,CSE,19,62,2.3,89,94,78,1
Student_3283,Male,CE,20,90,1.3,65,62,52,4
Student_3284,Female,IT,19,67,7.0,88,83,78,3
Student_3285,Male,CE,22,82,4.7,94,79,79,2
Student_3286,Female,ECE,18,55,3.3,94,94,83,0
Student_3287,Female,CSE,23,74,3.0,63,90,60,5
Student_3288,Female,CSE,22,72,4.8,49,38,47,2
Student_3289,Female,ME,22,73,3.3,77,52,56,3
Student_3290,Female,CSE,22,86,7.0,88,63,73,3
Student_3291,Male,CE,20,75,2.5,47,73,60,1
Student_3292,Female,ECE,19,53,7.2,41,89,63,3
Student_3293,Male,IT,23,87,5.6,83,92,81,3
Student_3294,Male,CSE,20,84,7.7,74,81,86,0
Student_3295,Female,IT,18,98,1.1,95,65,70,2
Student_3296,Female,CSE,23,60,1.4,91,62,51,5
Student_3297,Female,ECE,22,85,4.5,60,61,68,0
Student_3298,Female,CE,21,74,7.4,96,64,84,0
Student_3299,Female,ECE,18,69,6.1,66,83,67,4
Student_3300,Male,IT,19,50,5.4,62,76,54,5
Student_3301,Female,CSE,18,79,1.2,71,35,41,4
Student_3302,Female,IT,20,53,3.5,65,78,65,1
Student_3303,Male,CE,21,72,3.4,99,71,64,5
Student_3304,Male,ECE,20,84,4.8,46,67,64,1
Student_3305,Female,IT,23,91,2.8,72,55,58,3
Student_3306,Male,IT,22,71,2.9,56,74,63,1
Student_3307,Female,CE,22,80,5.3,47,95,75,1
Student_3308,Male,CSE,18,50,7.6,81,47,59,3
Student_3309,Male,IT,22,53,5.6,56,72,61,2
Student_3310,Female,CE,22,68,5.7,87,63,67,3
Student_3311,Male,CSE,23,79,7.9,81,87,81,3
Student_3312,Male,CSE,19,50,2.1,86,98,73,2
Student_3313,Male,ECE,19,97,1.2,87,70,66,3
Student_3314,Male,CE,20,68,6.2,57,39,46,4
Student_3315,Male,CSE,20,70,4.1,75,54,63,1
Student_3316,Male,ECE,19,71,4.0,96,45,60,3
Student_3317,Female,ME,18,99,2.6,78,62,73,0
Student_3318,Female,CE,19,51,4.5,100,83,79,1
Student_3319,Male,ME,20,55,4.1,100,75,67,4
Student_3320,Female,CSE,21,70,3.4,83,52,54,4
Student_3321,Female,CE,22,82,4.1,62,64,59,3
Student_3322,Female,ECE,23,68,3.7,51,48,49,2
Student_3323,Male,CSE,21,76,7.6,97,90,95,0
Student_3324,Female,CE,21,86,7.9,62,86,77,3
Student_3325,Male,CE,22,78,6.9,92,100,90,2
Student_3326,Female,ME,19,77,7.9,72,63,66,4
Student_3327,Male,CSE,18,83,2.9,92,61,71,1
Student_3328,Male,ECE,21,50,6.9,95,69,67,4
Student_3329,Female,ECE,18,97,3.8,67,44,55,3
Student_3330,Female,CSE,23,74,6.2,83,60,70,2
Student_3331,Male,CSE,23,70,2.4,62,95,66,3
Student_3332,Female,IT,23,83,6.7,46,90,67,4
Student_3333,Female,ME,20,75,1.6,86,98,83,0
Student_3334,Female,CSE,21,85,2.9,41,75,53,4
Student_3335,Male,CSE,23,84,6.8,40,38,48,3
Student_3336,Male,IT,20,72,6.2,43,100,73,2
Student_3337,Female,IT,23,66,4.5,47,71,55,3
Student_3338,Female,CE,19,96,5.7,88,68,81,1
Student_3339,Female,ECE,21,91,2.3,68,84,73,1
Student_3340,Male,ME,20,61,5.7,57,76,65,2
Student_3341,Male,CE,23,93,1.1,94,35,51,4
Student_3342,Female,CSE,20,69,6.8,76,68,68,3
Student_3343,Female,IT,23,88,4.6,70,44,50,5
Student_3344,Female,ECE,19,76,7.6,45,39,44,5
Student_3345,Female,CE,18,91,4.3,83,78,79,1
Student_3346,Female,ECE,23,86,4.0,63,53,65,0
Student_3347,Female,IT,18,69,4.2,99,55,70,1
Student_3348,Male,CE,21,60,3.5,87,68,60,4
Student_3349,Female,CE,19,77,2.2,80,63,63,2
Student_3350,Male,ECE,21,51,6.9,54,74,69,0
Student_3351,Female,IT,18,73,3.7,79,52,57,3
Student_3352,Female,CSE,19,65,4.7,51,83,61,3
Student_3353,Male,CE,22,61,1.1,85,95,62,5
Student_3354,Male,CSE,19,65,1.4,88,99,75,2
Student_3355,Male,IT,19,85,5.2,53,70,71,0
Student_3356,Male,CE,22,51,7.2,66,41,60,0
Student_3357,Female,CE,20,74,4.5,91,95,89,0
Student_3358,Male,CSE,20,78,2.2,76,98,76,2
Student_3359,Female,ME,20,77,1.8,52,64,54,2
Student_3360,Male,CSE,18,59,7.3,96,51,66,3
Student_3361,Female,CSE,19,94,5.9,77,78,81,1
Student_3362,Female,ME,23,72,7.8,85,60,67,4
Student_3363,Female,IT,22,81,1.6,77,51,53,3
Student_3364,Female,IT,23,80,7.3,42,69,55,5
Student_3365,Female,CE,18,68,6.9,55,80,60,5
Student_3366,Female,ECE,22,64,7.3,51,39,43,5
Student_3367,Male,ECE,23,82,1.0,53,79,65,0
Student_3368,Female,CE,18,66,6.2,73,50,64,1
Student_3369,Male,ECE,18,85,4.8,89,92,78,4
Student_3370,Male,CSE,18,69,5.0,70,76,75,0
Student_3371,Female,CSE,22,58,4.3,78,94,75,2
Student_3372,Male,ME,23,87,6.2,44,90,76,1
Student_3373,Female,ME,23,52,8.0,51,40,51,2
Student_3374,Male,CE,21,51,6.0,65,54,51,4
Student_3375,Female,CE,18,67,5.7,56,58,49,5
Student_3376,Male,CE,20,72,5.6,83,86,72,4
Student_3377,Female,CSE,19,68,5.9,92,44,70,0
Student_3378,Female,ECE,21,56,3.4,50,59,50,2
Student_3379,Female,CE,21,84,3.2,72,79,67,3
Student_3380,Female,CE,22,99,6.5,80,35,55,5
Student_3381,Male,CSE,21,69,1.4,79,59,54,3
Student_3382,Female,CSE,23,69,6.3,85,43,63,2
Student_3383,Male,CSE,22,68,6.7,43,76,58,4
Student_3384,Male,ECE,22,90,4.7,71,97,72,5
Student_3385,Male,CE,20,65,7.4,70,59,69,1
Student_3386,Female,IT,18,87,4.3,50,82,58,5
Student_3387,Male,IT,21,70,2.2,56,89,64,2
Student_3388,Male,CE,18,78,3.5,66,100,82,0
Student_3389,Male,CE,18,93,7.3,47,58,61,3
Student_3390,Female,CE,18,87,8.0,60,78,67,5
Student_3391,Female,CE,22,94,4.0,72,90,84,0
Student_3392,Male,ECE,18,73,2.2,89,69,70,1
Student_3393,Female,IT,21,86,3.0,44,68,54,3
Student_3394,Female,ME,22,78,4.9,100,40,62,3
Student_3395,Male,IT,21,80,5.0,71,83,71,3
Student_3396,Male,IT,22,94,5.4,64,50,53,5
Student_3397,Female,CSE,19,88,6.8,97,47,79,0
Student_3398,Male,CE,19,61,6.0,47,46,44,4
Student_3399,Female,CE,19,79,2.8,66,45,59,0
Student_3400,Female,CE,19,53,3.8,65,81,58,4
Student_3401,Female,CSE,22,79,6.9,79,94,75,5
Student_3402,Female,ECE,18,54,5.4,68,83,69,2
Student_3403,Female,ECE,20,65,2.2,48,86,57,3
Student_3404,Female,ME,23,76,3.3,57,95,76,0
Student_3405,Male,ECE,20,53,6.5,46,74,64,1
Student_3406,Male,ECE,19,57,2.2,81,87,71,1
Student_3407,Female,CE,18,97,5.8,60,95,75,4
Student_3408,Female,IT,21,57,4.9,55,56,48,4
Student_3409,Female,ECE,18,66,2.0,42,72,49,3
Student_3410,Male,ECE,21,95,5.8,71,95,77,4
Student_3411,Female,CSE,20,93,2.0,49,81,66,1
Student_3412,Male,ME,18,52,3.8,71,61,63,0
Student_3413,Female,CSE,18,76,3.2,47,52,56,0
Student_3414,Female,CE,23,83,5.8,71,54,59,4
Student_3415,Male,IT,20,94,6.5,89,76,76,4
Student_3416,Male,ME,18,70,2.2,43,75,46,5
Student_3417,Female,CSE,21,92,6.7,68,92,86,1
Student_3418,Female,ECE,18,73,1.1,51,74,55,2
Student_3419,Female,ECE,21,93,4.7,92,64,81,0
Student_3420,Male,ME,19,99,4.6,76,46,58,4
Student_3421,Male,ECE,18,90,5.4,75,96,74,5
Student_3422,Male,CSE,21,78,2.7,90,96,71,5
Student_3423,Male,CSE,20,88,1.1,58,49,41,5
Student_3424,Male,ECE,19,55,4.2,76,41,43,5
Student_3425,Male,ECE,18,63,1.5,86,40,48,3
Student_3426,Female,CE,23,99,7.2,70,61,67,4
Student_3427,Female,IT,21,63,2.2,83,36,44,4
Student_3428,Male,ME,23,86,4.0,65,40,45,5
Student_3429,Female,CSE,18,73,4.0,84,95,85,0
Student_3430,Female,ME,21,62,4.9,45,66,50,4
Student_3431,Male,CE,18,50,6.5,68,63,59,3
Student_3432,Female,CSE,19,61,4.3,56,99,68,3
Student_3433,Male,CE,19,100,1.2,98,49,56,5
Student_3434,Male,CE,18,91,6.4,59,44,57,3
Student_3435,Female,ECE,18,73,1.6,81,44,56,1
Student_3436,Male,ME,22,86,5.5,85,44,62,3
Student_3437,Male,ME,18,69,6.6,86,71,66,5
Student_3438,Male,ECE,18,55,3.0,49,66,43,5
Student_3439,Male,ME,23,61,4.1,45,70,46,5
Student_3440,Male,ECE,23,70,1.1,100,98,85,0
Student_3441,Male,CSE,19,52,6.6,87,49,63,2
Student_3442,Male,CE,23,76,5.9,71,50,56,4
Student_3443,Male,CE,18,95,2.6,41,80,56,4
Student_3444,Female,ME,20,85,3.7,49,78,58,4
Student_3445,Female,IT,18,66,5.9,76,69,66,3
Student_3446,Female,CE,22,98,3.5,66,85,71,3
Student_3447,Male,ECE,21,95,2.1,80,92,75,3
Student_3448,Male,IT,19,64,4.6,58,39,49,2
Student_3449,Female,IT,23,88,6.1,90,72,79,2
Student_3450,Female,CE,20,53,3.2,80,40,51,2
Student_3451,Female,CE,21,66,1.9,55,85,61,2
Student_3452,Male,CE,20,87,6.8,100,48,74,2
Student_3453,Female,ECE,19,60,2.8,90,82,65,4
Student_3454,Female,IT,23,61,4.6,59,46,45,4
Student_3455,Male,ME,22,96,5.8,99,86,88,2
Student_3456,Female,ECE,19,81,3.2,96,93,76,4
Student_3457,Male,CSE,20,76,5.5,75,52,63,2
Student_3458,Male,CE,20,93,4.2,44,87,69,2
Student_3459,Male,IT,19,92,5.0,57,65,65,2
Student_3460,Female,ECE,18,76,5.1,47,69,55,4
Student_3461,Female,CSE,19,98,6.8,52,38,61,1
Student_3462,Male,ECE,23,89,5.6,80,43,67,1
Student_3463,Female,ECE,23,93,2.9,49,49,43,5
Student_3464,Female,ME,22,78,1.4,75,76,56,5
Student_3465,Female,ME,19,58,1.0,58,93,65,1
Student_3466,Female,ECE,21,92,7.3,70,66,80,0
Student_3467,Male,CSE,23,52,7.6,75,79,76,1
Student_3468,Female,IT,23,88,1.7,68,39,54,1
Student_3469,Male,IT,23,78,4.4,84,65,72,1
Student_3470,Male,CE,18,70,2.1,62,59,51,3
Student_3471,Female,CE,21,84,7.6,71,90,83,2
Student_3472,Male,IT,19,97,2.7,88,35,50,5
Student_3473,Female,ECE,18,59,4.5,98,95,76,4
Student_3474,Female,ECE,23,72,2.2,50,76,55,3
Student_3475,Male,ME,21,88,3.3,41,93,67,2
Student_3476,Male,ME,21,74,2.9,71,84,72,1
Student_3477,Male,CE,18,73,4.3,97,68,76,1
Student_3478,Male,IT,23,69,3.9,44,88,61,3
Student_3479,Female,ECE,18,64,3.3,96,48,55,4
Student_3480,Female,IT,20,70,1.7,70,66,55,3
Student_3481,Female,CSE,23,91,4.4,52,42,50,3
Student_3482,Male,IT,18,61,7.0,61,69,57,5
Student_3483,Male,CSE,19,67,6.1,74,58,65,2
Student_3484,Male,ME,23,72,6.0,58,37,58,0
Student_3485,Female,ME,22,90,3.6,68,70,58,5
Student_3486,Male,CE,23,78,6.0,62,85,68,4
Student_3487,Female,IT,20,90,4.3,58,91,68,4
Student_3488,Male,IT,18,85,2.1,55,93,65,3
Student_3489,Female,CSE,22,54,3.9,70,56,53,3
Student_3490,Female,ME,20,88,1.9,55,71,63,1
Student_3491,Male,CSE,19,75,1.8,65,46,47,3
Student_3492,Male,ME,23,88,1.2,42,55,48,2
Student_3493,Female,CSE,22,60,3.0,97,49,63,1
Student_3494,Female,ME,18,91,3.3,99,46,72,0
Student_3495,Male,CSE,18,60,5.9,62,90,72,2
Student_3496,Male,ME,19,67,4.8,96,50,59,4
Student_3497,Female,CSE,20,61,7.0,48,67,55,4
Student_3498,Male,IT,22,65,2.2,90,77,69,2
Student_3499,Female,CE,19,76,2.9,63,83,58,5
Student_3500,Female,CSE,20,85,7.6,72,52,65,3
Student_3501,Male,CE,21,66,4.1,53,50,48,3
Student_3502,Male,IT,21,98,6.5,67,74,73,3
Student_3503,Male,IT,20,70,4.4,63,96,68,4
Student_3504,Male,ME,18,86,4.3,82,61,68,2
Student_3505,Male,CE,18,80,2.0,89,48,56,3
Student_3506,Female,ECE,21,94,7.0,91,100,85,5
Student_3507,Female,ME,18,84,1.5,46,61,55,1
Student_3508,Male,CE,18,76,3.2,77,88,67,4
Student_3509,Male,CSE,20,72,5.7,83,94,73,5
Student_3510,Male,CSE,23,81,4.6,64,74,68,2
Student_3511,Female,IT,20,66,7.2,95,79,72,5
Student_3512,Male,ECE,18,60,1.3,41,97,59,2
Student_3513,Male,CSE,20,50,5.5,84,74,69,2
Student_3514,Female,CE,22,77,4.3,91,75,75,2
Student_3515,Female,CE,21,67,2.1,40,95,67,0
Student_3516,Male,CSE,23,98,6.2,62,99,87,1
Student_3517,Male,CE,22,90,3.9,86,35,50,5
Student_3518,Male,CE,22,69,4.7,91,43,67,0
Student_3519,Female,IT,18,56,7.8,79,49,55,5
Student_3520,Male,ECE,18,86,4.4,57,93,71,3
Student_3521,Male,IT,22,65,6.8,86,100,77,5
Student_3522,Male,ECE,22,88,6.4,47,44,62,0
Student_3523,Female,CE,19,94,5.6,73,83,85,0
Student_3524,Female,ECE,19,94,7.3,82,45,63,4
Student_3525,Male,CE,21,96,2.8,47,64,58,2
Student_3526,Male,CE,22,72,6.7,68,57,71,0
Student_3527,Female,IT,20,81,3.6,52,56,55,2
Student_3528,Female,IT,23,98,6.7,40,85,76,1
Student_3529,Female,ME,19,66,4.5,68,76,73,0
Student_3530,Female,CSE,18,68,7.0,89,63,67,4
Student_3531,Female,ME,22,91,7.3,76,79,75,4
Student_3532,Female,ME,20,83,5.2,40,67,56,3
Student_3533,Female,ECE,23,63,4.6,83,73,75,0
Student_3534,Female,CE,20,52,6.5,44,99,73,1
Student_3535,Female,CE,20,88,2.9,92,84,78,2
Student_3536,Male,CE,18,74,1.1,87,82,60,5
Student_3537,Male,CSE,19,60,3.8,94,71,61,5
Student_3538,Male,ECE,20,98,4.6,89,67,67,5
Student_3539,Female,ECE,23,64,3.1,41,40,32,5
Student_3540,Male,CE,19,68,3.7,86,89,82,0
Student_3541,Female,ME,21,92,1.9,99,78,74,3
Student_3542,Female,CSE,18,64,2.9,61,84,58,4
Student_3543,Male,ME,19,64,2.7,69,88,59,5
Student_3544,Female,IT,19,87,3.1,50,97,77,0
Student_3545,Male,ECE,20,64,3.1,68,50,50,3
Student_3546,Male,ECE,23,58,4.9,81,81,75,1
Student_3547,Male,ME,20,54,2.8,42,91,50,5
Student_3548,Female,CSE,23,68,7.6,84,36,62,2
Student_3549,Male,ECE,18,73,4.6,52,71,64,1
Student_3550,Female,ME,19,78,1.9,95,57,67,1
Student_3551,Male,CSE,22,54,3.0,42,47,33,5
Student_3552,Male,ME,23,71,6.1,49,99,74,2
Student_3553,Male,CSE,23,62,1.1,43,82,60,0
Student_3554,Female,CE,20,99,7.6,53,41,61,2
Student_3555,Female,CSE,20,98,4.1,100,65,74,3
Student_3556,Female,IT,21,96,4.6,62,97,82,1
Student_3557,Male,CE,23,95,7.9,56,79,68,5
Student_3558,Male,ME,18,78,4.5,40,90,66,2
Student_3559,Female,CE,19,65,7.6,96,98,84,4
Student_3560,Female,CE,19,85,7.4,54,56,64,2
Student_3561,Female,ME,19,66,7.6,99,97,90,2
Student_3562,Female,ME,23,69,6.7,93,62,70,3
Student_3563,Female,IT,20,63,3.1,92,78,62,5
Student_3564,Female,ME,18,99,3.4,41,48,55,1
Student_3565,Male,ECE,19,55,3.6,57,53,47,3
Student_3566,Female,ECE,23,71,7.9,78,94,82,3
Student_3567,Male,IT,22,89,3.5,61,36,45,4
Student_3568,Male,CSE,21,58,1.8,67,85,60,3
Student_3569,Female,CSE,21,81,6.4,69,68,61,5
Student_3570,Female,ECE,19,73,3.6,52,85,62,3
Student_3571,Male,ME,20,82,5.3,95,53,64,4
Student_3572,Female,IT,21,62,7.5,42,70,68,0
Student_3573,Female,CSE,21,84,5.0,42,60,54,3
Student_3574,Male,CSE,21,55,5.5,84,69,68,2
Student_3575,Male,CE,21,98,5.5,92,97,88,3
Student_3576,Male,ECE,19,89,5.3,65,38,60,1
Student_3577,Female,ME,23,79,2.1,43,37,41,2
Student_3578,Male,IT,18,87,4.2,55,39,51,2
Student_3579,Female,CSE,18,65,1.1,67,63,60,0
Student_3580,Male,CE,20,50,5.4,47,53,53,1
Student_3581,Male,ECE,23,91,5.0,93,51,73,1
Student_3582,Male,ECE,22,67,3.2,79,68,67,1
Student_3583,Female,IT,18,71,4.7,55,54,52,3
Student_3584,Female,CSE,22,75,4.5,70,62,60,3
Student_3585,Male,IT,18,63,2.8,62,44,48,2
Student_3586,Male,IT,18,86,3.1,41,55,57,0
Student_3587,Male,CE,20,98,6.3,48,38,52,3
Student_3588,Female,ECE,21,63,6.3,66,56,52,5
Student_3589,Male,ME,20,75,4.3,84,96,72,5
Student_3590,Female,ECE,18,99,6.0,93,46,69,3
Student_3591,Male,ECE,23,85,4.2,98,45,72,0
Student_3592,Male,CE,21,72,7.0,98,56,77,1
Student_3593,Male,ME,23,51,3.3,61,63,54,2
Student_3594,Male,CSE,23,88,7.5,83,95,86,3
Student_3595,Male,ME,23,56,4.8,73,95,80,0
Student_3596,Male,CSE,21,88,4.7,48,61,65,0
Student_3597,Female,ME,23,94,5.7,72,81,81,1
Student_3598,Male,IT,21,100,3.4,77,48,57,4
Student_3599,Female,ME,22,71,6.1,95,41,59,4
Student_3600,Male,CE,18,77,3.2,73,49,51,4
Student_3601,Male,CSE,19,87,3.8,74,80,67,4
Student_3602,Female,ECE,23,69,5.7,97,62,70,3
Student_3603,Male,CE,20,98,3.6,86,77,68,5
Student_3604,Female,CSE,22,67,2.4,65,44,40,5
Student_3605,Female,CSE,20,73,7.1,46,85,76,0
Student_3606,Male,ECE,19,82,7.5,84,37,56,5
Student_3607,Female,IT,21,94,5.4,87,78,71,5
Student_3608,Female,CE,19,75,6.7,84,88,82,2
Student_3609,Male,ECE,20,68,7.9,66,68,61,5
Student_3610,Female,ECE,19,97,5.3,51,99,69,5
Student_3611,Male,IT,18,91,7.4,56,59,58,5
Student_3612,Male,CE,19,62,3.5,60,97,67,3
Student_3613,Male,ECE,23,59,5.9,82,79,67,4
Student_3614,Male,IT,18,63,1.4,61,60,51,2
Student_3615,Female,CE,23,58,6.5,65,60,62,2
Student_3616,Male,ME,19,60,6.8,78,60,58,5
Student_3617,Male,CSE,18,52,3.8,52,96,57,5
Student_3618,Female,IT,18,89,5.5,81,95,79,4
Student_3619,Male,CSE,19,61,7.0,81,36,58,2
Student_3620,Male,ME,22,84,7.2,84,75,77,3
Student_3621,Female,ECE,21,88,1.7,62,79,68,1
Student_3622,Female,ECE,21,95,6.8,90,48,69,3
Student_3623,Female,CE,21,88,2.9,69,71,63,3
Student_3624,Female,IT,18,81,6.1,94,36,68,1
Student_3625,Female,IT,21,88,3.3,56,39,44,4
Student_3626,Female,CE,18,63,1.4,66,36,37,4
Student_3627,Female,CSE,22,93,2.5,59,35,52,1
Student_3628,Male,ECE,19,50,3.9,46,82,49,5
Student_3629,Female,ECE,19,76,6.2,94,56,69,3
Student_3630,Female,IT,18,86,1.7,43,75,63,0
Student_3631,Female,IT,18,92,6.7,88,59,75,2
Student_3632,Male,CE,22,50,8.0,70,80,73,2
Student_3633,Male,ME,21,94,6.5,69,43,63,2
Student_3634,Female,CSE,22,78,4.3,70,95,83,0
Student_3635,Female,ME,19,73,5.0,95,81,76,3
Student_3636,Female,ME,19,66,1.0,43,37,30,4
Student_3637,Male,IT,23,84,2.5,57,42,40,5
Student_3638,Male,IT,21,80,7.3,59,59,68,1
Student_3639,Female,IT,19,91,1.2,79,70,66,2
Student_3640,Male,ME,23,81,7.3,79,77,70,5
Student_3641,Female,CSE,18,68,1.8,92,84,78,0
Student_3642,Male,IT,19,80,1.9,87,97,69,5
Student_3643,Male,ECE,20,88,2.2,86,68,72,1
Student_3644,Female,CSE,21,69,6.6,89,44,62,3
Student_3645,Female,ECE,23,77,4.3,62,61,67,0
Student_3646,Female,CSE,21,52,2.0,90,47,45,5
Student_3647,Female,IT,21,81,5.8,77,85,84,0
Student_3648,Male,CE,20,71,7.6,48,50,60,1
Student_3649,Male,IT,22,93,5.0,100,46,74,1
Student_3650,Male,ME,18,91,1.7,55,59,55,2
Student_3651,Female,ME,21,93,1.4,60,83,63,3
Student_3652,Male,CSE,19,64,6.6,48,50,57,1
Student_3653,Female,ME,18,87,5.4,91,36,63,2
Student_3654,Male,IT,19,68,7.5,64,69,60,5
Student_3655,Female,ECE,18,80,4.8,88,56,68,2
Student_3656,Female,IT,18,75,1.4,75,82,70,1
Student_3657,Male,CSE,23,54,3.8,86,98,83,0
Student_3658,Female,ME,19,69,5.6,82,56,57,5
Student_3659,Female,ECE,19,51,3.7,53,81,65,0
Student_3660,Male,CE,18,70,8.0,56,74,76,0
Student_3661,Female,ECE,21,100,3.8,67,87,76,2
Student_3662,Female,ECE,19,100,4.8,84,37,69,0
Student_3663,Female,IT,20,85,2.6,80,40,53,3
Student_3664,Male,CE,20,77,2.1,95,48,67,0
Student_3665,Male,CSE,18,69,5.5,87,92,72,5
Student_3666,Female,CSE,22,86,5.1,47,41,42,5
Student_3667,Male,ECE,18,88,1.0,53,63,60,0
Student_3668,Female,ECE,18,85,3.0,54,37,48,2
Student_3669,Female,ME,21,60,5.5,78,47,50,5
Student_3670,Female,CE,21,52,6.7,64,70,59,4
Student_3671,Female,ECE,23,86,3.2,98,72,72,3
Student_3672,Female,ME,22,69,5.5,50,94,71,2
Student_3673,Male,CE,22,81,2.9,68,56,55,3
Student_3674,Female,CSE,22,96,5.8,42,55,56,3
Student_3675,Male,ME,22,74,5.9,78,67,76,0
Student_3676,Male,CE,22,70,1.9,61,38,42,3
Student_3677,Female,ME,18,99,5.7,76,78,85,0
Student_3678,Female,ECE,18,65,3.3,80,35,48,3
Student_3679,Male,IT,23,97,2.2,59,96,64,5
Student_3680,Male,CSE,20,91,4.5,58,56,55,4
Student_3681,Male,ECE,20,50,4.2,52,93,62,3
Student_3682,Female,ECE,23,72,6.4,66,71,72,1
Student_3683,Male,CE,23,92,1.6,58,57,61,0
Student_3684,Female,ME,19,98,6.5,55,67,63,4
Student_3685,Female,CSE,18,73,1.7,41,56,52,0
Student_3686,Female,ECE,22,96,2.5,40,98,63,4
Student_3687,Male,CE,19,74,4.6,42,96,75,0
Student_3688,Female,CSE,21,56,4.2,63,88,70,1
Student_3689,Female,ME,18,87,7.9,83,92,79,5
Student_3690,Female,ECE,23,96,5.1,77,46,67,1
Student_3691,Female,ECE,20,96,3.3,41,52,46,4
Student_3692,Female,ECE,18,88,7.3,95,94,92,2
Student_3693,Male,CSE,23,84,3.2,55,35,53,0
Student_3694,Female,CSE,18,63,2.9,68,54,54,2
Student_3695,Female,CSE,18,58,4.5,76,51,54,3
Student_3696,Male,CSE,18,52,7.4,83,83,80,1
Student_3697,Female,CE,21,87,6.0,43,56,64,0
Student_3698,Male,IT,20,69,5.7,53,67,64,1
Student_3699,Female,CE,18,90,6.1,56,60,62,3
Student_3700,Male,ECE,23,82,5.6,83,61,61,5
Student_3701,Male,CE,21,90,6.3,84,94,81,4
Student_3702,Female,ME,19,93,2.3,56,68,67,0
Student_3703,Female,CSE,18,81,2.2,59,86,72,0
Student_3704,Female,ME,21,85,3.5,99,89,89,0
Student_3705,Male,ME,22,75,7.0,86,95,80,4
Student_3706,Male,ECE,19,97,6.0,68,84,82,1
Student_3707,Male,CSE,20,54,5.0,80,97,71,4
Student_3708,Female,ME,18,98,1.1,65,98,65,5
Student_3709,Male,ECE,18,79,2.7,81,48,61,1
Student_3710,Male,CSE,21,66,6.6,77,85,68,5
Student_3711,Female,IT,20,55,2.7,56,61,57,0
Student_3712,Male,ECE,22,64,6.1,51,74,57,4
Student_3713,Male,CE,19,50,2.3,95,43,45,5
Student_3714,Female,CSE,23,62,5.2,67,90,69,3
Student_3715,Male,ME,20,97,5.4,48,73,61,4
Student_3716,Female,ME,18,83,6.3,71,49,67,1
Student_3717,Female,CE,21,79,4.1,73,52,66,0
Student_3718,Female,CE,22,68,5.4,55,86,72,1
Student_3719,Female,ME,21,51,4.4,87,95,77,2
Student_3720,Female,CSE,19,93,7.6,93,71,90,0
Student_3721,Male,ECE,20,61,4.7,70,87,68,3
Student_3722,Male,CE,21,89,2.5,94,46,60,3
Student_3723,Female,CE,23,93,5.7,66,59,67,2
Student_3724,Female,CE,23,73,4.8,68,59,65,1
Student_3725,Male,IT,21,60,6.6,40,55,50,3
Student_3726,Female,CSE,18,51,2.2,66,41,47,1
Student_3727,Female,CSE,21,50,2.8,92,83,76,0
Student_3728,Female,CSE,22,77,7.5,71,73,68,4
Student_3729,Male,CSE,20,53,7.5,98,83,88,0
Student_3730,Male,CSE,19,90,4.1,50,68,65,1
Student_3731,Female,ME,23,79,1.3,92,50,50,5
Student_3732,Female,CE,21,56,3.1,74,49,53,2
Student_3733,Male,ME,22,71,2.7,41,74,46,5
Student_3734,Male,IT,23,75,3.9,85,41,64,0
Student_3735,Female,ECE,23,78,3.2,40,74,54,3
Student_3736,Female,CE,19,74,6.8,45,100,81,0
Student_3737,Male,IT,23,59,1.0,46,56,50,0
Student_3738,Male,ME,22,69,5.5,41,93,74,0
Student_3739,Male,ECE,23,63,5.6,41,39,45,2
Student_3740,Female,IT,23,82,5.6,86,52,71,1
Student_3741,Male,ECE,21,54,4.6,92,45,59,2
Student_3742,Female,IT,21,94,5.3,44,42,50,3
Student_3743,Male,ME,20,55,6.7,52,54,58,1
Student_3744,Male,ECE,18,71,6.5,58,93,72,3
Student_3745,Male,IT,22,66,1.2,58,59,53,1
Student_3746,Male,ME,18,64,1.2,86,92,74,1
Student_3747,Female,CE,18,88,6.9,40,53,49,5
Student_3748,Female,ME,23,89,5.0,74,36,64,0
Student_3749,Male,ME,19,77,7.7,96,92,96,0
Student_3750,Female,CE,19,51,4.0,57,100,69,2
Student_3751,Male,ME,23,67,2.2,88,41,57,1
Student_3752,Male,CE,22,76,4.3,96,85,77,3
Student_3753,Male,CE,18,70,4.1,71,67,70,0
Student_3754,Male,CE,20,72,4.6,71,47,48,5
Student_3755,Female,IT,18,56,6.7,92,44,60,3
Student_3756,Male,ECE,19,97,5.6,47,93,66,5
Student_3757,Male,IT,18,68,2.3,50,72,62,0
Student_3758,Female,CE,21,58,6.1,59,54,60,1
Student_3759,Male,ECE,21,61,5.1,47,48,46,3
Student_3760,Male,ECE,20,95,5.0,67,74,72,2
Student_3761,Male,CE,22,79,5.7,60,41,55,2
Student_3762,Female,ECE,18,56,4.9,77,40,54,2
Student_3763,Male,ECE,21,51,4.2,77,74,71,0
Student_3764,Female,IT,22,66,5.5,45,87,72,0
Student_3765,Male,ECE,21,60,6.1,41,43,47,2
Student_3766,Male,CE,22,99,2.6,49,99,70,3
Student_3767,Female,CSE,22,61,4.5,81,54,67,0
Student_3768,Male,CSE,21,52,4.2,48,40,43,2
Student_3769,Male,CSE,23,70,1.3,94,73,74,0
Student_3770,Female,CE,19,63,6.8,42,55,48,4
Student_3771,Female,CSE,22,64,3.6,41,71,51,3
Student_3772,Female,IT,23,100,1.5,75,46,60,1
Student_3773,Female,CE,18,91,4.2,47,49,51,3
Student_3774,Female,CE,23,90,2.1,48,55,55,1
Student_3775,Male,CE,21,59,5.9,65,80,69,2
Student_3776,Female,ECE,23,85,5.0,73,44,66,0
Student_3777,Male,ECE,19,100,2.9,87,100,85,2
Student_3778,Male,ECE,21,59,7.7,69,73,62,5
Student_3779,Male,ME,20,66,3.0,77,56,61,1
Student_3780,Female,IT,18,93,4.9,47,76,60,4
Student_3781,Female,CE,20,74,6.6,42,40,53,1
Student_3782,Male,CE,23,76,4.6,50,86,73,0
Student_3783,Female,ECE,22,82,7.7,64,71,67,4
Student_3784,Female,CE,23,60,6.9,91,40,69,0
Student_3785,Female,CE,22,62,7.4,44,63,53,4
Student_3786,Female,CSE,20,50,3.6,51,85,66,0
Student_3787,Male,CE,20,80,4.8,94,61,75,1
Student_3788,Male,ME,22,82,6.9,69,71,76,1
Student_3789,Female,ECE,19,70,7.3,66,80,77,1
Student_3790,Male,IT,18,65,7.6,82,59,73,1
Student_3791,Female,IT,21,88,7.2,44,71,61,4
Student_3792,Female,CSE,20,72,6.1,59,57,58,3
Student_3793,Male,IT,18,59,1.2,91,60,56,3
Student_3794,Male,IT,21,97,3.2,60,86,72,2
Student_3795,Male,ECE,23,82,1.9,42,37,38,3
Student_3796,Female,ECE,21,71,2.1,80,62,61,2
Student_3797,Male,ME,20,90,3.0,99,68,77,1
Student_3798,Female,CSE,19,55,1.5,89,99,80,0
Student_3799,Male,IT,19,96,2.7,83,63,65,3
Student_3800,Male,ME,18,85,7.7,94,38,66,3
Student_3801,Female,CSE,23,96,3.2,43,96,73,1
Student_3802,Female,IT,18,59,2.1,63,72,60,1
Student_3803,Female,IT,22,65,6.0,46,36,44,3
Student_3804,Female,ECE,19,62,6.8,63,78,73,1
Student_3805,Female,CE,18,100,3.2,91,66,71,3
Student_3806,Female,CSE,22,69,2.9,50,37,49,0
Student_3807,Female,IT,23,53,2.7,41,51,33,5
Student_3808,Female,CSE,21,69,3.8,94,46,68,0
Student_3809,Male,ME,18,71,1.6,83,98,75,2
Student_3810,Female,ME,22,78,5.7,80,97,80,3
Student_3811,Female,CE,19,65,6.8,45,75,55,5
Student_3812,Male,IT,21,92,5.6,46,36,57,0
Student_3813,Female,ECE,18,96,3.9,77,87,69,5
Student_3814,Male,IT,19,92,3.0,57,68,68,0
Student_3815,Male,CSE,21,72,3.9,84,74,65,4
Student_3816,Female,ME,20,79,4.0,48,99,62,5
Student_3817,Male,CSE,19,79,5.7,92,89,90,0
Student_3818,Female,CE,20,92,7.5,67,85,81,2
Student_3819,Male,ME,23,52,1.5,58,39,46,0
Student_3820,Male,ECE,18,73,7.7,43,90,75,1
Student_3821,Male,ME,22,98,7.4,43,55,57,4
Student_3822,Female,IT,18,86,1.8,52,92,64,3
Student_3823,Female,IT,19,62,2.3,67,65,57,2
Student_3824,Male,ME,20,91,3.2,96,80,70,5
Student_3825,Male,CE,20,81,4.9,50,61,50,5
Student_3826,Female,IT,21,86,1.9,92,65,74,0
Student_3827,Female,IT,18,61,2.4,41,75,50,3
Student_3828,Male,ECE,18,57,7.3,45,79,71,0
Student_3829,Male,ME,19,73,1.8,51,70,49,4
Student_3830,Female,IT,20,93,3.8,94,36,59,3
Student_3831,Female,CE,19,65,6.3,79,96,84,1
Student_3832,Female,CSE,19,81,7.2,76,55,60,5
Student_3833,Female,ME,23,83,3.4,95,68,76,1
Student_3834,Female,ECE,20,84,2.2,63,47,43,5
Student_3835,Male,IT,19,81,6.2,91,53,68,3
Student_3836,Female,CE,20,99,6.4,94,67,84,1
Student_3837,Male,ME,19,66,7.9,99,83,85,2
Student_3838,Female,CE,22,51,2.0,100,37,44,5
Student_3839,Male,CE,19,75,6.0,48,72,58,4
Student_3840,Female,ECE,19,93,3.9,65,49,59,2
Student_3841,Female,ME,22,66,7.4,43,72,60,3
Student_3842,Male,IT,18,87,3.9,80,59,66,2
Student_3843,Male,ECE,20,98,4.1,83,95,75,5
Student_3844,Female,IT,21,51,1.9,43,84,48,4
Student_3845,Female,CSE,22,57,3.2,88,44,49,4
Student_3846,Female,CE,18,95,3.8,91,84,72,5
Student_3847,Female,CSE,19,55,1.1,73,76,56,3
Student_3848,Female,CE,23,58,4.1,61,86,57,5
Student_3849,Male,ECE,18,50,3.4,52,80,58,2
Student_3850,Male,IT,22,54,6.6,54,74,54,5
Student_3851,Female,IT,23,88,1.7,79,92,69,4
Student_3852,Male,ECE,19,58,6.3,77,58,61,3
Student_3853,Male,ME,18,63,6.0,80,74,63,5
Student_3854,Male,CSE,21,76,2.7,93,54,58,4
Student_3855,Female,CSE,20,58,1.6,82,63,49,5
Student_3856,Male,IT,20,85,6.9,94,71,87,0
Student_3857,Female,IT,22,78,2.7,83,54,67,0
Student_3858,Male,IT,19,69,2.0,92,52,54,4
Student_3859,Female,ECE,19,64,3.5,95,38,54,3
Student_3860,Male,ME,20,85,3.8,41,45,54,0
Student_3861,Female,CSE,18,52,3.3,41,98,56,4
Student_3862,Female,CE,19,72,7.8,82,86,74,5
Student_3863,Male,ECE,21,95,7.2,47,77,75,1
Student_3864,Female,CSE,21,58,7.1,77,48,53,5
Student_3865,Female,ME,19,79,3.8,57,79,66,2
Student_3866,Female,ECE,19,68,7.7,93,62,69,4
Student_3867,Female,CSE,20,87,5.8,68,38,64,0
Student_3868,Female,ECE,22,52,6.8,50,50,47,4
Student_3869,Female,CSE,20,99,4.5,95,72,71,5
Student_3870,Female,CSE,22,97,2.1,45,97,66,3
Student_3871,Female,ME,21,52,7.2,48,57,62,0
Student_3872,Male,CE,22,83,4.4,61,54,56,3
Student_3873,Male,ME,20,51,7.8,85,55,64,3
Student_3874,Female,CSE,19,76,2.8,90,76,63,5
Student_3875,Female,ECE,22,72,7.9,64,48,59,3
Student_3876,Male,ME,20,91,2.6,97,39,56,4
Student_3877,Male,CE,21,81,3.6,70,58,67,0
Student_3878,Male,CSE,23,96,5.2,60,63,63,3
Student_3879,Female,ME,22,84,5.9,77,36,63,1
Student_3880,Male,ME,21,89,6.0,91,40,67,2
Student_3881,Female,ME,21,67,4.3,58,68,54,4
Student_3882,Female,ME,18,76,1.5,49,56,52,1
Student_3883,Male,ECE,23,60,4.5,85,38,61,0
Student_3884,Female,CE,22,88,3.3,76,40,57,2
Student_3885,Female,CE,20,68,5.6,51,97,69,3
Student_3886,Female,CSE,22,74,2.3,58,68,61,1
Student_3887,Female,IT,22,56,3.8,100,68,73,1
Student_3888,Male,ECE,23,80,7.8,41,91,71,3
Student_3889,Male,CSE,21,51,1.6,54,71,43,5
Student_3890,Female,CSE,21,87,5.2,77,40,51,5
Student_3891,Female,ME,21,54,1.6,47,79,50,3
Student_3892,Male,IT,21,63,2.1,85,75,69,1
Student_3893,Female,IT,23,67,5.2,74,39,61,0
Student_3894,Male,ECE,20,85,4.1,77,94,73,4
Student_3895,Female,IT,19,53,4.8,82,51,65,0
Student_3896,Female,CSE,18,73,7.2,69,99,89,0
Student_3897,Male,IT,21,62,6.7,48,89,63,4
Student_3898,Male,IT,21,70,7.2,69,43,66,0
Student_3899,Male,CE,18,82,5.3,88,38,62,2
Student_3900,Male,CSE,21,69,4.4,58,76,61,3
Student_3901,Female,IT,19,54,4.2,68,80,68,1
Student_3902,Male,IT,22,73,6.2,41,35,41,4
Student_3903,Female,ME,18,84,4.6,67,51,66,0
Student_3904,Male,IT,20,79,1.7,47,41,46,1
Student_3905,Male,IT,18,77,2.0,64,39,39,5
Student_3906,Female,CE,19,100,3.5,49,86,70,2
Student_3907,Male,CSE,23,94,1.5,61,87,74,0
Student_3908,Male,ECE,20,56,2.7,74,37,53,0
Student_3909,Male,CSE,22,91,5.6,81,96,92,0
Student_3910,Male,ME,21,84,1.1,63,66,58,2
Student_3911,Female,CSE,18,79,5.2,65,36,51,3
Student_3912,Female,IT,20,83,6.4,70,87,82,1
Student_3913,Male,ME,18,88,2.2,62,46,59,0
Student_3914,Male,CSE,22,58,2.3,41,39,29,5
Student_3915,Male,ME,18,61,1.2,98,38,59,0
Student_3916,Female,ECE,20,78,4.6,78,90,78,2
Student_3917,Female,CSE,19,59,5.6,72,98,77,2
Student_3918,Female,IT,23,76,4.2,63,79,71,1
Student_3919,Female,ME,20,68,3.7,51,94,70,1
Student_3920,Male,CE,18,62,4.2,76,54,50,5
Student_3921,Male,ME,22,91,6.5,48,87,80,0
Student_3922,Male,CE,21,86,1.2,83,50,49,5
Student_3923,Female,IT,21,81,6.5,82,64,64,5
Student_3924,Male,ECE,22,64,5.7,83,54,55,5
Student_3925,Female,CE,18,70,2.7,42,86,66,0
Student_3926,Female,ECE,23,52,4.7,83,70,72,0
Student_3927,Male,ME,22,57,1.3,62,56,55,0
Student_3928,Male,IT,18,55,3.7,63,35,51,0
Student_3929,Male,CE,20,78,2.2,72,55,48,5
Student_3930,Female,ME,23,68,1.2,69,82,63,2
Student_3931,Female,CSE,19,66,3.5,77,39,49,3
Student_3932,Male,ME,18,59,6.1,82,74,75,1
Student_3933,Male,ECE,21,82,7.4,41,79,69,2
Student_3934,Female,IT,21,62,5.6,79,65,61,4
Student_3935,Male,IT,23,76,3.8,61,49,48,4
Student_3936,Female,ME,19,91,8.0,50,92,74,4
Student_3937,Female,CSE,18,61,3.0,98,87,79,1
Student_3938,Male,ECE,19,51,2.3,51,79,61,0
Student_3939,Male,ME,20,59,4.2,58,76,56,4
Student_3940,Male,ME,19,70,4.5,59,58,51,4
Student_3941,Male,IT,20,72,3.5,94,72,69,3
Student_3942,Female,ECE,21,50,5.9,48,85,64,2
Student_3943,Female,CSE,20,82,2.3,82,58,53,5
Student_3944,Female,IT,18,75,4.6,97,67,77,1
Student_3945,Male,ME,23,64,4.5,57,53,57,1
Student_3946,Female,IT,23,71,6.8,80,59,66,3
Student_3947,Male,IT,18,74,7.5,86,83,76,4
Student_3948,Male,CE,18,50,5.6,93,51,54,5
Student_3949,Male,IT,18,75,3.1,57,55,45,5
Student_3950,Male,IT,22,70,5.8,79,77,71,3
Student_3951,Male,ECE,20,90,2.8,75,56,68,0
Student_3952,Male,IT,18,73,7.8,66,97,76,4
Student_3953,Female,CSE,23,88,6.8,52,58,55,5
Student_3954,Male,ME,19,65,4.0,86,67,70,1
Student_3955,Female,ECE,19,81,6.5,47,51,48,5
Student_3956,Female,IT,22,65,3.9,87,82,73,2
Student_3957,Male,CSE,20,62,1.5,82,78,62,3
Student_3958,Male,ME,20,91,5.9,62,59,57,5
Student_3959,Male,ECE,20,81,3.8,94,94,74,5
Student_3960,Female,CSE,23,99,7.5,98,63,74,5
Student_3961,Male,IT,23,90,3.1,52,46,49,3
Student_3962,Female,CE,22,93,6.9,46,43,60,1
Student_3963,Male,CE,20,73,5.8,89,87,72,5
Student_3964,Male,ECE,20,62,7.0,79,95,73,5
Student_3965,Female,CSE,18,60,3.0,41,65,44,4
Student_3966,Female,ME,20,64,4.2,42,82,54,4
Student_3967,Male,CSE,23,59,6.8,81,81,70,4
Student_3968,Female,CE,18,91,5.5,78,67,64,5
Student_3969,Female,ECE,18,90,3.5,62,98,67,5
Student_3970,Female,IT,20,52,4.6,99,51,54,5
Student_3971,Female,CSE,19,65,8.0,46,78,68,2
Student_3972,Female,CE,21,93,6.2,43,39,53,2
Student_3973,Male,ME,23,66,5.3,92,96,77,4
Student_3974,Male,ECE,19,74,6.8,94,97,89,2
Student_3975,Female,IT,20,79,4.1,47,73,58,3
Student_3976,Male,CSE,20,96,7.7,71,76,71,5
Student_3977,Male,ME,19,84,4.9,58,55,54,4
Student_3978,Female,IT,20,86,3.3,93,81,78,2
Student_3979,Male,CE,23,62,1.6,51,62,40,5
Student_3980,Female,CE,18,73,3.6,96,55,57,5
Student_3981,Female,ME,22,87,5.0,49,62,57,3
Student_3982,Male,CE,20,75,5.9,53,53,54,3
Student_3983,Female,ECE,20,58,7.1,66,97,78,2
Student_3984,Female,ME,19,68,7.6,83,86,76,4
Student_3985,Female,CE,18,77,1.7,60,72,53,4
Student_3986,Female,CSE,19,56,5.2,59,80,65,2
Student_3987,Female,CE,23,94,5.7,96,58,76,2
Student_3988,Male,ECE,19,71,2.2,43,79,63,0
Student_3989,Male,IT,20,79,4.8,58,43,50,3
Student_3990,Female,IT,18,86,3.3,68,43,49,4
Student_3991,Female,CE,23,65,1.5,46,55,48,1
Student_3992,Male,IT,20,85,1.5,92,58,61,3
Student_3993,Female,CE,23,54,6.3,72,98,69,5
Student_3994,Male,ECE,20,78,5.3,47,74,57,4
Student_3995,Female,IT,20,100,6.0,50,86,66,5
Student_3996,Female,CSE,20,72,5.8,72,38,62,0
Student_3997,Female,CE,22,55,1.9,64,37,39,3
Student_3998,Female,IT,21,85,2.1,72,47,52,3
Student_3999,Female,ECE,18,82,2.8,75,55,51,5
Student_4000,Female,ECE,22,98,3.8,65,42,51,4
Student_4001,Female,CSE,21,90,7.6,75,35,66,1
Student_4002,Male,ECE,23,65,5.7,50,48,52,2
Student_4003,Male,ECE,21,83,2.8,69,70,67,1
Student_4004,Male,IT,21,92,1.4,96,56,57,5
Student_4005,Female,CE,22,75,5.8,72,70,76,0
Student_4006,Female,ME,18,86,5.4,49,79,65,3
Student_4007,Female,ECE,19,62,5.7,68,50,49,5
Student_4008,Female,ECE,21,66,2.8,64,45,41,5
Student_4009,Female,ME,19,81,4.6,71,59,58,4
Student_4010,Female,ECE,19,81,3.5,43,65,53,3
Student_4011,Female,IT,20,77,6.7,94,99,90,2
Student_4012,Male,IT,19,78,1.5,96,45,62,1
Student_4013,Female,ME,23,74,2.9,98,72,75,1
Student_4014,Male,ECE,23,96,5.2,78,36,67,0
Student_4015,Male,ECE,20,71,2.4,73,88,64,4
Student_4016,Female,CE,18,76,5.7,61,41,55,2
Student_4017,Female,ECE,18,93,2.0,52,83,56,5
Student_4018,Male,IT,23,87,1.2,93,74,71,2
Student_4019,Male,CSE,20,69,7.0,90,79,74,4
Student_4020,Female,CSE,18,94,3.3,75,88,83,0
Student_4021,Female,CSE,21,99,2.1,45,95,60,5
Student_4022,Male,CSE,18,73,2.2,98,38,57,2
Student_4023,Female,ECE,20,96,7.2,93,68,88,0
Student_4024,Female,ECE,23,96,5.6,56,42,52,4
Student_4025,Female,CE,21,57,7.7,65,66,60,4
Student_4026,Male,ECE,19,100,6.6,63,52,60,4
Student_4027,Male,CSE,19,63,6.4,48,74,63,2
Student_4028,Male,ME,19,88,4.5,41,90,62,4
Student_4029,Female,ME,23,63,6.7,59,71,66,2
Student_4030,Female,IT,20,54,3.9,66,89,74,0
Student_4031,Male,IT,19,96,6.8,45,70,65,3
Student_4032,Male,ECE,18,70,6.3,89,44,70,0
Student_4033,Male,ME,19,64,5.7,66,97,76,2
Student_4034,Female,CSE,22,85,3.3,94,68,76,1
Student_4035,Male,CSE,23,82,5.4,93,51,72,1
Student_4036,Male,CSE,22,66,4.5,63,95,64,5
Student_4037,Female,ECE,19,69,4.2,54,52,50,3
Student_4038,Female,ECE,19,50,7.9,94,95,80,4
Student_4039,Female,CE,22,65,4.5,87,70,76,0
Student_4040,Male,CSE,23,94,1.2,97,87,85,0
Student_4041,Female,CSE,23,67,5.4,72,67,66,2
Student_4042,Female,ECE,19,59,6.1,81,57,56,5
Student_4043,Male,ECE,23,72,7.2,49,98,73,3
Student_4044,Female,CE,21,67,5.4,60,72,59,4
Student_4045,Male,CE,23,98,1.1,45,64,51,3
Student_4046,Male,IT,22,58,1.8,69,50,52,1
Student_4047,Female,ME,20,95,2.1,62,88,62,5
Student_4048,Female,CSE,22,79,2.5,75,93,71,3
Student_4049,Female,CSE,18,62,6.6,85,40,55,4
Student_4050,Female,CE,21,80,3.2,96,39,51,5
Student_4051,Female,CE,20,95,3.2,88,35,53,4
Student_4052,Female,IT,19,92,6.3,42,48,62,0
Student_4053,Male,ME,18,62,3.9,65,65,65,0
Student_4054,Male,IT,18,81,1.5,73,85,63,4
Student_4055,Female,ME,21,66,5.1,69,53,65,0
Student_4056,Male,CSE,20,52,1.9,57,66,57,0
Student_4057,Female,IT,18,50,5.0,56,91,73,0
Student_4058,Male,CE,20,54,6.5,84,65,63,4
Student_4059,Male,IT,20,81,7.5,90,92,95,0
Student_4060,Male,IT,23,74,1.5,81,60,63,1
Student_4061,Female,CSE,18,94,3.1,60,82,60,5
Student_4062,Male,CE,20,54,5.6,93,75,67,4
Student_4063,Female,CE,21,86,3.2,63,59,57,3
Student_4064,Male,ECE,18,72,4.2,43,81,53,5
Student_4065,Male,ECE,21,61,1.1,88,88,70,2
Student_4066,Male,ECE,21,83,5.9,99,91,79,5
Student_4067,Male,CSE,20,72,7.2,87,95,86,2
Student_4068,Male,IT,20,65,7.8,64,38,60,1
Student_4069,Female,CE,23,98,6.8,90,65,74,4
Student_4070,Female,CE,23,54,1.2,63,75,53,3
Student_4071,Male,IT,18,93,5.6,85,60,67,4
Student_4072,Male,CE,23,96,4.5,91,100,86,3
Student_4073,Male,IT,19,77,7.6,66,53,62,3
Student_4074,Male,CSE,18,55,7.3,70,59,58,4
Student_4075,Female,CSE,21,62,7.9,86,81,71,5
Student_4076,Male,CSE,23,92,7.0,90,42,76,0
Student_4077,Female,IT,23,79,4.8,74,37,56,2
Student_4078,Male,IT,23,75,6.0,91,67,81,0
Student_4079,Female,ME,20,66,7.8,59,62,65,2
Student_4080,Male,CE,21,58,5.0,55,56,60,0
Student_4081,Male,CE,23,65,6.9,99,64,70,4
Student_4082,Female,ME,22,98,7.6,70,81,76,4
Student_4083,Male,ME,22,67,5.0,46,70,56,3
Student_4084,Male,CSE,21,62,2.1,57,93,67,1
Student_4085,Male,ME,23,78,2.1,47,48,41,4
Student_4086,Female,IT,19,92,1.8,66,48,55,2
Student_4087,Male,ECE,19,94,4.3,53,90,70,3
Student_4088,Male,IT,18,73,4.4,57,58,57,2
Student_4089,Female,ME,18,94,5.3,40,83,74,0
Student_4090,Female,CE,23,93,4.4,95,77,83,1
Student_4091,Female,IT,18,95,7.8,70,37,58,4
Student_4092,Male,CE,20,62,3.0,59,57,58,0
Student_4093,Male,IT,19,74,7.1,45,54,55,3
Student_4094,Male,CE,21,90,1.7,84,49,60,2
Student_4095,Female,IT,23,95,5.2,40,77,57,5
Student_4096,Male,CE,23,50,5.5,58,67,62,1
Student_4097,Male,ECE,22,58,6.4,78,89,71,4
Student_4098,Female,CSE,19,53,4.5,94,75,71,2
Student_4099,Female,IT,19,77,2.4,66,52,48,4
Student_4100,Female,ECE,19,61,3.6,95,37,50,4
Student_4101,Female,CSE,18,73,2.9,55,37,45,2
Student_4102,Female,IT,20,95,3.9,53,50,50,4
Student_4103,Male,ECE,21,58,4.7,73,77,64,3
Student_4104,Female,ECE,18,84,5.4,46,57,61,1
Student_4105,Male,ECE,20,87,6.9,59,49,68,0
Student_4106,Male,ME,19,84,7.4,70,92,86,1
Student_4107,Female,CE,20,82,4.2,61,74,72,0
Student_4108,Female,CSE,18,84,1.6,59,72,57,3
Student_4109,Female,CE,19,95,6.6,54,40,61,1
Student_4110,Male,CE,18,69,4.3,64,80,64,3
Student_4111,Female,CE,21,51,4.8,85,40,55,2
Student_4112,Female,ECE,19,93,5.2,40,54,62,0
Student_4113,Female,CE,20,75,5.7,56,53,58,2
Student_4114,Female,ME,18,91,7.2,55,48,62,2
Student_4115,Female,IT,22,62,7.7,76,99,87,1
Student_4116,Male,ECE,20,79,7.6,60,63,62,4
Student_4117,Male,CSE,20,81,6.7,66,65,63,4
Student_4118,Male,IT,19,85,7.2,95,59,74,3
Student_4119,Female,IT,23,68,1.3,94,80,73,1
Student_4120,Female,IT,20,71,6.9,98,86,85,2
Student_4121,Female,CE,18,50,1.5,74,50,40,5
Student_4122,Male,CE,22,60,6.2,63,45,52,3
Student_4123,Female,ECE,21,75,2.2,91,52,61,2
Student_4124,Female,CE,22,97,3.5,90,90,80,3
Student_4125,Female,CE,18,68,2.3,41,90,51,5
Student_4126,Male,CE,19,68,4.1,96,91,86,0
Student_4127,Female,ECE,18,61,3.9,85,100,76,3
Student_4128,Male,ECE,23,52,1.3,99,50,53,3
Student_4129,Female,ME,23,67,6.8,94,40,65,2
Student_4130,Male,ME,23,98,7.0,92,86,83,4
Student_4131,Male,ME,20,54,6.5,64,89,72,2
Student_4132,Male,ME,19,97,6.9,58,83,80,1
Student_4133,Female,IT,23,73,6.3,84,90,82,2
Student_4134,Female,IT,21,63,7.6,52,75,58,5
Student_4135,Male,ME,21,100,5.0,68,90,74,4
Student_4136,Male,ME,18,87,5.1,71,97,84,1
Student_4137,Female,CSE,23,52,7.0,45,62,47,5
Student_4138,Female,IT,20,55,3.4,95,65,60,4
Student_4139,Male,CSE,21,61,1.4,48,89,62,1
Student_4140,Female,CSE,22,60,6.2,91,86,80,2
Student_4141,Female,CE,19,88,2.8,40,100,63,4
Student_4142,Female,ECE,22,75,4.3,63,80,59,5
Student_4143,Female,IT,21,50,2.7,49,38,30,5
Student_4144,Male,ME,21,65,6.8,74,56,59,4
Student_4145,Female,ME,18,97,7.7,45,79,64,5
Student_4146,Female,ECE,18,98,1.4,87,62,58,5
Student_4147,Male,IT,23,96,2.6,59,44,59,0
Student_4148,Male,ME,19,58,2.3,77,100,79,0
Student_4149,Female,ME,23,54,5.7,51,83,61,3
Student_4150,Female,CE,18,57,4.0,42,85,66,0
Student_4151,Female,CSE,20,70,4.2,94,77,69,4
Student_4152,Female,ME,19,82,2.1,57,40,44,3
Student_4153,Male,IT,20,88,3.9,60,59,61,2
Student_4154,Male,ECE,23,92,3.1,74,38,53,3
Student_4155,Male,CE,18,69,5.3,76,58,55,5
Student_4156,Female,IT,19,94,2.5,58,90,74,1
Student_4157,Female,CE,23,71,5.3,64,89,70,3
Student_4158,Female,CSE,21,62,3.6,95,88,83,0
Student_4159,Female,ME,23,88,3.4,57,37,50,2
Student_4160,Male,IT,22,60,3.1,79,81,71,1
Student_4161,Male,ECE,21,67,5.7,69,64,62,3
Student_4162,Female,CSE,20,79,4.9,95,75,78,2
Student_4163,Male,CSE,21,82,7.0,81,89,90,0
Student_4164,Female,CE,23,93,2.7,90,93,82,2
Student_4165,Female,CSE,21,52,1.3,81,74,60,2
Student_4166,Male,IT,22,50,2.3,92,79,70,1
Student_4167,Female,CE,23,85,3.4,73,56,56,4
Student_4168,Female,CSE,22,55,2.3,49,49,49,0
Student_4169,Male,ECE,21,86,1.6,61,51,56,1
Student_4170,Female,IT,22,78,4.1,89,93,84,1
Student_4171,Female,ECE,21,60,5.7,43,59,56,1
Student_4172,Male,ECE,19,62,6.3,42,77,56,4
Student_4173,Female,CE,21,60,3.8,88,98,73,4
Student_4174,Male,ME,18,87,4.3,95,85,79,3
Student_4175,Female,CE,22,100,6.3,95,95,90,3
Student_4176,Male,IT,22,74,3.5,88,79,79,0
Student_4177,Male,IT,20,64,6.5,67,37,45,5
Student_4178,Male,CE,20,62,7.8,61,70,74,0
Student_4179,Female,ME,18,91,7.2,51,98,75,4
Student_4180,Male,CE,22,82,4.2,88,62,64,4
Student_4181,Male,IT,22,62,5.1,52,79,57,4
Student_4182,Male,ME,20,87,6.0,80,55,72,1
Student_4183,Male,IT,20,73,3.4,72,61,55,4
Student_4184,Male,ME,21,69,6.6,86,69,77,1
Student_4185,Female,ME,23,93,4.1,58,82,74,1
Student_4186,Female,CE,22,66,6.9,80,57,73,0
Student_4187,Female,CE,22,99,2.8,56,98,75,2
Student_4188,Female,CE,21,73,1.1,86,47,52,3
Student_4189,Female,ME,22,75,5.4,73,64,64,3
Student_4190,Female,ME,18,89,4.2,43,54,60,0
Student_4191,Female,IT,20,81,1.4,78,40,58,0
Student_4192,Male,ECE,20,78,4.4,47,53,47,4
Student_4193,Female,CE,23,63,2.2,72,44,44,4
Student_4194,Male,IT,20,86,5.4,40,90,64,4
Student_4195,Male,IT,19,71,4.1,44,55,54,1
Student_4196,Female,CSE,18,83,2.2,71,90,75,1
Student_4197,Male,CE,18,76,3.9,79,91,71,4
Student_4198,Male,IT,21,77,2.6,40,36,44,1
Student_4199,Male,CSE,19,71,5.6,74,73,76,0
Student_4200,Male,CE,22,92,3.1,61,95,68,4
Student_4201,Female,ME,23,52,6.8,68,79,67,3
Student_4202,Female,CSE,18,71,1.1,56,62,49,3
Student_4203,Female,ME,19,97,3.8,69,52,53,5
Student_4204,Female,ECE,19,70,5.3,74,48,63,1
Student_4205,Female,ECE,18,65,1.2,99,89,71,3
Student_4206,Female,ECE,21,58,2.5,40,93,53,4
Student_4207,Female,ECE,19,62,3.3,43,53,44,3
Student_4208,Female,IT,20,59,1.2,48,75,58,0
Student_4209,Female,ECE,19,98,4.8,84,46,69,1
Student_4210,Female,IT,22,70,5.4,71,54,58,3
Student_4211,Male,IT,18,98,2.6,44,68,62,1
Student_4212,Female,CE,22,91,4.8,53,70,71,0
Student_4213,Male,IT,21,89,8.0,90,55,73,3
Student_4214,Male,IT,23,56,7.2,65,90,66,5
Student_4215,Male,ECE,20,95,1.4,62,75,58,4
Student_4216,Male,IT,18,71,1.9,85,75,67,2
Student_4217,Female,ME,19,67,4.5,61,77,62,3
Student_4218,Male,ECE,20,70,2.7,66,72,68,0
Student_4219,Female,CSE,19,100,1.6,64,52,48,5
Student_4220,Female,ECE,21,99,2.8,75,42,49,5
Student_4221,Male,IT,23,63,1.4,43,100,62,2
Student_4222,Female,ME,18,59,4.7,71,54,49,5
Student_4223,Male,ECE,21,82,4.4,48,91,67,3
Student_4224,Male,ME,21,58,1.0,41,52,43,1
Student_4225,Female,CSE,23,67,4.4,81,94,84,0
Student_4226,Female,CSE,21,62,4.6,89,36,53,3
Student_4227,Male,CE,21,66,5.2,96,76,82,0
Student_4228,Female,CE,19,72,7.8,78,98,80,4
Student_4229,Female,ECE,22,74,7.9,92,78,83,2
Student_4230,Female,CE,19,65,4.7,85,85,75,2
Student_4231,Male,ME,23,73,6.9,92,99,83,4
Student_4232,Male,CE,20,80,1.6,64,99,72,2
Student_4233,Female,ME,23,60,4.7,100,88,80,2
Student_4234,Female,CE,23,72,5.8,86,73,66,5
Student_4235,Female,CE,23,90,5.0,49,42,47,4
Student_4236,Female,CE,23,88,2.6,76,83,75,1
Student_4237,Female,IT,21,71,1.4,64,70,49,5
Student_4238,Male,IT,23,82,3.7,79,41,57,2
Student_4239,Female,CE,20,90,5.5,93,49,73,1
Student_4240,Male,ME,23,91,7.9,92,59,85,0
Student_4241,Female,ECE,19,97,2.7,68,91,81,0
Student_4242,Male,CSE,21,67,7.4,76,72,73,2
Student_4243,Female,IT,19,63,1.5,44,71,57,0
Student_4244,Male,CE,21,77,7.5,53,50,54,4
Student_4245,Female,CSE,19,60,6.8,72,35,55,2
Student_4246,Male,IT,18,73,1.1,66,81,57,4
Student_4247,Male,ECE,22,85,3.1,44,86,67,1
Student_4248,Male,ME,22,68,1.4,90,71,62,3
Student_4249,Male,CE,21,62,8.0,93,79,78,3
Student_4250,Male,ECE,18,82,4.0,96,48,57,5
Student_4251,Male,IT,20,68,5.6,83,91,80,2
Student_4252,Female,CE,18,96,2.6,54,68,55,4
Student_4253,Male,CSE,21,81,7.5,42,100,74,3
Student_4254,Female,ME,18,64,2.9,40,65,50,2
Student_4255,Female,IT,20,60,2.8,63,78,52,5
Student_4256,Female,ME,21,72,3.2,51,57,49,3
Student_4257,Female,CE,22,54,4.2,84,100,69,5
Student_4258,Female,ECE,23,71,1.1,53,45,41,3
Student_4259,Male,ME,18,91,5.2,96,83,90,0
Student_4260,Male,CSE,22,67,1.2,81,92,70,2
Student_4261,Male,IT,22,56,4.8,59,63,48,5
Student_4262,Female,CSE,19,82,4.2,97,85,72,5
Student_4263,Male,ME,20,52,2.7,53,35,36,3
Student_4264,Male,ECE,23,77,3.3,53,39,38,5
Student_4265,Male,ECE,18,50,5.9,84,68,68,2
Student_4266,Male,CSE,22,98,1.1,92,53,70,0
Student_4267,Male,CE,22,96,3.2,74,74,71,2
Student_4268,Female,CE,20,86,5.8,100,100,98,0
Student_4269,Male,ECE,23,71,2.1,95,98,77,3
Student_4270,Female,CSE,23,97,4.9,58,51,52,5
Student_4271,Female,CSE,22,93,2.2,59,72,54,5
Student_4272,Female,CSE,22,68,2.1,81,77,63,3
Student_4273,Female,ME,22,63,6.4,83,74,70,3
Student_4274,Female,CE,22,52,2.9,62,79,66,0
Student_4275,Male,CE,19,68,3.6,73,74,69,1
Student_4276,Male,ME,19,82,6.1,40,64,66,0
Student_4277,Male,IT,23,70,2.3,43,69,59,0
Student_4278,Female,ME,21,50,4.7,79,100,68,5
Student_4279,Male,CSE,18,75,7.4,56,78,65,4
Student_4280,Male,ME,20,59,4.9,65,38,47,3
Student_4281,Female,CSE,21,84,1.3,53,98,65,3
Student_4282,Female,ECE,19,62,5.1,85,39,51,4
Student_4283,Female,CSE,19,55,1.6,90,82,59,5
Student_4284,Female,CE,19,92,3.0,71,100,82,1
Student_4285,Male,ME,21,55,6.9,75,61,65,2
Student_4286,Female,CSE,19,84,1.1,59,58,50,3
Student_4287,Female,IT,21,65,1.5,55,90,59,3
Student_4288,Male,ECE,19,90,3.5,90,79,83,0
Student_4289,Male,IT,22,57,8.0,58,62,66,1
Student_4290,Female,IT,22,52,3.0,84,39,54,1
Student_4291,Male,IT,18,54,2.1,78,81,55,5
Student_4292,Female,ECE,19,70,4.8,63,39,55,1
Student_4293,Female,ECE,18,80,4.6,53,39,53,1
Student_4294,Male,ECE,21,63,4.1,68,82,62,4
Student_4295,Male,ECE,18,86,7.6,81,81,89,0
Student_4296,Female,IT,19,68,3.0,53,96,58,5
Student_4297,Female,CE,21,86,3.1,91,61,63,4
Student_4298,Female,CE,21,69,2.0,50,38,36,4
Student_4299,Male,ECE,22,51,5.9,50,83,64,2
Student_4300,Female,ME,21,56,3.2,86,99,83,0
Student_4301,Female,CSE,21,82,6.6,79,95,88,1
Student_4302,Female,ME,18,99,7.8,63,54,60,5
Student_4303,Female,ME,23,91,1.3,61,42,55,0
Student_4304,Female,ME,21,55,8.0,88,47,69,1
Student_4305,Male,CE,20,56,2.8,94,71,67,2
Student_4306,Female,CSE,23,93,3.9,94,77,76,3
Student_4307,Female,ME,22,67,6.4,60,90,68,4
Student_4308,Female,ECE,22,92,5.7,45,84,70,2
Student_4309,Female,CE,21,78,6.4,53,54,53,4
Student_4310,Male,ECE,18,68,4.3,48,82,54,5
Student_4311,Male,ECE,23,74,7.4,74,53,70,1
Student_4312,Male,ME,22,53,6.5,83,51,53,5
Student_4313,Female,ECE,22,100,3.2,75,62,70,1
Student_4314,Female,CSE,20,62,7.6,64,70,68,2
Student_4315,Male,ECE,21,81,7.7,54,72,67,3
Student_4316,Male,ME,23,76,3.9,84,60,63,3
Student_4317,Male,ECE,22,100,5.6,97,35,62,4
Student_4318,Female,CE,22,83,6.7,67,36,61,1
Student_4319,Female,CE,22,77,6.7,89,70,80,1
Student_4320,Male,CE,22,58,1.1,53,90,56,3
Student_4321,Male,IT,18,57,5.4,52,69,62,1
Student_4322,Male,CE,19,70,7.8,80,61,63,5
Student_4323,Female,CE,20,95,2.6,70,90,78,1
Student_4324,Female,IT,18,79,6.6,44,80,68,2
Student_4325,Female,CE,20,78,4.7,58,54,55,3
Student_4326,Male,ME,22,58,2.6,47,42,38,3
Student_4327,Male,CE,20,62,1.4,52,60,39,5
Student_4328,Female,CE,21,67,6.3,80,96,73,5
Student_4329,Male,IT,21,87,3.2,56,67,67,0
Student_4330,Female,ME,19,71,3.6,71,95,65,5
Student_4331,Male,ECE,19,80,4.4,44,54,50,3
Student_4332,Male,CSE,20,84,4.6,48,63,56,3
Student_4333,Male,ME,18,91,2.4,82,80,64,5
Student_4334,Male,ECE,18,91,5.7,73,71,79,0
Student_4335,Female,ME,22,59,5.8,84,87,80,1
Student_4336,Male,ECE,18,58,2.0,40,39,40,1
Student_4337,Female,ECE,19,80,4.7,79,100,77,4
Student_4338,Female,ME,18,93,5.3,54,49,62,1
Student_4339,Female,IT,22,89,2.3,93,80,73,3
Student_4340,Male,ME,21,73,7.3,71,91,74,4
Student_4341,Female,ME,18,90,4.4,73,42,53,4
Student_4342,Female,ECE,18,98,1.8,74,71,58,5
Student_4343,Female,CSE,19,57,3.3,92,91,67,5
Student_4344,Male,ECE,20,99,4.3,88,48,71,1
Student_4345,Male,CE,21,69,1.1,89,39,46,4
Student_4346,Female,ME,20,66,1.2,98,77,75,0
Student_4347,Male,ME,22,77,1.4,67,83,59,4
Student_4348,Female,IT,22,55,4.8,56,78,62,2
Student_4349,Female,ECE,20,91,3.4,85,90,86,0
Student_4350,Male,IT,19,82,7.3,50,82,69,3
Student_4351,Female,ME,23,77,4.9,62,64,66,1
Student_4352,Male,ECE,19,50,6.3,94,67,74,1
Student_4353,Male,ECE,23,90,5.8,65,71,62,5
Student_4354,Female,CE,23,84,4.6,85,84,79,2
Student_4355,Male,CE,19,73,6.2,44,41,53,1
Student_4356,Male,CSE,23,55,4.8,65,77,61,3
Student_4357,Female,CE,23,56,3.7,45,74,49,4
Student_4358,Female,ECE,23,58,4.1,100,66,73,1
Student_4359,Male,CE,21,86,6.9,90,89,84,3
Student_4360,Male,CSE,22,65,4.9,82,43,49,5
Student_4361,Female,ME,23,83,3.6,73,43,62,0
Student_4362,Male,CE,22,84,2.3,81,98,75,3
Student_4363,Male,ECE,22,84,4.5,52,79,58,5
Student_4364,Male,ME,21,69,2.8,64,95,70,2
Student_4365,Male,ECE,22,72,7.7,41,72,61,3
Student_4366,Male,ME,20,91,4.4,53,80,71,1
Student_4367,Male,ECE,18,84,1.1,56,98,63,4
Student_4368,Male,CE,21,96,1.7,80,69,65,3
Student_4369,Female,CE,18,95,3.0,79,46,61,2
Student_4370,Female,CSE,20,72,1.6,79,82,74,0
Student_4371,Female,ME,19,53,7.3,78,97,81,2
Student_4372,Female,CSE,19,59,7.0,64,79,61,5
Student_4373,Female,IT,23,92,7.8,66,40,69,0
Student_4374,Male,CE,19,60,5.9,87,79,72,3
Student_4375,Male,ME,21,89,5.5,90,66,70,4
Student_4376,Male,CSE,19,58,7.5,63,37,54,2
Student_4377,Male,CSE,21,89,7.6,88,36,61,4
Student_4378,Female,IT,21,61,7.1,72,54,54,5
Student_4379,Male,CSE,18,66,7.0,66,73,67,3
Student_4380,Male,ECE,19,81,5.7,84,46,59,4
Student_4381,Female,CE,22,72,1.0,70,95,63,4
Student_4382,Male,CSE,19,64,4.0,87,70,68,2
Student_4383,Male,CSE,19,100,5.4,77,43,62,3
Student_4384,Female,IT,19,77,4.8,54,78,60,4
Student_4385,Male,ECE,23,87,6.7,83,87,90,0
Student_4386,Male,CSE,22,54,6.7,95,64,75,1
Student_4387,Male,CE,22,89,5.2,79,100,91,0
Student_4388,Male,CE,21,67,1.2,97,72,58,5
Student_4389,Male,CSE,22,70,3.6,40,72,50,4
Student_4390,Female,ECE,21,64,2.6,50,67,50,3
Student_4391,Female,CE,18,52,3.4,54,89,69,0
Student_4392,Female,CE,21,95,5.3,72,57,65,3
Student_4393,Female,ECE,19,75,1.5,96,48,51,5
Student_4394,Female,ECE,20,64,1.2,87,83,74,0
Student_4395,Female,CSE,20,94,4.1,71,79,70,3
Student_4396,Male,ME,23,69,6.6,64,61,58,4
Student_4397,Female,IT,19,70,1.2,78,83,67,2
Student_4398,Female,ME,21,75,6.9,72,36,64,0
Student_4399,Male,ME,19,90,3.7,68,94,68,5
Student_4400,Male,CE,23,72,1.8,97,100,78,3
Student_4401,Female,ECE,22,98,5.0,73,93,88,0
Student_4402,Male,CE,21,100,7.7,47,94,78,3
Student_4403,Female,IT,19,74,4.8,95,56,66,3
Student_4404,Male,CSE,22,53,5.8,50,80,63,2
Student_4405,Female,IT,23,59,6.7,52,87,66,3
Student_4406,Male,CE,22,71,6.6,44,53,61,0
Student_4407,Male,CE,21,52,1.5,89,83,58,5
Student_4408,Female,CE,23,68,6.2,58,51,51,4
Student_4409,Female,CE,23,80,7.6,60,61,58,5
Student_4410,Female,ME,23,58,5.9,42,53,54,1
Student_4411,Female,CSE,18,78,6.9,65,64,65,3
Student_4412,Female,ME,23,86,4.4,72,80,76,1
Student_4413,Male,CE,18,95,3.2,69,98,73,4
Student_4414,Female,ECE,22,56,5.7,61,66,52,5
Student_4415,Female,ME,18,87,4.4,44,87,71,1
Student_4416,Male,CE,22,73,7.3,58,57,60,3
Student_4417,Male,CE,18,57,7.8,48,70,69,0
Student_4418,Female,CSE,22,83,6.7,97,44,61,5
Student_4419,Male,IT,22,75,7.9,63,93,71,5
Student_4420,Male,ME,23,77,3.4,78,63,64,2
Student_4421,Female,ME,23,77,7.3,51,45,48,5
Student_4422,Male,ME,22,95,3.3,85,72,70,3
Student_4423,Male,CE,23,56,1.8,100,66,62,3
Student_4424,Female,CSE,22,52,5.3,87,86,75,2
Student_4425,Female,CE,23,71,4.2,84,35,55,2
Student_4426,Male,CE,20,87,7.5,66,48,56,5
Student_4427,Male,ECE,18,95,4.4,89,37,63,2
Student_4428,Female,CSE,22,93,7.5,81,64,77,2
Student_4429,Male,ME,19,67,1.6,92,65,64,2
Student_4430,Male,IT,23,61,6.8,60,35,48,3
Student_4431,Male,ME,23,80,6.3,77,80,80,1
Student_4432,Female,CE,21,88,6.0,93,48,76,0
Student_4433,Male,CSE,19,54,3.5,74,70,59,3
Student_4434,Male,CSE,19,93,6.5,71,80,72,4
Student_4435,Female,CSE,20,90,4.4,98,89,76,5
Student_4436,Male,ECE,18,78,6.0,75,70,69,3
Student_4437,Male,ME,20,92,4.9,72,77,65,5
Student_4438,Female,ECE,18,85,2.1,82,77,67,3
Student_4439,Female,IT,22,63,1.5,56,49,49,1
Student_4440,Female,CE,20,93,3.6,44,72,52,5
Student_4441,Female,ECE,21,67,7.5,83,78,78,2
Student_4442,Male,ECE,18,56,4.7,59,89,58,5
Student_4443,Male,CE,20,72,6.6,62,89,69,4
Student_4444,Female,CSE,21,82,5.0,78,92,83,1
Student_4445,Female,CE,19,94,7.7,43,91,83,0
Student_4446,Male,ME,23,65,3.6,65,90,63,4
Student_4447,Female,CE,22,86,1.4,69,36,43,4
Student_4448,Male,CSE,22,100,6.5,87,68,83,1
Student_4449,Female,CE,19,74,5.9,86,83,73,4
Student_4450,Male,ECE,20,58,4.7,85,98,76,3
Student_4451,Female,IT,23,77,3.3,68,42,50,3
Student_4452,Female,ECE,19,58,2.3,73,92,68,2
Student_4453,Male,IT,21,61,4.4,49,77,63,1
Student_4454,Female,CE,23,67,5.7,59,96,71,3
Student_4455,Male,ME,18,76,5.1,63,86,66,4
Student_4456,Male,CE,20,75,4.1,73,67,59,4
Student_4457,Male,CSE,23,75,4.8,76,54,60,3
Student_4458,Male,CE,18,59,1.8,52,93,65,1
Student_4459,Male,IT,19,66,5.9,62,94,78,1
Student_4460,Female,ECE,22,100,6.1,49,97,85,0
Student_4461,Female,ME,23,81,1.1,61,90,69,1
Student_4462,Male,CE,23,73,2.9,84,71,59,5
Student_4463,Female,CE,18,92,1.6,53,94,60,5
Student_4464,Male,ECE,18,97,8.0,64,85,73,5
Student_4465,Female,ME,22,57,5.2,57,63,55,3
Student_4466,Female,CE,18,79,4.3,59,43,59,0
Student_4467,Female,CE,18,75,4.2,94,74,69,4
Student_4468,Female,IT,23,73,7.8,67,77,72,3
Student_4469,Male,IT,22,76,5.6,47,57,57,2
Student_4470,Male,CSE,22,64,2.2,44,42,41,2
Student_4471,Female,ECE,23,77,4.1,60,98,77,1
Student_4472,Female,ME,19,60,6.4,59,57,65,0
Student_4473,Male,CE,19,88,4.0,96,90,90,0
Student_4474,Female,CE,23,51,3.2,83,48,48,4
Student_4475,Male,CSE,18,100,7.9,55,51,69,1
Student_4476,Male,CE,20,58,7.5,97,54,77,0
Student_4477,Male,ECE,19,99,7.6,59,46,62,3
Student_4478,Female,CSE,19,94,1.9,90,75,67,4
Student_4479,Male,ECE,23,72,2.6,64,66,65,0
Student_4480,Female,CSE,23,82,4.1,46,71,60,2
Student_4481,Male,CE,20,68,6.8,64,52,61,2
Student_4482,Female,CSE,20,62,6.2,75,63,72,0
Student_4483,Female,IT,22,63,6.9,90,41,54,5
Student_4484,Female,ME,23,81,7.4,49,74,60,5
Student_4485,Male,CE,19,98,6.5,79,40,66,2
Student_4486,Male,ME,21,71,2.8,55,54,48,3
Student_4487,Female,CE,21,69,3.0,43,89,56,4
Student_4488,Female,ME,18,82,3.5,49,90,65,3
Student_4489,Female,IT,19,54,3.1,90,87,72,2
Student_4490,Male,ME,21,69,2.7,87,67,72,0
Student_4491,Male,CSE,19,63,6.3,70,56,68,0
Student_4492,Male,ME,23,76,1.2,51,84,54,4
Student_4493,Male,CE,19,75,6.1,59,61,63,2
Student_4494,Female,ECE,21,81,6.8,71,82,77,2
Student_4495,Female,ME,19,79,1.5,41,100,65,2
Student_4496,Male,ME,20,76,1.4,99,47,63,1
Student_4497,Male,ME,18,75,3.0,50,36,50,0
Student_4498,Female,CE,22,67,2.5,59,80,62,2
Student_4499,Male,ME,21,94,5.1,62,45,53,4
Student_4500,Male,CE,23,72,5.7,52,60,50,5
Student_4501,Male,CE,22,93,5.4,74,97,87,1
Student_4502,Male,ECE,18,96,3.5,56,83,70,2
Student_4503,Male,CSE,20,73,4.5,49,97,77,0
Student_4504,Male,CE,20,53,5.5,79,55,52,5
Student_4505,Female,IT,20,90,1.8,77,83,74,1
Student_4506,Male,ME,20,52,2.6,53,43,39,3
Student_4507,Male,IT,21,92,7.2,58,55,60,4
Student_4508,Female,ME,21,79,3.4,71,87,78,0
Student_4509,Female,ECE,19,96,6.6,95,89,87,3
Student_4510,Female,CE,23,65,2.8,93,75,76,0
Student_4511,Male,CSE,19,56,1.3,72,40,39,4
Student_4512,Female,CE,23,88,4.5,96,35,63,2
Student_4513,Male,ME,18,71,7.2,82,98,83,3
Student_4514,Male,CSE,19,90,6.7,64,39,57,3
Student_4515,Male,CE,18,80,2.8,64,60,61,1
Student_4516,Female,CSE,18,98,7.4,53,35,58,2
Student_4517,Female,ME,18,62,4.4,84,35,48,4
Student_4518,Female,ECE,20,90,1.3,83,72,59,5
Student_4519,Female,ECE,22,90,1.2,93,75,75,1
Student_4520,Female,CE,22,78,4.4,77,62,63,3
Student_4521,Male,IT,21,77,4.8,100,39,70,0
Student_4522,Male,ME,18,93,1.6,75,55,54,4
Student_4523,Male,CE,20,68,7.5,63,97,83,1
Student_4524,Male,CE,19,72,6.0,80,46,53,5
Student_4525,Female,ECE,19,96,6.6,99,40,72,2
Student_4526,Female,CSE,21,99,5.1,78,63,63,5
Student_4527,Male,ME,21,57,5.6,78,95,84,0
Student_4528,Female,CSE,18,74,3.7,52,69,62,1
Student_4529,Female,ME,18,87,5.8,41,86,63,4
Student_4530,Male,IT,19,87,7.8,73,67,81,0
Student_4531,Male,ECE,19,84,5.5,99,59,78,1
Student_4532,Female,IT,19,75,3.4,54,48,54,1
Student_4533,Female,CE,19,52,3.0,97,87,65,5
Student_4534,Male,ECE,22,51,7.7,87,95,77,4
Student_4535,Male,CE,18,54,2.3,98,47,57,2
Student_4536,Male,IT,18,69,6.6,41,49,58,0
Student_4537,Female,ME,19,61,4.3,91,89,68,5
Student_4538,Male,CE,20,87,4.1,64,87,76,1
Student_4539,Male,CSE,19,65,6.2,44,81,56,5
Student_4540,Female,ME,23,86,2.0,73,79,59,5
Student_4541,Female,ME,21,87,4.3,91,98,77,5
Student_4542,Female,IT,23,85,1.3,78,49,50,4
Student_4543,Female,IT,20,95,5.7,44,55,62,1
Student_4544,Female,ECE,21,78,1.4,82,70,58,4
Student_4545,Male,ECE,20,84,1.6,47,59,45,4
Student_4546,Male,CSE,21,98,6.9,88,78,88,1
Student_4547,Female,ME,19,86,4.1,53,35,40,5
Student_4548,Female,CSE,19,70,2.4,68,76,54,5
Student_4549,Female,CSE,20,70,5.1,69,93,70,4
Student_4550,Female,IT,21,77,4.6,76,67,74,0
Student_4551,Female,CSE,22,55,3.9,43,66,43,5
Student_4552,Male,CSE,20,69,7.3,74,100,78,4
Student_4553,Male,CE,20,85,6.2,46,59,60,2
Student_4554,Male,ECE,23,62,2.1,65,74,59,2
Student_4555,Male,ECE,18,89,5.0,71,92,73,4
Student_4556,Female,ME,20,60,1.6,82,98,79,0
Student_4557,Male,ECE,22,73,2.7,72,53,47,5
Student_4558,Female,ME,19,68,7.4,93,62,72,3
Student_4559,Female,CE,21,72,4.2,63,76,63,3
Student_4560,Female,ECE,18,80,7.2,89,84,90,0
Student_4561,Male,CE,21,86,2.2,93,82,76,2
Student_4562,Female,ECE,19,86,2.4,98,91,75,4
Student_4563,Male,ECE,20,52,3.5,40,43,43,1
Student_4564,Male,CE,23,83,3.6,68,64,57,4
Student_4565,Female,CSE,22,78,6.2,87,52,62,4
Student_4566,Female,CSE,18,52,5.2,84,79,68,3
Student_4567,Female,CSE,22,64,4.9,77,100,73,4
Student_4568,Male,CSE,22,56,5.2,77,45,53,3
Student_4569,Female,ECE,22,52,6.1,60,49,57,1
Student_4570,Male,IT,22,96,7.2,62,74,69,4
Student_4571,Female,CE,19,92,3.9,85,47,70,0
Student_4572,Female,IT,22,65,6.6,44,67,54,4
Student_4573,Male,IT,23,94,4.5,69,36,47,5
Student_4574,Male,ME,22,83,6.1,79,68,64,5
Student_4575,Male,CSE,19,69,7.1,57,50,65,0
Student_4576,Male,ECE,21,93,1.2,45,48,44,3
Student_4577,Male,CSE,19,88,4.8,44,80,60,4
Student_4578,Male,CSE,23,82,7.9,81,84,81,3
Student_4579,Female,IT,23,63,4.5,57,39,54,0
Student_4580,Female,ME,20,91,7.1,98,77,83,3
Student_4581,Male,CSE,19,84,2.3,52,52,51,2
Student_4582,Female,CE,21,60,5.2,94,82,68,5
Student_4583,Male,CE,20,69,7.1,59,98,84,0
Student_4584,Female,CSE,20,79,4.0,77,60,61,3
Student_4585,Female,IT,18,77,4.4,60,48,49,4
Student_4586,Male,IT,22,64,1.6,43,100,59,3
Student_4587,Male,ECE,20,87,1.3,52,95,70,1
Student_4588,Male,ME,20,99,4.3,57,55,67,0
Student_4589,Female,IT,23,62,6.9,52,89,68,3
Student_4590,Male,ECE,21,96,7.5,52,36,49,5
Student_4591,Female,CE,20,84,5.6,78,37,60,2
Student_4592,Male,CE,21,96,6.8,76,47,59,5
Student_4593,Female,CE,22,73,6.1,100,55,75,1
Student_4594,Female,CSE,23,50,5.9,74,67,70,0
Student_4595,Male,ME,18,91,6.4,77,54,72,1
Student_4596,Female,ECE,18,73,4.5,79,52,56,4
Student_4597,Female,ME,22,76,4.2,66,72,66,2
Student_4598,Male,CSE,22,67,2.1,97,59,58,4
Student_4599,Female,ECE,23,75,6.9,65,72,62,5
Student_4600,Male,ECE,23,78,1.3,51,49,38,5
Student_4601,Male,IT,19,57,2.9,41,63,45,3
Student_4602,Male,ME,20,93,4.6,82,98,88,1
Student_4603,Male,ME,20,75,7.8,97,66,74,4
Student_4604,Female,IT,20,54,6.5,99,77,75,3
Student_4605,Female,CE,21,82,3.6,59,47,54,2
Student_4606,Female,CSE,19,89,6.0,74,59,60,5
Student_4607,Male,ME,20,54,7.5,94,83,75,4
Student_4608,Female,IT,21,98,4.8,49,42,57,1
Student_4609,Female,ECE,21,96,4.2,47,62,54,4
Student_4610,Male,IT,18,85,4.9,79,45,62,2
Student_4611,Male,CE,21,62,3.2,85,89,70,3
Student_4612,Female,CSE,22,66,7.4,75,44,56,4
Student_4613,Male,CE,23,62,6.6,70,93,71,4
Student_4614,Male,ECE,21,74,5.9,54,99,67,5
Student_4615,Male,ECE,22,51,5.1,81,39,60,0
Student_4616,Male,ECE,22,73,7.8,57,54,59,3
Student_4617,Female,ECE,18,85,3.1,93,39,51,5
Student_4618,Male,IT,18,74,3.0,54,64,62,0
Student_4619,Male,ECE,21,83,2.7,58,68,66,0
Student_4620,Male,ECE,18,61,6.2,63,35,42,5
Student_4621,Male,IT,18,68,6.6,74,61,67,2
Student_4622,Male,ECE,23,99,5.2,41,97,75,2
Student_4623,Male,CE,20,91,5.6,52,68,69,1
Student_4624,Male,CE,21,79,3.4,84,66,59,5
Student_4625,Male,ME,21,86,1.3,96,80,71,3
Student_4626,Female,CE,21,92,2.8,48,91,65,3
Student_4627,Male,CSE,18,50,5.1,96,56,65,2
Student_4628,Female,CSE,23,52,6.7,74,63,65,2
Student_4629,Male,CSE,18,98,6.4,41,79,76,0
Student_4630,Male,IT,22,75,2.3,85,79,70,2
Student_4631,Male,CE,19,64,1.4,55,55,42,4
Student_4632,Male,CSE,19,95,7.0,85,55,71,3
Student_4633,Female,ME,19,96,1.5,75,94,79,1
Student_4634,Male,IT,20,97,3.8,41,63,64,0
Student_4635,Male,ME,18,77,1.7,55,67,50,4
Student_4636,Female,CE,22,53,4.9,47,73,57,2
Student_4637,Female,ECE,22,68,3.5,97,96,85,1
Student_4638,Male,ME,19,73,2.4,40,79,57,2
Student_4639,Female,ECE,23,89,5.2,57,92,67,5
Student_4640,Female,IT,20,55,3.5,93,35,47,4
Student_4641,Female,ME,20,65,2.2,80,45,44,5
Student_4642,Male,ME,19,81,5.9,65,66,58,5
Student_4643,Male,IT,19,79,6.9,83,83,84,1
Student_4644,Male,IT,18,84,2.9,44,64,46,5
Student_4645,Female,CSE,23,57,2.3,60,94,65,2
Student_4646,Male,CE,20,54,1.5,74,44,41,4
Student_4647,Female,ME,22,86,4.7,79,55,60,4
Student_4648,Male,ME,19,61,6.8,67,40,58,1
Student_4649,Male,IT,18,74,2.8,93,72,62,5
Student_4650,Female,IT,22,82,4.2,65,92,66,5
Student_4651,Male,CE,20,88,2.1,71,42,47,4
Student_4652,Female,IT,19,73,3.8,99,97,84,2
Student_4653,Female,ECE,23,60,1.1,87,68,64,1
Student_4654,Male,ECE,19,91,7.4,89,83,77,5
Student_4655,Female,ECE,23,84,5.7,83,74,67,5
Student_4656,Male,ECE,18,89,3.3,83,63,74,0
Student_4657,Male,CE,18,50,7.2,60,43,47,4
Student_4658,Female,ME,20,57,2.3,43,55,44,2
Student_4659,Male,ECE,23,72,1.6,98,66,70,1
Student_4660,Female,IT,19,69,7.6,81,89,73,5
Student_4661,Male,ECE,18,81,3.2,80,77,77,0
Student_4662,Male,CE,19,60,7.6,75,44,67,0
Student_4663,Male,IT,20,56,5.5,63,83,65,3
Student_4664,Male,ECE,23,79,7.9,72,47,57,5
Student_4665,Male,ME,19,97,6.3,44,75,66,3
Student_4666,Female,IT,22,88,1.7,96,65,60,5
Student_4667,Female,IT,19,62,7.0,42,66,62,1
Student_4668,Female,ME,21,91,2.0,50,79,56,4
Student_4669,Female,IT,21,98,5.8,84,47,60,5
Student_4670,Female,ECE,20,52,4.5,71,59,58,2
Student_4671,Female,IT,20,56,6.0,61,49,49,4
Student_4672,Male,ECE,20,92,6.4,50,98,79,2
Student_4673,Male,ME,22,62,6.6,97,94,86,2
Student_4674,Female,CSE,23,86,6.8,77,42,61,3
Student_4675,Female,ME,22,74,6.9,98,51,69,3
Student_4676,Male,ECE,19,72,3.9,61,39,44,4
Student_4677,Male,CE,18,100,7.2,43,47,63,1
Student_4678,Male,ME,23,96,6.0,78,55,70,2
Student_4679,Female,CE,21,82,6.9,42,78,65,3
Student_4680,Female,CE,21,54,7.9,93,87,86,1
Student_4681,Female,ECE,21,81,1.8,49,62,50,3
Student_4682,Male,ECE,19,79,3.6,76,100,79,2
Student_4683,Male,CSE,19,80,6.6,58,55,68,0
Student_4684,Female,IT,20,62,1.6,57,91,60,3
Student_4685,Female,ME,18,91,4.8,67,89,80,1
Student_4686,Male,ECE,20,54,7.0,70,36,48,4
Student_4687,Male,ME,19,72,1.1,56,99,61,4
Student_4688,Male,CE,22,50,7.6,63,37,52,2
Student_4689,Male,IT,20,59,7.8,40,93,61,5
Student_4690,Female,CSE,23,99,3.3,44,97,78,0
Student_4691,Male,ME,19,76,6.4,71,39,55,3
Student_4692,Male,IT,19,57,1.9,92,100,67,5
Student_4693,Male,CSE,22,52,6.4,56,52,51,3
Student_4694,Female,ME,22,68,4.4,96,43,68,0
Student_4695,Female,IT,22,100,7.0,60,56,68,2
Student_4696,Male,ECE,18,51,2.5,80,62,58,2
Student_4697,Male,ME,23,98,5.7,82,94,90,1
Student_4698,Male,IT,19,80,6.5,61,46,62,1
Student_4699,Female,CSE,22,97,2.4,78,71,73,1
Student_4700,Female,IT,18,59,6.7,78,76,73,2
Student_4701,Female,ECE,21,65,7.7,73,88,76,3
Student_4702,Male,ME,23,86,5.3,53,76,62,4
Student_4703,Female,ME,21,69,6.5,55,90,73,2
Student_4704,Male,ME,21,52,4.7,44,80,65,0
Student_4705,Male,ECE,19,84,5.2,57,39,47,4
Student_4706,Male,CSE,18,83,1.1,43,90,61,2
Student_4707,Female,ME,18,70,4.7,83,57,56,5
Student_4708,Male,CSE,21,85,5.0,90,96,86,2
Student_4709,Female,IT,23,81,5.7,67,47,63,1
Student_4710,Female,CSE,20,67,2.2,84,93,71,3
Student_4711,Male,CSE,21,83,2.7,66,62,51,5
Student_4712,Male,ME,19,87,6.3,45,40,50,3
Student_4713,Female,CE,21,52,2.2,50,95,55,4
Student_4714,Male,CE,23,52,3.9,86,95,76,2
Student_4715,Female,ECE,23,76,2.8,60,79,67,1
Student_4716,Male,ECE,21,51,4.8,56,46,40,5
Student_4717,Female,CE,18,52,7.9,70,69,74,0
Student_4718,Female,IT,21,66,7.0,73,96,81,2
Student_4719,Female,ME,22,95,2.9,52,39,53,1
Student_4720,Female,ME,22,88,3.6,62,100,83,0
Student_4721,Male,IT,20,87,7.4,96,99,100,0
Student_4722,Male,IT,19,89,7.3,40,100,72,4
Student_4723,Female,CE,19,68,2.1,43,75,51,3
Student_4724,Female,ECE,18,68,6.8,69,61,63,3
Student_4725,Male,IT,19,93,3.1,70,39,49,4
Student_4726,Male,ECE,20,54,4.8,86,39,55,2
Student_4727,Male,CSE,22,54,1.0,55,47,33,5
Student_4728,Male,ME,18,63,8.0,82,43,67,1
Student_4729,Male,CE,23,76,6.3,42,82,58,5
Student_4730,Male,ME,22,98,2.7,51,66,51,5
Student_4731,Female,CE,20,97,5.8,51,70,65,3
Student_4732,Male,CSE,18,85,3.1,50,49,42,5
Student_4733,Male,ME,21,89,1.6,55,43,42,4
Student_4734,Female,CSE,19,84,4.0,68,50,56,3
Student_4735,Male,CE,20,70,5.3,92,40,59,3
Student_4736,Male,IT,18,54,1.6,60,67,49,3
Student_4737,Male,ME,22,73,4.6,84,76,73,2
Student_4738,Male,CSE,18,88,4.6,83,93,76,4
Student_4739,Male,ME,21,99,5.4,81,70,73,3
Student_4740,Female,ME,20,73,2.7,97,68,67,3
Student_4741,Male,ME,18,89,1.1,82,36,47,4
Student_4742,Female,ECE,23,92,3.3,89,47,70,0
Student_4743,Female,CSE,20,95,3.8,44,77,55,5
Student_4744,Male,CSE,20,99,5.5,91,91,88,2
Student_4745,Female,ME,22,62,7.5,52,41,53,2
Student_4746,Male,IT,19,87,2.4,56,93,61,5
Student_4747,Female,ME,23,94,5.8,51,93,79,1
Student_4748,Female,ECE,21,50,1.7,56,85,61,1
Student_4749,Male,CE,18,92,2.3,40,37,34,5
Student_4750,Male,ECE,19,88,4.6,47,61,65,0
Student_4751,Male,IT,22,59,6.0,55,88,72,1
Student_4752,Male,ME,19,51,7.0,54,98,70,3
Student_4753,Male,CSE,20,65,6.2,58,68,61,3
Student_4754,Female,ME,20,86,1.1,64,57,46,5
Student_4755,Female,IT,21,65,5.8,70,82,75,1
Student_4756,Female,CSE,23,72,6.8,81,89,72,5
Student_4757,Female,ECE,18,75,4.7,41,51,51,2
Student_4758,Female,CE,18,65,7.8,96,96,95,0
Student_4759,Female,CE,22,76,1.0,98,95,75,3
Student_4760,Female,ME,21,96,6.7,64,95,89,0
Student_4761,Male,ECE,18,90,3.3,70,78,73,1
Student_4762,Male,IT,23,79,5.6,43,37,42,4
Student_4763,Female,CE,20,82,5.9,43,42,42,5
Student_4764,Female,ECE,21,81,3.1,91,60,58,5
Student_4765,Male,ME,19,58,8.0,51,49,62,0
Student_4766,Male,CSE,21,60,1.7,56,39,47,0
Student_4767,Male,ME,21,86,2.1,60,47,55,1
Student_4768,Male,ME,23,55,7.2,68,46,61,1
Student_4769,Female,ECE,23,79,1.8,61,97,67,3
Student_4770,Male,CE,18,89,3.7,75,42,52,4
Student_4771,Female,ECE,22,64,6.1,79,68,63,4
Student_4772,Female,CSE,22,97,6.5,55,56,71,0
Student_4773,Female,ECE,23,79,7.7,54,84,69,4
Student_4774,Male,IT,18,67,6.5,69,46,62,1
Student_4775,Male,ME,18,61,6.9,85,56,58,5
Student_4776,Female,CE,18,53,7.6,90,92,86,1
Student_4777,Female,CSE,23,65,4.9,50,53,56,1
Student_4778,Female,ME,22,72,3.4,96,39,65,0
Student_4779,Male,ECE,18,60,6.3,52,50,54,2
Student_4780,Female,IT,23,73,2.1,62,75,64,1
Student_4781,Male,ECE,19,71,1.5,79,53,50,4
Student_4782,Female,ME,19,88,6.5,94,99,86,4
Student_4783,Female,CSE,20,64,7.7,80,56,71,1
Student_4784,Female,CE,19,98,4.1,73,51,55,5
Student_4785,Male,ME,21,64,2.1,59,69,56,2
Student_4786,Male,CSE,20,59,4.5,41,73,62,0
Student_4787,Female,ME,19,77,3.8,47,89,69,1
Student_4788,Male,IT,21,85,3.6,57,39,56,0
Student_4789,Female,ECE,19,66,5.4,95,45,64,2
Student_4790,Male,CE,23,85,2.2,93,74,75,1
Student_4791,Male,CSE,21,71,3.7,46,38,35,5
Student_4792,Male,CE,18,72,7.1,82,92,87,1
Student_4793,Female,CE,23,78,6.1,70,99,85,1
Student_4794,Male,CE,21,71,1.4,100,98,77,3
Student_4795,Male,CSE,23,60,4.6,61,68,63,1
Student_4796,Female,CSE,18,85,1.6,67,92,74,1
Student_4797,Female,CE,21,93,7.7,64,41,54,5
Student_4798,Female,ECE,21,78,2.7,91,69,69,2
Student_4799,Female,ME,23,91,7.5,40,63,64,2
Student_4800,Male,CE,19,81,6.8,71,59,65,3
Student_4801,Male,IT,21,63,4.9,64,62,63,1
Student_4802,Male,CE,19,67,3.4,87,61,58,4
Student_4803,Male,CSE,21,87,7.0,55,42,64,0
Student_4804,Male,ME,22,86,2.1,68,72,55,5
Student_4805,Female,IT,20,83,2.3,81,43,59,1
Student_4806,Male,ME,19,94,2.6,63,77,58,5
Student_4807,Male,ME,19,72,5.2,56,59,56,3
Student_4808,Male,IT,18,81,3.2,100,100,80,4
Student_4809,Female,CE,22,95,7.9,81,51,73,2
Student_4810,Female,CE,18,52,2.4,45,41,45,0
Student_4811,Male,CE,22,92,6.6,53,56,60,3
Student_4812,Female,ECE,22,71,1.7,65,44,48,2
Student_4813,Female,CE,23,72,3.5,99,47,66,1
Student_4814,Female,IT,23,53,2.7,67,76,57,3
Student_4815,Female,ECE,23,62,7.8,86,62,75,1
Student_4816,Female,CE,21,81,1.2,75,93,69,3
Student_4817,Female,ECE,18,78,6.1,70,45,57,3
Student_4818,Female,IT,20,89,2.7,66,43,57,1
Student_4819,Male,CE,22,89,6.7,41,89,70,3
Student_4820,Male,CSE,22,94,3.2,58,39,43,5
Student_4821,Female,IT,19,59,2.3,67,72,59,2
Student_4822,Male,ME,21,62,5.9,84,100,74,5
Student_4823,Male,ME,20,94,2.8,83,98,73,5
Student_4824,Female,IT,23,66,4.4,96,59,68,2
Student_4825,Male,ME,22,87,1.9,60,86,73,0
Student_4826,Female,IT,19,51,6.1,94,72,79,0
Student_4827,Female,CSE,18,66,3.8,84,53,58,3
Student_4828,Female,IT,22,93,2.0,54,59,56,2
Student_4829,Male,CE,19,75,6.2,73,82,67,5
Student_4830,Male,CE,18,87,1.7,79,95,79,1
Student_4831,Male,ECE,21,86,5.0,42,69,58,3
Student_4832,Male,ME,23,54,5.3,40,85,52,5
Student_4833,Female,ME,18,74,7.5,100,49,76,1
Student_4834,Female,IT,22,58,2.1,63,83,55,4
Student_4835,Male,ME,20,77,5.6,82,64,76,0
Student_4836,Female,CE,18,71,3.7,66,55,54,3
Student_4837,Female,CSE,20,78,3.8,48,75,58,3
Student_4838,Male,IT,20,84,4.5,63,37,56,1
Student_4839,Female,ME,18,69,2.6,56,58,59,0
Student_4840,Male,CE,21,54,4.2,67,51,56,1
Student_4841,Female,ECE,18,88,5.8,78,42,66,1
Student_4842,Male,ME,19,93,4.2,94,40,71,0
Student_4843,Female,CSE,23,81,1.3,43,43,36,4
Student_4844,Female,CSE,20,88,2.8,100,49,66,2
Student_4845,Male,ME,23,59,3.5,68,98,63,5
Student_4846,Male,ME,22,89,3.5,84,84,77,2
Student_4847,Male,CE,20,66,1.6,67,45,42,4
Student_4848,Male,ME,22,86,4.1,95,80,85,0
Student_4849,Female,ECE,19,64,5.8,76,79,69,3
Student_4850,Female,CE,19,58,1.3,68,93,71,0
Student_4851,Male,IT,23,81,6.3,83,59,62,5
Student_4852,Female,ECE,19,72,7.7,91,46,72,1
Student_4853,Male,CE,18,60,1.1,68,60,43,5
Student_4854,Male,CE,20,62,2.4,44,71,58,0
Student_4855,Female,CSE,22,67,4.8,50,57,54,2
Student_4856,Female,CE,23,98,2.5,41,99,67,3
Student_4857,Male,ECE,23,58,6.4,43,79,53,5
Student_4858,Male,ME,19,91,3.2,49,69,54,4
Student_4859,Male,ECE,19,54,3.1,95,82,78,0
Student_4860,Female,IT,22,92,1.0,78,62,59,3
Student_4861,Female,CE,20,71,2.9,83,35,43,5
Student_4862,Female,CE,20,81,2.5,47,75,56,3
Student_4863,Female,CE,23,96,3.4,94,57,71,2
Student_4864,Male,CE,22,51,2.0,62,66,56,1
Student_4865,Male,CSE,23,70,5.2,66,41,51,3
Student_4866,Male,CSE,21,77,2.7,62,89,66,3
Student_4867,Male,ME,20,73,6.8,87,77,85,0
Student_4868,Male,CE,22,73,3.0,73,48,49,4
Student_4869,Male,IT,22,63,2.5,74,48,59,0
Student_4870,Female,ME,23,86,1.4,56,75,60,2
Student_4871,Female,CE,19,76,6.2,86,48,63,3
Student_4872,Male,CSE,22,73,4.6,89,62,72,1
Student_4873,Male,IT,23,55,1.8,49,64,45,3
Student_4874,Female,ME,18,75,2.5,93,88,80,1
Student_4875,Female,IT,19,64,8.0,41,93,75,1
Student_4876,Female,CE,19,78,6.6,56,46,49,5
Student_4877,Female,ECE,20,85,3.4,70,73,59,5
Student_4878,Male,IT,21,59,4.8,55,49,54,1
Student_4879,Male,IT,20,77,3.9,63,38,45,4
Student_4880,Male,CSE,18,100,1.3,96,78,82,0
Student_4881,Male,CE,23,58,6.5,46,73,52,5
Student_4882,Male,IT,19,70,6.0,58,71,65,2
Student_4883,Female,CE,19,59,3.9,55,92,57,5
Student_4884,Male,CSE,22,53,6.9,72,66,60,4
Student_4885,Female,CE,21,53,4.7,75,62,55,4
Student_4886,Male,CSE,21,55,1.5,84,38,51,1
Student_4887,Male,CSE,22,75,2.8,49,44,40,4
Student_4888,Male,ME,18,89,4.2,82,61,69,2
Student_4889,Male,CE,21,65,1.7,90,70,65,2
Student_4890,Male,ECE,19,57,5.0,54,39,44,3
Student_4891,Female,ME,18,77,1.8,82,84,65,4
Student_4892,Female,CSE,20,65,2.4,42,66,41,5
Student_4893,Female,ECE,20,87,7.3,41,57,58,3
Student_4894,Male,IT,18,98,8.0,82,95,83,5
Student_4895,Male,IT,19,50,4.9,81,35,52,2
Student_4896,Female,ME,20,68,5.3,74,65,60,4
Student_4897,Male,ECE,23,99,6.6,66,53,71,1
Student_4898,Male,CE,19,66,5.9,44,88,70,1
Student_4899,Female,ECE,22,98,2.3,54,68,55,4
Student_4900,Male,ME,21,77,3.9,75,38,45,5
Student_4901,Female,CE,18,93,4.7,88,82,78,3
Student_4902,Male,CE,21,61,3.5,72,82,64,3
Student_4903,Female,IT,22,55,2.2,40,83,57,1
Student_4904,Male,ECE,20,56,6.2,51,94,67,3
Student_4905,Male,CE,23,57,2.4,81,78,68,1
Student_4906,Female,ME,19,52,2.8,80,68,67,0
Student_4907,Male,IT,19,98,3.0,48,90,73,1
Student_4908,Male,CE,22,70,2.1,96,40,63,0
Student_4909,Female,ECE,18,57,6.9,97,70,70,4
Student_4910,Male,IT,21,77,5.3,91,69,80,0
Student_4911,Female,ECE,23,79,6.8,59,59,64,2
Student_4912,Male,ECE,20,81,4.5,69,83,64,5
Student_4913,Male,ECE,18,60,4.6,53,89,63,3
Student_4914,Male,IT,23,69,5.3,97,75,83,0
Student_4915,Male,CE,23,99,3.6,62,91,76,2
Student_4916,Female,CSE,22,65,4.5,68,56,58,2
Student_4917,Male,CE,22,74,4.8,90,78,73,3
Student_4918,Female,IT,19,94,7.7,81,63,80,1
Student_4919,Male,CSE,20,58,7.2,74,82,75,2
Student_4920,Male,CSE,18,100,1.9,91,37,50,5
Student_4921,Male,CSE,19,88,1.3,66,79,71,0
Student_4922,Male,ME,20,98,5.8,93,54,71,3
Student_4923,Female,IT,21,89,1.3,88,70,74,0
Student_4924,Female,ME,21,89,1.4,66,94,75,1
Student_4925,Female,CSE,19,52,2.1,69,52,47,3
Student_4926,Female,ME,18,65,3.5,42,100,66,2
Student_4927,Male,ME,20,61,4.0,51,65,61,0
Student_4928,Female,IT,21,64,4.6,86,43,50,5
Student_4929,Female,ECE,21,53,7.9,70,54,69,0
Student_4930,Male,ME,18,72,3.7,76,54,51,5
Student_4931,Male,ME,19,76,2.7,66,81,66,2
Student_4932,Male,CSE,22,88,5.0,86,35,61,2
Student_4933,Male,CSE,23,92,2.5,91,48,66,1
Student_4934,Female,CSE,20,86,7.6,63,35,62,1
Student_4935,Female,CE,21,62,2.8,87,44,55,2
Student_4936,Male,ME,23,92,7.9,80,83,82,3
Student_4937,Male,CSE,23,86,3.9,79,48,61,2
Student_4938,Male,IT,22,89,6.7,50,94,77,2
Student_4939,Female,CE,23,70,5.5,66,76,63,4
Student_4940,Female,ECE,18,78,7.5,48,93,73,3
Student_4941,Male,ME,19,78,5.4,55,59,57,3
Student_4942,Male,ME,20,98,5.1,53,70,58,5
Student_4943,Female,IT,18,60,5.6,86,69,73,1
Student_4944,Male,ECE,19,100,6.5,69,45,68,1
Student_4945,Male,ECE,18,99,7.3,85,44,74,1
Student_4946,Female,CE,21,77,2.9,63,42,56,0
Student_4947,Male,ME,21,59,2.4,81,57,54,3
Student_4948,Female,CSE,22,54,1.2,52,40,32,4
Student_4949,Male,IT,18,74,3.6,72,98,79,1
Student_4950,Male,IT,23,82,6.9,94,80,87,1
Student_4951,Female,IT,21,66,1.5,48,72,56,1
Student_4952,Female,IT,19,98,4.8,88,59,76,1
Student_4953,Male,CSE,22,82,5.9,65,36,59,1
Student_4954,Female,CSE,23,74,6.9,88,58,78,0
Student_4955,Male,CE,20,82,5.1,81,95,76,4
Student_4956,Male,ME,18,58,2.3,84,43,49,3
Student_4957,Female,CSE,21,76,7.8,89,79,77,4
Student_4958,Male,CE,23,74,1.7,52,50,47,2
Student_4959,Male,ECE,19,53,6.4,60,48,45,5
Student_4960,Female,ME,18,58,1.6,68,60,50,3
Student_4961,Female,CSE,19,95,2.0,67,80,72,1
Student_4962,Male,ECE,22,64,7.3,63,92,77,2
Student_4963,Female,CE,21,65,6.3,52,64,51,5
Student_4964,Female,CSE,21,65,3.6,95,90,78,2
Student_4965,Female,CSE,22,62,5.5,81,66,68,2
Student_4966,Female,ECE,19,63,4.2,59,57,55,2
Student_4967,Male,CSE,18,71,1.5,78,51,58,1
Student_4968,Male,IT,19,70,6.0,46,58,48,5
Student_4969,Male,CSE,18,58,6.3,80,81,74,2
Student_4970,Female,ME,23,90,7.2,87,45,64,4
Student_4971,Female,ECE,22,53,4.8,54,75,63,1
Student_4972,Female,ME,20,59,5.7,64,49,55,2
Student_4973,Female,CE,18,84,4.1,74,86,75,2
Student_4974,Female,ME,21,58,3.2,52,68,48,4
Student_4975,Female,IT,23,100,3.9,82,94,75,5
Student_4976,Female,IT,21,97,7.4,47,91,84,0
Student_4977,Male,ME,23,65,2.1,60,67,62,0
Student_4978,Male,CE,21,98,2.7,92,55,62,4
Student_4979,Female,CSE,19,67,5.2,95,58,60,5
Student_4980,Female,IT,19,59,1.8,45,54,50,0
Student_4981,Female,ME,19,70,7.2,49,94,71,3
Student_4982,Male,ME,23,100,1.3,97,80,68,5
Student_4983,Male,ME,23,64,6.3,88,67,69,3
Student_4984,Female,CSE,21,64,3.6,91,65,58,5
Student_4985,Female,ECE,18,60,1.4,80,68,57,3
Student_4986,Male,CE,23,89,6.9,60,56,72,0
Student_4987,Male,ECE,21,97,5.5,53,64,62,3
Student_4988,Male,CE,18,91,1.1,91,39,54,3
Student_4989,Male,CE,19,90,2.9,98,75,83,0
Student_4990,Female,ME,23,96,3.5,84,79,71,4
Student_4991,Male,IT,20,86,3.3,97,95,75,5
Student_4992,Male,ME,19,69,4.5,72,47,60,1
Student_4993,Female,CSE,22,83,4.7,64,43,53,3
Student_4994,Male,CE,18,71,3.8,95,69,62,5
Student_4995,Male,IT,20,97,3.3,58,52,64,0
Student_4996,Male,CE,19,67,4.5,48,46,52,1
Student_4997,Female,CE,23,65,1.2,88,75,68,1
Student_4998,Male,ME,20,54,5.5,86,50,52,5
Student_4999,Female,IT,21,50,5.2,91,47,60,2
Student_5000,Female,IT,18,68,3.0,76,52,60,1
Student_5001,Male,CE,22,59,2.3,75,85,63,3
Student_5002,Male,IT,21,70,1.5,75,67,54,4
Student_5003,Male,IT,20,62,5.1,96,88,71,5
Student_5004,Male,ME,19,73,5.0,54,40,47,3
Student_5005,Female,ECE,18,72,4.7,44,70,59,2
Student_5006,Male,CSE,23,72,7.9,56,89,79,1
Student_5007,Male,ECE,22,60,4.7,69,84,60,5
Student_5008,Male,IT,19,96,6.1,46,100,79,2
Student_5009,Female,CE,22,51,1.8,45,49,37,3
Student_5010,Male,CSE,23,55,3.1,54,56,46,3
Student_5011,Male,CSE,18,60,2.9,96,83,70,3
Student_5012,Female,CE,20,64,5.0,91,72,66,4
Student_5013,Female,CSE,22,58,3.3,85,42,51,3
Student_5014,Male,CE,18,61,5.5,49,42,45,3
Student_5015,Male,CSE,22,85,5.8,45,71,67,1
Student_5016,Male,ECE,19,77,1.2,81,59,50,5
Student_5017,Male,CSE,22,72,5.5,94,88,73,5
Student_5018,Male,ME,19,76,1.8,91,55,53,5
Student_5019,Female,CE,19,73,4.3,99,93,78,4
Student_5020,Female,CSE,18,63,6.1,80,65,59,5
Student_5021,Male,CE,21,84,5.9,52,40,57,1
Student_5022,Male,ME,23,76,3.1,53,76,61,2
Student_5023,Female,CSE,22,70,2.9,40,86,66,0
Student_5024,Male,CSE,20,98,4.1,72,81,66,5
Student_5025,Male,ME,19,62,2.3,58,62,56,1
Student_5026,Male,ME,21,57,7.8,48,70,54,5
Student_5027,Male,ME,19,93,3.4,76,74,65,4
Student_5028,Male,CE,21,93,7.5,88,47,75,1
Student_5029,Female,ME,21,93,7.4,87,83,92,0
Student_5030,Male,CE,20,83,3.6,51,38,51,1
Student_5031,Male,ECE,21,91,2.8,44,98,61,5
Student_5032,Male,CSE,20,72,6.4,45,57,48,5
Student_5033,Female,CSE,18,58,2.6,91,92,80,0
Student_5034,Female,IT,19,50,4.6,94,49,55,4
Student_5035,Female,ECE,20,85,1.8,50,80,64,1
Student_5036,Female,ME,23,95,3.7,90,73,70,4
Student_5037,Male,ME,19,65,1.5,92,81,64,4
Student_5038,Female,ECE,23,74,3.0,77,71,66,2
Student_5039,Male,ME,22,67,5.7,94,75,77,2
Student_5040,Male,IT,23,83,7.9,49,79,75,1
Student_5041,Female,CE,18,87,2.8,54,64,61,1
Student_5042,Female,CSE,22,52,4.3,89,41,47,5
Student_5043,Female,ECE,22,69,4.1,92,81,67,5
Student_5044,Female,CSE,21,68,2.3,100,81,68,4
Student_5045,Female,CE,23,62,5.3,78,94,78,2
Student_5046,Male,ECE,21,66,6.1,94,39,66,1
Student_5047,Female,CE,23,63,2.0,67,82,66,1
Student_5048,Female,ME,22,79,6.3,42,56,60,1
Student_5049,Female,ME,21,71,5.9,95,57,71,2
Student_5050,Male,ME,19,92,2.4,55,79,68,1
Student_5051,Female,CE,23,97,5.5,84,86,78,4
Student_5052,Male,CE,23,92,3.8,56,80,71,1
Student_5053,Female,CE,21,78,5.8,75,72,69,3
Student_5054,Female,CSE,23,99,4.5,58,74,60,5
Student_5055,Male,CE,22,51,1.3,43,49,45,0
Student_5056,Female,ME,21,57,6.5,98,46,60,4
Student_5057,Male,IT,21,63,4.9,64,91,74,1
Student_5058,Male,CE,20,83,6.1,66,53,60,3
Student_5059,Male,IT,20,62,1.9,51,64,51,2
Student_5060,Female,ME,22,59,6.0,95,52,61,4
Student_5061,Female,CE,19,57,3.9,66,97,65,4
Student_5062,Female,CSE,23,56,6.6,43,41,50,1
Student_5063,Male,CSE,18,62,5.2,100,94,84,2
Student_5064,Female,IT,23,75,3.5,63,97,76,1
Student_5065,Male,CSE,18,81,2.4,56,91,65,3
Student_5066,Female,CSE,22,68,6.7,99,73,85,0
Student_5067,Male,CSE,19,64,4.9,95,77,66,5
Student_5068,Male,ME,19,51,7.9,65,90,66,5
Student_5069,Male,CSE,19,86,3.6,57,44,53,2
Student_5070,Female,ECE,20,68,5.8,61,54,65,0
Student_5071,Male,CE,22,82,5.4,45,98,70,3
Student_5072,Male,CSE,18,88,5.5,58,73,63,4
Student_5073,Male,CSE,19,99,6.2,100,62,78,3
Student_5074,Male,CSE,22,82,2.0,76,64,53,5
Student_5075,Male,ECE,23,50,4.8,73,92,78,0
Student_5076,Male,CSE,18,88,4.6,50,96,74,2
Student_5077,Female,CSE,20,77,3.4,95,35,61,1
Student_5078,Female,CE,21,66,4.1,63,59,63,0
Student_5079,Male,ECE,18,55,4.6,84,73,68,2
Student_5080,Female,ECE,23,93,3.2,76,45,65,0
Student_5081,Female,CSE,18,69,3.1,62,93,60,5
Student_5082,Male,ECE,18,96,6.2,79,71,71,4
Student_5083,Male,IT,21,62,1.5,82,63,50,5
Student_5084,Male,ECE,19,61,3.2,43,43,36,4
Student_5085,Female,ECE,23,79,5.6,57,80,73,1
Student_5086,Male,ECE,21,70,2.5,69,43,44,4
Student_5087,Female,ME,18,51,5.0,54,99,67,3
Student_5088,Male,ME,23,67,3.1,76,76,57,5
Student_5089,Female,ME,20,77,6.9,62,68,60,5
Student_5090,Male,ECE,18,53,3.4,51,62,42,5
Student_5091,Male,IT,20,91,2.6,43,95,71,1
Student_5092,Female,ECE,22,92,4.7,43,74,55,5
Student_5093,Female,CSE,20,55,1.9,91,88,77,0
Student_5094,Female,IT,18,87,6.6,80,93,76,5
Student_5095,Female,ME,21,58,5.8,80,79,69,3
Student_5096,Female,CE,18,69,6.4,53,73,65,2
Student_5097,Female,IT,18,94,3.8,98,76,86,0
Student_5098,Male,ME,22,79,6.8,97,45,61,5
Student_5099,Female,IT,19,86,4.5,95,72,68,5
Student_5100,Male,IT,18,87,1.7,98,91,71,5
Student_5101,Male,ECE,22,53,2.6,47,46,36,4
Student_5102,Female,CSE,21,87,6.0,62,76,78,0
Student_5103,Male,CE,22,99,7.3,40,97,73,4
Student_5104,Female,ME,22,62,1.7,95,43,52,3
Student_5105,Female,IT,20,84,7.0,50,56,53,5
Student_5106,Male,CE,19,79,6.6,66,72,68,3
Student_5107,Male,IT,19,91,3.5,43,91,65,3
Student_5108,Female,CSE,23,53,5.8,68,64,53,5
Student_5109,Female,CE,21,74,2.3,56,60,57,1
Student_5110,Male,ME,23,80,6.7,88,88,79,4
Student_5111,Male,IT,22,96,5.6,58,66,74,0
Student_5112,Male,CSE,21,61,4.1,84,56,53,5
Student_5113,Male,CE,21,64,7.1,90,42,70,0
Student_5114,Female,IT,19,75,2.0,97,100,88,0
Student_5115,Female,IT,19,59,6.9,88,48,68,1
Student_5116,Female,ME,19,61,1.2,63,39,46,1
Student_5117,Female,CSE,18,71,6.3,91,47,60,4
Student_5118,Male,ECE,22,89,5.0,83,58,72,1
Student_5119,Male,IT,21,70,5.9,91,69,65,5
Student_5120,Female,CE,22,84,3.9,85,60,65,3
Student_5121,Female,ME,21,56,7.1,93,72,82,0
Student_5122,Female,ME,21,67,3.2,80,68,62,3
Student_5123,Female,IT,23,76,2.9,96,68,74,1
Student_5124,Female,IT,21,84,3.1,83,53,69,0
Student_5125,Female,IT,21,96,6.4,95,37,69,2
Student_5126,Female,ECE,20,51,4.5,71,70,59,3
Student_5127,Female,IT,20,81,4.8,70,38,56,2
Student_5128,Female,CSE,23,64,6.8,88,60,64,4
Student_5129,Male,CE,18,94,6.8,55,37,48,5
Student_5130,Female,IT,19,73,2.1,71,83,64,3
Student_5131,Male,ECE,21,69,4.8,83,43,65,0
Student_5132,Male,CE,22,59,1.9,81,80,71,0
Student_5133,Female,ME,20,73,7.1,97,100,82,5
Student_5134,Female,IT,19,73,6.9,73,48,63,2
Student_5135,Male,CE,18,73,6.9,74,37,65,0
Student_5136,Male,ME,19,89,5.9,98,36,58,5
Student_5137,Female,ECE,21,97,4.3,76,67,68,3
Student_5138,Male,CSE,19,97,3.8,55,44,58,1
Student_5139,Female,IT,21,83,3.8,60,87,74,1
Student_5140,Female,CSE,23,90,1.5,52,78,52,5
Student_5141,Female,ECE,20,89,7.6,97,72,90,0
Student_5142,Male,CE,20,60,4.2,95,55,58,4
Student_5143,Male,CE,21,75,7.5,57,69,65,3
Student_5144,Female,ECE,22,50,7.2,41,56,47,4
Student_5145,Male,ECE,20,79,6.8,95,54,73,2
Student_5146,Male,IT,22,92,5.1,72,42,52,5
Student_5147,Male,ME,21,67,1.7,80,85,74,0
Student_5148,Male,CSE,23,75,3.3,57,60,47,5
Student_5149,Male,CSE,21,96,5.2,67,85,77,2
Student_5150,Male,CE,23,58,1.1,76,99,64,4
Student_5151,Male,CE,20,58,1.3,74,60,51,3
Student_5152,Female,IT,22,50,5.7,76,81,64,4
Student_5153,Male,ECE,21,56,7.2,51,77,68,1
Student_5154,Male,CSE,20,93,7.0,79,43,61,4
Student_5155,Male,IT,23,91,2.2,47,69,52,4
Student_5156,Male,CE,21,100,7.4,93,53,71,4
Student_5157,Male,CE,23,65,5.9,64,82,64,4
Student_5158,Male,CSE,19,87,6.0,46,62,59,3
Student_5159,Male,CE,23,60,3.1,41,37,45,0
Student_5160,Male,CE,19,100,6.0,72,52,65,3
Student_5161,Female,ME,20,74,6.0,95,47,59,5
Student_5162,Male,ECE,21,78,5.2,72,61,66,2
Student_5163,Male,CE,20,68,3.5,79,74,70,1
Student_5164,Male,ME,18,67,6.7,99,73,85,0
Student_5165,Male,IT,23,96,7.6,96,92,85,5
Student_5166,Female,CE,20,78,7.1,88,91,77,5
Student_5167,Female,IT,20,65,2.7,62,58,57,1
Student_5168,Female,CE,19,95,4.1,44,56,59,1
Student_5169,Female,CSE,23,89,3.4,100,85,88,0
Student_5170,Female,ME,19,57,6.0,53,72,53,5
Student_5171,Female,ME,21,83,6.8,47,95,67,5
Student_5172,Female,CSE,20,55,2.5,59,83,66,0
Student_5173,Female,ECE,23,94,7.6,57,57,58,5
Student_5174,Female,ME,20,94,5.7,62,38,57,2
Student_5175,Female,IT,21,79,2.5,68,71,60,3
Student_5176,Female,ME,22,93,3.6,46,40,55,0
Student_5177,Female,ECE,21,83,1.7,63,62,48,5
Student_5178,Female,IT,19,70,5.2,85,42,60,2
Student_5179,Female,IT,19,61,2.2,64,54,45,4
Student_5180,Female,CSE,20,98,5.9,53,50,67,0
Student_5181,Female,CE,19,55,6.2,77,47,56,3
Student_5182,Male,CSE,23,88,4.4,42,96,65,4
Student_5183,Female,CE,21,55,1.7,92,100,70,4
Student_5184,Male,CSE,20,53,5.3,85,87,69,4
Student_5185,Female,CE,21,58,3.6,53,62,47,4
Student_5186,Female,ME,21,54,7.6,42,52,56,1
Student_5187,Male,IT,20,59,4.6,81,41,52,3
Student_5188,Female,CE,22,96,1.5,48,55,52,2
Student_5189,Male,ME,19,57,5.5,92,75,80,0
Student_5190,Male,ECE,18,72,6.5,46,73,64,2
Student_5191,Male,CSE,18,53,2.1,65,44,48,1
Student_5192,Female,ECE,18,86,4.1,46,65,53,4
Student_5193,Female,ME,19,56,6.2,46,76,52,5
Student_5194,Female,ECE,22,55,1.1,83,93,75,0
Student_5195,Male,ECE,21,94,1.2,97,72,70,3
Student_5196,Male,ME,20,100,5.7,75,77,84,0
Student_5197,Female,IT,22,91,6.1,91,36,72,0
Student_5198,Female,CE,18,64,6.9,52,40,52,2
Student_5199,Female,CSE,23,84,3.8,42,63,47,5
Student_5200,Female,CE,19,99,3.7,59,64,58,4
Student_5201,Female,CSE,19,81,4.9,48,74,61,3
Student_5202,Male,CE,20,63,6.3,92,71,81,0
Student_5203,Male,ECE,23,84,5.5,61,41,59,1
Student_5204,Male,IT,21,60,3.3,91,84,76,1
Student_5205,Female,ECE,22,59,3.4,84,52,49,5
Student_5206,Male,IT,23,66,6.3,72,42,52,4
Student_5207,Male,ME,22,62,4.7,100,89,72,5
Student_5208,Male,CSE,22,83,1.7,62,82,71,0
Student_5209,Male,CSE,21,94,2.1,100,92,77,4
Student_5210,Male,ME,21,100,7.0,62,50,72,0
Student_5211,Female,CE,21,54,8.0,77,59,64,3
Student_5212,Male,ME,20,97,3.3,91,63,75,1
Student_5213,Female,ME,19,59,3.7,65,42,40,5
Student_5214,Female,IT,18,81,2.1,71,89,71,2
Student_5215,Female,ME,21,61,2.6,100,86,66,5
Student_5216,Female,CSE,19,62,4.0,95,60,60,4
Student_5217,Female,ECE,21,70,3.0,67,59,54,3
Student_5218,Male,IT,18,97,5.9,69,60,72,1
Student_5219,Male,IT,23,82,4.8,79,81,73,3
Student_5220,Female,CE,21,90,6.8,56,35,47,5
Student_5221,Female,ECE,19,97,6.1,96,98,84,5
Student_5222,Female,IT,20,100,1.9,95,46,64,2
Student_5223,Male,ME,23,96,1.9,57,58,63,0
Student_5224,Female,IT,23,99,7.3,64,64,79,0
Student_5225,Male,IT,23,81,6.7,43,48,52,3
Student_5226,Female,IT,18,61,4.3,65,57,54,3
Student_5227,Male,CE,19,95,1.9,70,36,46,4
Student_5228,Female,IT,22,84,7.3,51,37,52,3
Student_5229,Male,IT,22,85,2.6,93,40,66,0
Student_5230,Female,CE,22,87,1.2,87,55,52,5
Student_5231,Male,ECE,20,97,7.5,57,54,64,3
Student_5232,Male,CSE,21,77,6.7,49,55,62,1
Student_5233,Male,CE,21,62,5.9,75,74,73,1
Student_5234,Male,CE,21,61,1.2,41,59,50,0
Student_5235,Male,IT,20,71,4.7,99,67,71,3
Student_5236,Male,IT,22,93,5.6,64,85,68,5
Student_5237,Male,CSE,23,51,6.3,86,54,61,3
Student_5238,Female,IT,21,78,4.3,48,53,50,3
Student_5239,Female,ME,23,62,7.7,86,90,86,1
Student_5240,Female,IT,23,84,2.7,71,90,79,0
Student_5241,Female,IT,20,62,1.5,44,35,30,4
Student_5242,Female,ME,20,83,3.3,90,73,64,5
Student_5243,Male,CSE,19,68,5.6,42,71,62,1
Student_5244,Male,ME,21,58,6.2,56,52,61,0
Student_5245,Male,CE,22,80,6.2,52,40,60,0
Student_5246,Male,ME,18,82,1.8,95,56,58,4
Student_5247,Male,ECE,20,76,7.2,42,45,54,2
Student_5248,Female,CE,23,94,3.0,67,43,50,4
Student_5249,Female,IT,19,51,2.5,43,47,34,4
Student_5250,Female,CE,18,64,5.3,57,37,55,0
Student_5251,Female,CSE,20,68,2.5,95,41,57,2
Student_5252,Male,CSE,19,80,4.6,74,80,73,2
Student_5253,Male,ME,23,65,3.8,53,92,64,3
Student_5254,Male,CE,21,92,2.6,55,62,52,4
Student_5255,Female,IT,19,64,3.0,51,65,48,4
Student_5256,Male,CSE,20,55,4.0,50,86,62,2
Student_5257,Female,IT,21,63,3.4,41,43,42,2
Student_5258,Male,ECE,23,76,3.7,72,42,46,5
Student_5259,Male,CSE,22,87,6.1,52,52,60,2
Student_5260,Female,ME,19,68,2.2,69,83,71,0
Student_5261,Male,ECE,18,86,5.4,65,45,65,0
Student_5262,Male,CE,23,92,5.7,89,36,70,0
Student_5263,Female,IT,21,53,6.6,57,63,51,5
Student_5264,Male,CSE,23,75,6.9,52,89,68,4
Student_5265,Female,ECE,21,58,2.1,43,87,48,5
Student_5266,Male,ECE,23,90,2.0,98,60,60,5
Student_5267,Male,CSE,22,98,5.3,72,85,79,2
Student_5268,Male,CE,19,89,6.3,54,40,62,0
Student_5269,Male,CE,18,64,2.9,56,46,44,3
Student_5270,Male,ME,22,90,4.7,45,68,62,2
Student_5271,Male,CE,19,86,6.4,44,98,67,5
Student_5272,Male,ME,18,53,6.4,72,71,67,2
Student_5273,Male,ECE,23,75,5.6,93,71,67,5
Student_5274,Female,CSE,18,67,1.6,55,42,43,2
Student_5275,Female,CE,20,90,1.4,85,71,74,0
Student_5276,Male,ME,18,84,3.7,63,80,72,1
Student_5277,Male,ECE,19,90,1.2,100,65,67,3
Student_5278,Female,CE,22,90,7.3,44,45,54,3
Student_5279,Male,IT,22,78,1.1,42,70,55,1
Student_5280,Male,ECE,20,73,1.2,74,51,50,3
Student_5281,Female,CE,19,53,2.2,100,50,65,0
Student_5282,Male,ECE,18,70,5.4,66,64,64,2
Student_5283,Male,CSE,20,88,4.8,51,73,68,1
Student_5284,Female,CSE,23,56,5.6,89,78,74,2
Student_5285,Male,CSE,21,72,7.3,80,71,66,5
Student_5286,Male,IT,23,89,4.2,64,60,60,3
Student_5287,Female,CSE,19,70,1.3,94,55,54,4
Student_5288,Male,IT,20,50,6.3,56,53,51,3
Student_5289,Female,CSE,22,90,6.7,88,45,66,3
Student_5290,Male,ECE,20,74,1.3,59,53,53,1
Student_5291,Male,CE,21,80,2.7,67,36,49,2
Student_5292,Female,CE,19,93,6.4,89,59,78,1
Student_5293,Female,CSE,20,87,3.6,100,64,80,0
Student_5294,Male,CE,23,94,4.3,74,51,64,2
Student_5295,Female,CSE,18,54,6.8,89,52,71,0
Student_5296,Female,CSE,23,80,1.7,54,74,65,0
Student_5297,Male,ME,19,100,5.7,72,40,66,1
Student_5298,Male,ME,20,50,2.5,42,77,49,3
Student_5299,Male,ME,23,79,1.4,46,51,37,5
Student_5300,Female,IT,20,67,5.6,49,76,57,4
Student_5301,Female,ME,23,57,1.8,80,53,45,5
Student_5302,Female,CSE,19,75,6.2,65,89,73,3
Student_5303,Female,ECE,22,89,2.4,80,63,62,3
Student_5304,Male,ME,23,64,1.3,79,88,68,2
Student_5305,Female,ME,18,68,1.7,45,42,44,1
Student_5306,Male,ECE,23,59,6.9,72,42,58,2
Student_5307,Female,CSE,19,73,3.6,55,77,57,4
Student_5308,Male,IT,23,65,3.1,63,84,68,1
Student_5309,Male,ME,18,92,4.4,95,38,55,5
Student_5310,Male,ECE,18,80,5.4,69,70,60,5
Student_5311,Female,CSE,19,93,1.3,99,39,51,5
Student_5312,Male,CE,20,65,7.3,96,53,68,3
Student_5313,Male,IT,23,65,7.7,49,76,73,0
Student_5314,Female,ECE,22,77,3.9,50,49,48,3
Student_5315,Male,ECE,18,69,3.9,83,92,74,3
Student_5316,Female,ECE,18,84,7.1,61,48,65,1
Student_5317,Female,ME,23,58,4.0,42,82,56,3
Student_5318,Male,CE,20,89,7.0,77,97,81,4
Student_5319,Male,IT,23,59,1.2,79,89,64,3
Student_5320,Female,CSE,19,94,4.4,62,66,72,0
Student_5321,Male,CSE,22,67,7.7,84,70,79,1
Student_5322,Female,CE,23,94,2.8,95,91,74,5
Student_5323,Female,ECE,18,94,2.9,58,78,61,4
Student_5324,Female,ECE,18,64,5.4,79,68,59,5
Student_5325,Male,ECE,19,94,7.5,92,85,92,1
Student_5326,Female,ECE,20,79,2.4,94,44,66,0
Student_5327,Male,ECE,23,97,7.5,52,46,62,2
Student_5328,Male,CE,21,81,5.6,75,75,67,4
Student_5329,Male,ME,20,89,8.0,42,37,61,0
Student_5330,Male,IT,18,76,6.2,61,99,70,5
Student_5331,Female,ECE,23,76,5.7,64,74,69,2
Student_5332,Male,ME,18,68,6.7,59,99,69,5
Student_5333,Female,CSE,22,59,2.2,67,64,61,0
Student_5334,Female,CE,20,93,7.6,96,77,87,2
Student_5335,Male,ME,21,95,2.2,42,87,64,2
Student_5336,Female,ECE,22,55,1.2,61,64,54,1
Student_5337,Female,ECE,21,73,5.9,83,75,72,3
Student_5338,Male,ECE,22,58,2.3,76,78,61,3
Student_5339,Female,ME,20,76,6.3,96,71,85,0
Student_5340,Female,ECE,18,56,6.6,77,40,57,2
Student_5341,Female,ME,21,55,2.7,57,71,52,3
Student_5342,Female,ECE,20,82,1.6,59,35,51,0
Student_5343,Male,CSE,21,70,4.5,85,44,66,0
Student_5344,Female,CSE,20,95,7.2,44,60,58,4
Student_5345,Female,IT,22,87,6.9,82,51,73,1
Student_5346,Female,ECE,20,93,1.8,98,98,87,1
Student_5347,Female,ECE,22,66,7.8,48,61,52,5
Student_5348,Male,ME,18,80,2.8,68,52,56,2
Student_5349,Female,ME,22,86,3.4,56,84,65,3
Student_5350,Male,ECE,19,60,2.0,51,99,64,2
Student_5351,Female,IT,18,77,3.6,96,54,64,3
Student_5352,Male,ECE,23,54,5.4,65,96,70,3
Student_5353,Male,ME,23,61,4.5,72,93,71,3
Student_5354,Male,ECE,20,52,6.8,72,59,54,5
Student_5355,Male,ME,20,90,5.5,75,99,82,3
Student_5356,Male,ECE,19,87,2.8,68,99,74,3
Student_5357,Female,CE,20,51,4.9,61,92,63,4
Student_5358,Female,ME,18,75,1.4,57,74,52,4
Student_5359,Female,IT,18,51,5.1,56,81,60,3
Student_5360,Male,CE,22,61,3.7,83,77,60,5
Student_5361,Female,ECE,21,89,1.7,91,42,65,0
Student_5362,Male,ME,20,51,3.2,63,96,73,0
Student_5363,Male,CE,19,90,7.3,61,68,75,1
Student_5364,Female,IT,23,65,5.1,83,42,55,3
Student_5365,Female,ME,18,79,7.3,44,59,67,0
Student_5366,Male,CE,18,96,3.9,40,60,60,1
Student_5367,Male,CE,18,95,7.9,58,88,87,0
Student_5368,Female,CE,21,85,3.5,69,75,71,1
Student_5369,Female,CSE,21,53,6.3,78,97,79,2
Student_5370,Female,ECE,20,60,3.1,54,41,50,0
Student_5371,Female,ME,23,73,1.7,85,84,68,3
Student_5372,Male,ME,19,67,6.8,97,77,77,3
Student_5373,Female,ME,21,76,6.3,74,51,58,4
Student_5374,Female,CE,22,86,6.7,44,55,59,2
Student_5375,Female,ECE,21,51,3.1,45,40,39,2
Student_5376,Male,IT,18,64,5.9,64,72,72,0
Student_5377,Male,ME,19,60,2.5,50,97,67,1
Student_5378,Male,ECE,20,76,1.1,90,46,47,5
Student_5379,Male,ECE,21,98,7.1,61,56,62,4
Student_5380,Female,CSE,18,97,4.7,98,37,67,2
Student_5381,Male,ME,22,96,7.9,73,53,72,2
Student_5382,Female,CE,22,72,3.7,96,77,66,5
Student_5383,Female,ECE,20,84,7.7,83,39,63,3
Student_5384,Female,ECE,20,79,5.3,96,63,65,5
Student_5385,Female,IT,21,96,4.6,94,39,63,3
Student_5386,Male,CSE,20,73,3.1,53,79,65,1
Student_5387,Male,ECE,23,68,6.8,98,88,91,0
Student_5388,Male,ECE,23,78,6.8,48,58,63,1
Student_5389,Female,CE,18,62,3.9,59,55,59,0
Student_5390,Female,CE,18,97,6.1,55,66,62,4
Student_5391,Female,IT,18,72,4.1,97,39,52,5
Student_5392,Female,IT,23,61,6.2,56,96,73,2
Student_5393,Female,IT,21,98,8.0,56,52,70,1
Student_5394,Male,CE,21,97,2.8,73,69,74,0
Student_5395,Female,CE,20,90,5.4,81,39,53,5
Student_5396,Male,CSE,21,78,3.7,50,43,43,4
Student_5397,Female,ME,18,55,4.8,74,38,55,1
Student_5398,Female,ME,19,100,7.1,73,67,76,2
Student_5399,Male,CSE,18,72,3.4,75,56,54,4
Student_5400,Male,ME,23,80,1.5,47,93,61,3
Student_5401,Female,CE,19,94,6.6,58,45,61,2
Student_5402,Female,ME,20,70,4.9,91,44,59,3
Student_5403,Female,CE,22,73,4.1,89,37,52,4
Student_5404,Female,CSE,21,57,2.3,72,49,45,4
Student_5405,Male,IT,21,93,1.6,95,71,69,3
Student_5406,Female,CSE,23,58,3.0,62,74,65,0
Student_5407,Male,ME,18,71,6.0,97,51,60,5
Student_5408,Female,CE,18,53,3.9,41,54,40,4
Student_5409,Male,ME,19,62,5.0,47,38,48,1
Student_5410,Male,ME,21,83,1.6,68,68,52,5
Student_5411,Female,IT,23,52,1.9,81,68,62,1
Student_5412,Male,ME,20,86,1.1,90,62,59,4
Student_5413,Female,IT,18,77,5.7,46,70,53,5
Student_5414,Male,CE,21,75,2.9,88,69,65,3
Student_5415,Female,CE,22,99,7.8,99,75,86,3
Student_5416,Male,IT,23,95,3.2,68,93,77,2
Student_5417,Female,CSE,19,83,3.5,70,51,56,3
Student_5418,Female,CE,18,64,4.3,69,64,67,0
Student_5419,Male,CSE,18,57,3.2,74,88,75,0
Student_5420,Male,CE,20,97,6.7,64,86,83,1
Student_5421,Male,CE,18,84,7.1,86,57,67,4
Student_5422,Male,ECE,23,73,1.1,43,53,47,1
Student_5423,Female,ME,21,86,5.6,88,71,71,4
Student_5424,Male,ME,21,53,5.8,82,93,81,1
Student_5425,Female,CSE,21,61,7.7,77,70,66,4
Student_5426,Male,ME,22,68,3.6,56,60,49,4
Student_5427,Female,CSE,22,64,2.4,49,61,53,1
Student_5428,Female,CE,18,79,4.6,40,96,69,2
Student_5429,Female,ECE,22,94,4.1,57,96,82,0
Student_5430,Female,ECE,22,86,6.5,85,86,81,3
Student_5431,Male,CE,20,61,7.3,58,78,75,0
Student_5432,Male,IT,22,68,1.6,100,67,64,3
Student_5433,Female,IT,19,83,6.9,89,97,83,4
Student_5434,Male,ME,19,56,7.4,95,68,66,5
Student_5435,Male,CSE,19,77,7.5,71,61,73,1
Student_5436,Female,ECE,18,77,6.4,93,70,81,1
Student_5437,Male,ME,21,78,6.2,70,38,55,3
Student_5438,Male,CE,20,86,1.1,72,87,72,1
Student_5439,Male,ECE,18,69,7.4,61,71,72,1
Student_5440,Female,CSE,21,60,3.5,40,84,61,1
Student_5441,Male,CSE,20,99,1.3,80,60,70,0
Student_5442,Female,IT,20,99,3.9,85,59,73,1
Student_5443,Male,ME,20,88,6.1,74,67,72,2
Student_5444,Male,CE,19,91,4.1,83,71,70,3
Student_5445,Male,ECE,19,72,6.3,88,72,82,0
Student_5446,Female,CSE,19,95,4.6,56,61,69,0
Student_5447,Female,ECE,20,69,3.1,73,47,48,4
Student_5448,Male,CE,23,69,2.4,68,57,49,4
Student_5449,Female,ECE,20,60,3.9,45,89,65,1
Student_5450,Male,ME,19,51,1.3,40,71,53,0
Student_5451,Female,IT,20,62,4.0,94,46,52,5
Student_5452,Female,ECE,19,62,1.5,66,88,70,0
Student_5453,Male,IT,19,90,7.1,51,54,66,1
Student_5454,Male,CE,19,98,5.0,43,52,54,3
Student_5455,Male,IT,23,64,5.5,94,41,68,0
Student_5456,Male,ECE,21,80,3.0,55,36,40,4
Student_5457,Female,ECE,20,72,2.6,91,88,79,1
Student_5458,Female,CSE,18,71,6.0,50,42,58,0
Student_5459,Female,ECE,19,65,5.7,91,67,63,5
Student_5460,Male,IT,23,91,1.9,59,80,56,5
Student_5461,Male,CSE,18,78,2.7,65,76,58,4
Student_5462,Female,ECE,21,69,7.6,67,97,81,2
Student_5463,Male,ECE,20,77,3.1,81,67,72,0
Student_5464,Female,CE,23,76,1.2,47,38,31,5
Student_5465,Female,CSE,19,93,1.4,41,92,67,1
Student_5466,Female,CE,19,78,6.4,79,63,65,4
Student_5467,Female,CE,19,54,6.3,65,55,64,0
Student_5468,Female,CE,23,98,3.7,66,60,58,4
Student_5469,Male,ME,18,91,2.1,72,75,71,1
Student_5470,Male,CE,21,87,4.5,100,68,83,0
Student_5471,Male,IT,20,87,3.3,94,78,68,5
Student_5472,Female,ECE,21,93,3.6,46,35,50,1
Student_5473,Female,ME,19,100,2.8,93,66,70,3
Student_5474,Female,CE,21,51,1.4,85,66,64,0
Student_5475,Female,ECE,18,94,6.5,75,85,88,0
Student_5476,Male,CSE,22,69,5.3,60,58,50,5
Student_5477,Male,CSE,22,92,6.8,88,78,77,4
Student_5478,Female,ECE,20,96,4.5,73,71,78,0
Student_5479,Female,IT,20,62,7.9,97,100,88,3
Student_5480,Female,ECE,21,75,7.7,62,48,56,4
Student_5481,Male,ECE,20,84,2.9,73,51,52,4
Student_5482,Male,ME,23,95,3.7,79,49,63,2
Student_5483,Male,CSE,18,57,6.3,46,95,75,0
Student_5484,Female,CSE,19,77,6.4,65,83,74,2
Student_5485,Female,CE,19,90,7.4,79,42,58,5
Student_5486,Male,ECE,21,64,5.6,91,37,57,3
Student_5487,Female,ECE,19,99,4.3,88,61,79,0
Student_5488,Male,IT,21,57,3.6,94,43,58,2
Student_5489,Female,CSE,20,60,3.9,56,49,50,2
Student_5490,Male,IT,20,78,7.0,70,66,65,4
Student_5491,Female,ME,23,54,7.9,78,45,62,2
Student_5492,Male,CE,23,96,1.4,64,37,50,2
Student_5493,Male,IT,18,96,5.1,76,60,61,5
Student_5494,Male,CSE,19,56,4.6,54,41,53,0
Student_5495,Male,ME,23,67,3.6,41,89,68,0
Student_5496,Male,ECE,18,77,7.0,50,73,61,4
Student_5497,Male,ME,22,61,5.0,71,38,58,0
Student_5498,Female,IT,23,61,3.2,69,64,55,3
Student_5499,Female,CSE,18,85,4.1,56,72,58,4
Student_5500,Female,IT,21,78,3.5,63,85,66,3
Student_5501,Male,ECE,21,60,4.0,84,70,73,0
Student_5502,Male,ECE,18,55,1.5,43,94,64,0
Student_5503,Female,CSE,20,70,1.8,95,85,68,4
Student_5504,Male,CE,22,59,5.4,89,83,76,2
Student_5505,Male,ME,18,81,5.8,100,49,74,1
Student_5506,Male,ME,23,96,5.5,85,62,77,1
Student_5507,Male,ECE,20,82,6.3,71,59,73,0
Student_5508,Male,IT,18,66,7.6,58,70,64,3
Student_5509,Female,IT,19,52,7.0,42,38,40,4
Student_5510,Female,CE,23,92,3.9,43,55,55,2
Student_5511,Female,IT,23,67,2.5,64,99,62,5
Student_5512,Female,ME,21,59,3.2,48,44,50,0
Student_5513,Female,IT,19,90,5.1,60,84,70,3
Student_5514,Male,CE,19,88,7.0,62,44,67,0
Student_5515,Male,ME,23,92,5.9,85,50,60,5
Student_5516,Male,IT,22,57,4.8,68,72,67,1
Student_5517,Male,ME,20,83,5.2,69,54,69,0
Student_5518,Female,ECE,21,86,4.7,64,59,60,3
Student_5519,Female,ECE,19,90,7.8,88,88,92,1
Student_5520,Female,ECE,21,82,6.7,68,46,53,5
Student_5521,Male,IT,23,98,6.5,73,99,79,5
Student_5522,Female,CE,20,59,4.6,53,88,72,0
Student_5523,Male,ME,18,89,3.3,61,55,61,1
Student_5524,Female,CSE,19,67,1.1,87,39,42,5
Student_5525,Female,ECE,20,74,1.3,90,92,69,4
Student_5526,Male,ECE,21,91,1.2,55,38,43,3
Student_5527,Male,CSE,23,90,7.9,50,53,61,3
Student_5528,Female,CSE,20,85,1.8,99,89,73,4
Student_5529,Female,IT,18,51,2.0,98,95,66,5
Student_5530,Male,ME,20,68,4.4,53,58,46,5
Student_5531,Female,ECE,23,59,4.4,46,53,46,3
Student_5532,Female,CE,21,98,7.4,44,58,61,3
Student_5533,Male,IT,19,52,1.5,97,88,77,0
Student_5534,Female,IT,19,68,7.7,79,55,68,2
Student_5535,Male,CE,22,100,2.5,68,53,66,0
Student_5536,Female,CE,21,75,7.8,56,87,70,4
Student_5537,Male,CE,22,100,4.8,69,84,71,4
Student_5538,Female,CSE,22,100,5.6,64,57,67,2
Student_5539,Male,ECE,23,96,3.2,53,71,69,0
Student_5540,Female,CSE,23,74,5.3,98,62,79,0
Student_5541,Male,ECE,23,99,6.0,81,55,78,0
Student_5542,Female,CSE,18,66,1.1,61,55,52,1
Student_5543,Female,ME,21,59,1.2,83,75,54,5
Student_5544,Female,ECE,19,95,7.9,44,69,72,1
Student_5545,Female,IT,21,100,4.2,79,35,66,0
Student_5546,Female,ECE,23,99,7.6,67,38,67,1
Student_5547,Female,ECE,18,60,6.1,51,35,53,0
Student_5548,Female,ECE,21,60,3.6,75,55,51,4
Student_5549,Female,ME,21,61,2.1,99,86,80,0
Student_5550,Female,CSE,22,89,7.8,52,87,80,1
Student_5551,Male,IT,21,97,5.1,96,90,88,2
Student_5552,Male,CSE,22,57,2.3,60,100,62,4
Student_5553,Female,CSE,22,73,5.8,71,67,65,3
Student_5554,Male,CE,20,63,1.6,88,57,59,2
Student_5555,Female,ME,23,72,7.1,95,40,67,2
Student_5556,Female,CE,18,99,1.6,96,81,69,5
Student_5557,Male,ME,22,85,2.7,60,92,68,3
Student_5558,Female,CSE,21,66,1.6,100,39,50,4
Student_5559,Female,CSE,22,94,1.7,76,43,47,5
Student_5560,Male,ME,22,54,4.7,77,37,49,3
Student_5561,Male,CSE,22,52,5.8,48,95,62,4
Student_5562,Female,CSE,19,58,6.5,76,98,74,4
Student_5563,Male,IT,19,69,5.9,41,80,54,5
Student_5564,Male,CE,19,99,3.5,42,90,63,4
Student_5565,Female,CE,19,69,4.9,82,73,71,2
Student_5566,Male,CE,20,100,7.5,49,47,56,4
Student_5567,Male,ECE,22,68,3.7,74,75,58,5
Student_5568,Female,IT,20,70,2.8,48,45,43,3
Student_5569,Male,CE,21,65,4.6,79,75,69,2
Student_5570,Male,CE,23,82,3.1,87,81,69,4
Student_5571,Female,IT,18,54,2.8,100,83,76,1
Student_5572,Female,CSE,20,73,6.5,100,99,94,1
Student_5573,Female,CE,19,64,7.2,93,69,70,4
Student_5574,Male,CSE,19,75,4.5,71,69,69,1
Student_5575,Female,CE,21,93,6.5,60,38,64,0
Student_5576,Female,ME,22,74,2.3,97,58,56,5
Student_5577,Male,ECE,18,77,4.8,73,70,68,2
Student_5578,Female,CE,20,82,5.5,64,90,82,0
Student_5579,Female,ME,22,95,4.4,81,38,61,2
Student_5580,Female,IT,22,67,1.8,95,74,66,3
Student_5581,Female,ME,23,67,6.1,71,77,74,1
Student_5582,Male,IT,23,87,6.9,85,92,90,1
Student_5583,Female,CE,20,82,5.4,76,96,73,5
Student_5584,Female,IT,20,76,2.2,61,41,51,1
Student_5585,Male,ME,20,98,1.5,64,43,47,4
Student_5586,Female,ECE,20,99,3.1,40,56,54,2
Student_5587,Male,CSE,19,64,1.3,84,38,43,4
Student_5588,Male,CSE,22,93,6.9,75,70,79,1
Student_5589,Male,ECE,22,62,5.9,60,69,60,3
Student_5590,Female,CSE,19,83,4.9,80,67,74,1
Student_5591,Male,CE,22,53,7.2,55,41,42,5
Student_5592,Male,CE,20,84,1.8,71,89,65,4
Student_5593,Male,ME,18,68,6.0,99,81,84,1
Student_5594,Female,ME,23,80,2.0,60,96,76,0
Student_5595,Female,IT,23,74,1.4,92,98,84,0
Student_5596,Female,ME,22,89,1.9,67,77,60,4
Student_5597,Female,CE,18,61,7.7,99,52,78,0
Student_5598,Female,ME,23,61,4.1,58,37,46,2
Student_5599,Female,CSE,18,91,1.3,95,93,71,5
Student_5600,Female,IT,19,74,5.1,53,96,73,2
Student_5601,Male,IT,21,82,2.4,62,73,54,5
Student_5602,Male,CE,22,86,1.0,63,98,62,5
Student_5603,Male,ME,19,77,6.3,59,94,71,4
Student_5604,Male,CSE,19,92,2.1,71,76,74,0
Student_5605,Female,ME,18,58,7.6,79,39,60,2
Student_5606,Male,ECE,22,63,5.1,49,80,69,0
Student_5607,Male,ME,19,52,1.6,91,38,53,1
Student_5608,Male,CE,20,54,2.5,40,48,32,5
Student_5609,Male,ME,19,75,5.3,70,45,64,0
Student_5610,Female,IT,20,90,3.4,91,94,89,0
Student_5611,Female,CSE,21,67,4.7,76,56,56,4
Student_5612,Female,CE,20,87,6.6,97,39,72,1
Student_5613,Male,ECE,20,70,6.5,54,87,72,2
Student_5614,Female,CSE,18,88,5.9,79,46,56,5
Student_5615,Male,CSE,19,65,7.2,70,55,55,5
Student_5616,Female,IT,21,89,2.4,67,58,50,5
Student_5617,Female,IT,19,72,2.2,49,47,46,2
Student_5618,Female,IT,20,78,6.6,45,60,51,5
Student_5619,Female,CE,23,59,3.2,54,74,63,0
Student_5620,Female,ME,20,54,4.6,86,60,60,3
Student_5621,Male,CSE,19,60,6.2,66,79,66,3
Student_5622,Female,ME,21,78,3.8,49,64,48,5
Student_5623,Male,ME,23,94,1.9,60,98,73,2
Student_5624,Male,IT,21,76,5.8,58,72,73,0
Student_5625,Male,ME,18,83,6.7,43,52,63,0
Student_5626,Male,CSE,20,63,1.1,61,43,47,1
Student_5627,Male,CSE,20,90,4.9,77,90,74,4
Student_5628,Female,ECE,18,91,4.3,54,72,62,3
Student_5629,Female,CE,19,59,2.8,45,55,37,5
Student_5630,Female,ME,20,91,2.1,89,46,67,0
Student_5631,Female,CE,19,100,2.3,50,70,61,2
Student_5632,Male,CE,21,60,6.1,83,45,58,3
Student_5633,Female,CE,23,60,4.8,69,61,54,4
Student_5634,Female,CE,23,84,7.9,79,97,95,0
Student_5635,Male,CSE,23,68,2.7,63,100,68,3
Student_5636,Male,ME,22,73,7.7,61,99,87,0
Student_5637,Female,ECE,18,50,4.6,69,68,52,5
Student_5638,Female,CE,23,61,2.0,85,68,56,4
Student_5639,Male,ECE,20,96,2.0,43,98,72,1
Student_5640,Female,CSE,18,63,5.3,89,51,61,3
Student_5641,Female,CSE,21,52,6.8,45,85,59,4
Student_5642,Female,IT,21,94,6.2,77,90,87,1
Student_5643,Female,CE,21,99,5.6,65,82,80,1
Student_5644,Male,IT,21,81,2.2,58,96,64,4
Student_5645,Male,ECE,22,65,1.8,41,90,58,2
Student_5646,Male,ME,19,87,1.0,43,45,38,4
Student_5647,Female,IT,19,59,1.7,95,54,65,0
Student_5648,Female,CSE,23,66,6.4,44,68,60,2
Student_5649,Female,CE,22,98,7.3,86,76,87,1
Student_5650,Female,ECE,19,89,2.7,74,75,66,3
Student_5651,Female,CSE,21,53,6.6,68,96,79,1
Student_5652,Male,ME,19,64,2.4,55,51,45,3
Student_5653,Female,CE,18,82,2.7,84,46,56,3
Student_5654,Female,ME,23,88,2.6,51,75,56,4
Student_5655,Male,ME,19,59,1.4,60,48,39,4
Student_5656,Female,CE,18,56,2.4,48,38,42,1
Student_5657,Male,CE,20,82,3.6,50,48,45,4
Student_5658,Male,ME,18,66,3.8,47,43,49,1
Student_5659,Male,ECE,18,61,3.2,99,77,67,4
Student_5660,Male,CE,21,66,4.6,65,54,51,4
Student_5661,Male,CSE,21,96,3.6,71,35,52,3
Student_5662,Female,IT,23,65,7.8,78,51,66,2
Student_5663,Male,ECE,21,63,6.7,43,54,48,4
Student_5664,Male,CE,18,52,7.5,73,93,69,5
Student_5665,Female,CE,22,100,4.9,67,47,53,5
Student_5666,Female,ECE,21,93,5.7,64,81,66,5
Student_5667,Male,IT,21,100,2.2,90,84,73,4
Student_5668,Female,ME,18,99,6.3,93,74,86,1
Student_5669,Female,CSE,20,79,2.7,100,41,58,3
Student_5670,Male,CE,20,95,2.0,94,89,71,5
Student_5671,Male,IT,19,90,1.3,83,85,70,3
Student_5672,Female,CSE,23,84,4.3,74,36,56,2
Student_5673,Male,ECE,20,75,3.0,58,48,51,2
Student_5674,Male,CE,21,61,7.9,74,51,64,2
Student_5675,Female,ME,22,80,2.7,90,35,50,4
Student_5676,Male,ECE,19,66,7.1,90,35,65,1
Student_5677,Male,CE,23,86,3.2,78,60,56,5
Student_5678,Male,IT,22,57,6.2,68,80,76,0
Student_5679,Male,CSE,22,68,5.6,53,47,44,5
Student_5680,Male,CSE,21,75,4.9,60,68,55,5
Student_5681,Female,CE,18,53,3.9,75,96,76,1
Student_5682,Female,ECE,18,64,5.7,77,85,72,3
Student_5683,Male,ME,18,100,3.9,53,75,67,2
Student_5684,Female,IT,20,96,4.8,79,89,88,0
Student_5685,Male,CE,18,63,5.1,89,62,65,3
Student_5686,Male,IT,23,79,2.9,99,95,83,2
Student_5687,Male,CSE,21,97,3.4,54,41,43,5
Student_5688,Male,ME,20,91,1.1,90,36,61,0
Student_5689,Male,IT,23,73,7.0,89,36,66,1
Student_5690,Female,CE,18,95,6.3,69,62,62,5
Student_5691,Female,ME,23,92,2.3,86,88,75,3
Student_5692,Male,ECE,22,83,3.5,94,92,76,4
Student_5693,Female,CE,21,68,3.9,51,81,54,5
Student_5694,Male,IT,21,52,3.3,89,95,81,0
Student_5695,Female,ME,23,53,6.6,44,74,66,0
Student_5696,Male,CE,19,60,6.1,66,52,49,5
Student_5697,Female,ME,21,62,6.4,54,48,45,5
Student_5698,Male,ME,22,99,7.3,65,59,74,1
Student_5699,Male,ME,21,67,5.2,48,44,52,1
Student_5700,Female,IT,19,68,5.3,79,82,71,3
Student_5701,Female,CE,21,93,6.1,79,82,75,4
Student_5702,Male,CSE,21,82,5.8,74,95,82,2
Student_5703,Female,CSE,19,87,7.1,52,87,67,5
Student_5704,Male,IT,21,52,6.4,84,43,65,0
Student_5705,Female,IT,23,98,1.8,83,45,66,0
Student_5706,Female,ME,20,84,7.5,86,61,73,3
Student_5707,Male,CE,23,50,5.8,85,93,78,2
Student_5708,Female,CE,21,84,1.9,72,92,73,2
Student_5709,Female,ECE,18,85,6.4,73,47,55,5
Student_5710,Male,ECE,18,87,3.5,94,99,86,2
Student_5711,Female,CSE,20,88,6.6,43,45,52,3
Student_5712,Male,ECE,21,74,7.7,52,91,82,0
Student_5713,Male,ECE,22,89,2.8,49,100,75,1
Student_5714,Male,CSE,21,62,7.0,92,58,77,0
Student_5715,Male,CSE,18,53,6.4,84,83,78,1
Student_5716,Male,ECE,19,55,5.7,40,74,61,1
Student_5717,Female,CE,20,60,3.7,50,36,39,3
Student_5718,Male,ECE,19,50,1.8,89,88,60,5
Student_5719,Male,ME,22,57,4.4,48,49,48,2
Student_5720,Female,ME,21,83,1.7,77,82,60,5
Student_5721,Female,ME,22,89,4.5,62,88,71,3
Student_5722,Female,IT,19,58,6.7,52,80,57,5
Student_5723,Male,ME,21,85,8.0,44,91,67,5
Student_5724,Male,CE,23,98,2.4,64,89,76,1
Student_5725,Male,IT,23,88,2.5,49,94,74,0
Student_5726,Female,IT,22,91,6.7,44,64,67,1
Student_5727,Male,ME,23,86,4.3,61,62,59,3
Student_5728,Female,ECE,23,91,7.4,81,86,76,5
Student_5729,Male,CSE,18,93,6.4,64,75,65,5
Student_5730,Female,ECE,23,70,6.2,76,55,71,0
Student_5731,Male,ECE,18,69,1.7,59,76,59,2
Student_5732,Male,IT,20,87,1.3,67,47,49,3
Student_5733,Male,IT,18,50,3.2,60,79,51,5
Student_5734,Female,IT,18,84,2.5,50,88,57,5
Student_5735,Female,CE,19,77,6.0,68,53,57,4
Student_5736,Male,CE,18,56,4.2,44,61,42,5
Student_5737,Male,CSE,18,92,4.7,76,74,77,1
Student_5738,Male,IT,19,93,6.7,88,41,68,2
Student_5739,Female,ME,18,58,4.3,92,59,65,2
Student_5740,Male,IT,23,50,4.8,44,83,51,5
Student_5741,Male,CE,18,85,6.9,72,70,80,0
Student_5742,Male,IT,20,83,4.0,84,58,64,3
Student_5743,Male,CE,18,83,1.6,75,95,65,5
Student_5744,Female,IT,18,66,4.7,47,86,56,5
Student_5745,Female,ME,20,81,5.1,91,70,78,1
Student_5746,Male,CSE,19,51,4.6,94,85,66,5
Student_5747,Male,ME,23,85,2.8,45,67,50,4
Student_5748,Female,CE,18,74,2.6,54,87,68,1
Student_5749,Female,ECE,23,92,3.6,54,72,55,5
Student_5750,Male,ME,22,100,2.2,92,78,68,5
Student_5751,Female,IT,23,75,5.7,87,39,59,3
Student_5752,Female,CSE,19,94,5.3,48,65,63,2
Student_5753,Male,IT,19,75,5.4,100,43,61,4
Student_5754,Female,IT,18,70,2.6,95,66,74,0
Student_5755,Female,ME,20,67,2.7,44,75,53,3
Student_5756,Male,CSE,19,78,6.5,65,39,60,1
Student_5757,Male,ECE,20,100,5.8,62,85,75,3
Student_5758,Female,IT,22,73,7.1,55,88,80,0
Student_5759,Male,CSE,20,96,3.8,98,62,78,1
Student_5760,Female,ECE,21,77,4.8,96,77,72,4
Student_5761,Male,IT,20,61,6.2,78,46,63,1
Student_5762,Female,CSE,19,60,7.8,74,51,67,1
Student_5763,Male,ME,20,76,7.9,49,42,62,0
Student_5764,Female,IT,20,72,8.0,66,52,68,1
Student_5765,Female,IT,21,82,7.2,55,44,55,3
Student_5766,Female,CSE,21,65,5.5,60,73,65,2
Student_5767,Male,IT,18,77,1.0,51,75,62,0
Student_5768,Male,ECE,19,77,5.9,48,78,72,0
Student_5769,Female,IT,18,94,2.7,55,77,71,0
Student_5770,Female,CE,21,87,1.4,48,81,58,3
Student_5771,Male,ECE,20,55,5.9,95,82,75,3
Student_5772,Male,CSE,21,91,6.3,68,53,63,3
Student_5773,Male,ECE,22,78,5.6,93,55,61,5
Student_5774,Male,CE,20,83,3.6,62,37,48,3
Student_5775,Male,CE,18,52,4.6,78,90,76,1
Student_5776,Male,IT,20,55,7.5,82,77,81,0
Student_5777,Female,IT,22,97,6.1,88,35,57,5
Student_5778,Male,ME,21,87,4.5,63,70,73,0
Student_5779,Female,ECE,19,62,5.2,61,40,45,4
Student_5780,Male,ME,23,85,7.5,94,80,86,2
Student_5781,Male,CE,19,64,3.8,70,57,61,1
Student_5782,Female,IT,19,55,1.7,49,54,44,2
Student_5783,Female,IT,21,82,3.3,86,87,80,1
Student_5784,Male,IT,19,90,3.9,81,72,75,1
Student_5785,Female,CSE,22,61,2.9,66,69,62,1
Student_5786,Female,CE,21,92,4.7,73,68,76,0
Student_5787,Female,IT,19,62,3.1,87,84,72,2
Student_5788,Female,CE,23,82,1.7,78,81,69,2
Student_5789,Male,IT,18,100,2.3,63,70,62,3
Student_5790,Female,ECE,21,77,7.4,99,50,73,2
Student_5791,Male,CE,21,85,5.4,60,83,70,3
Student_5792,Male,ME,20,54,3.2,54,99,61,4
Student_5793,Male,CSE,19,74,3.6,56,97,68,3
Student_5794,Male,ME,18,66,4.5,93,86,69,5
Student_5795,Female,CE,23,86,5.7,84,94,88,1
Student_5796,Female,IT,22,68,5.1,58,51,61,0
Student_5797,Male,CE,21,84,7.5,92,72,73,5
Student_5798,Male,CSE,22,92,5.4,64,63,70,1
Student_5799,Male,CE,22,83,7.4,94,65,73,4
Student_5800,Male,IT,22,95,1.0,79,93,66,5
Student_5801,Female,ME,20,55,7.2,61,88,78,0
Student_5802,Male,ECE,22,68,6.1,80,87,72,4
Student_5803,Female,ME,19,50,2.2,90,60,50,5
Student_5804,Male,IT,19,56,2.8,88,47,59,1
Student_5805,Male,IT,18,83,4.8,81,91,86,0
Student_5806,Male,CSE,18,68,1.9,53,53,42,4
Student_5807,Male,CE,23,82,6.5,100,61,68,5
Student_5808,Female,CE,22,75,6.5,99,47,67,3
Student_5809,Female,ME,22,90,3.1,67,86,72,2
Student_5810,Female,ECE,20,98,1.5,51,98,74,1
Student_5811,Male,ECE,22,91,7.9,66,92,81,3
Student_5812,Male,CSE,22,76,2.8,91,53,57,4
Student_5813,Female,IT,22,87,1.5,63,37,42,4
Student_5814,Female,CSE,21,75,3.3,61,60,48,5
Student_5815,Male,CE,21,84,7.8,78,40,56,5
Student_5816,Male,IT,20,69,6.6,100,47,75,0
Student_5817,Female,CSE,20,73,4.4,80,61,62,3
Student_5818,Male,ME,19,96,3.1,89,44,57,4
Student_5819,Male,CE,20,70,4.0,78,50,65,0
Student_5820,Female,ECE,23,75,1.1,99,57,63,2
Student_5821,Male,CSE,19,69,6.0,75,81,74,2
Student_5822,Female,CE,22,55,1.7,62,46,51,0
Student_5823,Male,CE,20,52,4.6,47,62,49,3
Student_5824,Female,ECE,23,59,5.0,67,52,62,0
Student_5825,Male,ECE,20,61,1.0,89,92,62,5
Student_5826,Female,ECE,20,82,7.9,68,36,67,0
Student_5827,Female,CSE,19,71,3.1,54,80,59,3
Student_5828,Female,ECE,19,65,1.5,78,51,53,2
Student_5829,Female,ME,18,66,7.0,47,98,68,4
Student_5830,Male,CE,19,59,2.1,67,99,69,2
Student_5831,Male,ECE,19,61,1.2,72,88,56,5
Student_5832,Female,CE,21,68,4.5,50,77,59,3
Student_5833,Male,IT,20,89,1.9,81,89,78,1
Student_5834,Male,IT,19,72,7.9,76,48,63,3
Student_5835,Male,ECE,20,89,1.1,64,78,64,2
Student_5836,Male,CE,20,59,1.4,73,72,59,2
Student_5837,Male,IT,21,59,6.8,61,92,71,3
Student_5838,Female,ECE,20,99,2.7,41,83,61,3
Student_5839,Female,CE,23,59,7.4,90,50,64,3
Student_5840,Female,ECE,19,88,3.2,55,64,60,2
Student_5841,Female,CE,20,79,1.5,50,71,47,5
Student_5842,Male,IT,18,53,1.1,53,89,64,0
Student_5843,Male,ECE,18,50,3.0,71,73,63,1
Student_5844,Female,IT,21,92,4.3,61,91,81,0
Student_5845,Male,ECE,23,68,1.0,44,83,47,5
Student_5846,Male,CSE,19,54,5.1,75,97,76,2
Student_5847,Female,IT,21,79,3.3,62,68,68,0
Student_5848,Male,IT,18,75,3.7,58,91,67,3
Student_5849,Female,ME,23,89,2.8,68,96,70,4
Student_5850,Female,IT,19,83,4.7,81,73,70,3
Student_5851,Male,CE,20,51,2.6,62,96,69,1
Student_5852,Male,ECE,19,73,1.9,99,63,64,3
Student_5853,Female,CSE,22,63,7.2,48,65,55,4
Student_5854,Female,CE,19,90,3.7,57,94,74,2
Student_5855,Male,CE,20,91,1.5,70,73,71,0
Student_5856,Female,CE,22,62,2.6,76,35,45,3
Student_5857,Female,CE,23,78,3.2,56,90,59,5
Student_5858,Female,CSE,21,50,6.4,94,92,87,0
Student_5859,Male,ME,23,95,1.2,57,55,57,1
Student_5860,Female,IT,19,83,4.3,66,88,65,5
Student_5861,Male,CE,21,53,3.9,60,77,52,5
Student_5862,Female,IT,19,77,7.8,40,88,78,0
Student_5863,Male,IT,18,68,2.3,71,36,50,1
Student_5864,Female,CE,18,50,5.4,53,48,52,1
Student_5865,Male,ME,20,85,2.4,98,37,51,5
Student_5866,Male,IT,23,92,4.8,85,48,63,3
Student_5867,Male,ECE,18,62,4.9,53,39,38,5
Student_5868,Female,IT,22,99,1.5,72,73,58,5
Student_5869,Female,CE,22,91,4.2,75,35,48,5
Student_5870,Female,CSE,19,54,4.2,94,77,66,4
Student_5871,Male,IT,21,82,3.2,78,93,83,0
Student_5872,Female,ME,22,63,2.9,95,49,63,1
Student_5873,Male,ECE,19,65,2.6,51,80,62,1
Student_5874,Female,ECE,21,81,1.0,84,41,56,1
Student_5875,Male,CSE,18,99,1.0,64,76,65,2
Student_5876,Male,CSE,19,76,5.1,54,41,43,5
Student_5877,Male,IT,21,84,3.0,59,81,72,0
Student_5878,Female,CE,20,52,2.2,73,53,57,0
Student_5879,Female,ME,23,53,5.8,97,87,83,1
Student_5880,Female,ECE,23,56,4.7,99,50,70,0
Student_5881,Male,CSE,20,62,7.4,53,96,81,0
Student_5882,Male,ME,22,90,6.8,69,100,86,2
Student_5883,Female,CE,23,52,6.1,83,99,84,1
Student_5884,Female,ECE,21,66,1.9,52,85,66,0
Student_5885,Female,ECE,20,96,5.7,53,70,62,4
Student_5886,Male,CE,22,59,5.9,68,69,68,1
Student_5887,Male,ECE,19,96,6.3,65,58,74,0
Student_5888,Male,CE,19,50,2.8,42,63,47,2
Student_5889,Male,ECE,21,77,5.5,64,35,44,5
Student_5890,Male,IT,21,59,5.3,66,91,66,4
Student_5891,Female,CE,21,56,3.7,84,43,52,3
Student_5892,Male,ME,23,88,5.6,79,49,63,3
Student_5893,Male,IT,21,52,1.6,55,50,35,5
Student_5894,Male,ME,20,56,5.5,77,82,66,4
Student_5895,Male,ECE,20,58,5.2,50,70,56,3
Student_5896,Male,ME,22,89,2.5,68,87,66,4
Student_5897,Female,IT,20,84,6.7,86,37,55,5
Student_5898,Male,CE,23,75,7.1,90,53,62,5
Student_5899,Male,CSE,19,54,2.5,97,75,74,0
Student_5900,Male,ME,22,62,1.5,63,71,53,3
Student_5901,Female,CSE,20,94,5.2,68,93,77,3
Student_5902,Female,ME,21,79,4.4,73,42,51,4
Student_5903,Female,ME,20,89,4.0,50,48,60,0
Student_5904,Male,CE,18,99,6.3,59,95,88,0
Student_5905,Female,ECE,22,88,7.8,59,69,75,1
Student_5906,Male,IT,23,59,4.3,48,50,51,1
Student_5907,Male,IT,20,91,1.0,95,69,76,0
Student_5908,Female,IT,20,72,5.2,62,42,45,5
Student_5909,Male,ECE,23,60,5.6,75,94,68,5
Student_5910,Male,CSE,19,61,6.8,94,46,57,5
Student_5911,Male,IT,21,62,2.4,88,83,64,4
Student_5912,Female,CSE,21,89,4.7,66,69,68,2
Student_5913,Male,ECE,19,98,4.1,63,79,72,2
Student_5914,Male,ECE,19,95,5.7,79,75,81,1
Student_5915,Female,CE,18,98,1.4,64,95,70,3
Student_5916,Male,IT,23,100,7.2,64,49,67,2
Student_5917,Male,CE,22,65,4.6,87,93,76,3
Student_5918,Female,IT,21,58,7.1,72,36,52,3
Student_5919,Male,ECE,19,59,3.4,70,40,40,5
Student_5920,Male,ECE,19,78,5.6,49,91,62,5
Student_5921,Male,ME,23,58,7.7,78,50,55,5
Student_5922,Male,ME,22,82,7.6,54,57,70,0
Student_5923,Male,ECE,19,73,7.6,40,75,65,2
Student_5924,Female,ECE,18,84,1.3,93,64,66,2
Student_5925,Female,CSE,22,60,3.8,55,89,62,3
Student_5926,Female,CSE,18,88,1.4,60,38,44,3
Student_5927,Female,CE,20,99,3.2,98,62,65,5
Student_5928,Male,ME,21,62,2.2,41,84,62,0
Student_5929,Male,ME,19,72,5.3,100,62,64,5
Student_5930,Male,ECE,22,74,6.5,42,87,63,4
Student_5931,Male,ECE,18,99,4.6,54,60,63,2
Student_5932,Male,CE,21,65,6.6,71,73,61,5
Student_5933,Female,ME,21,97,1.1,95,47,53,5
Student_5934,Female,CSE,19,70,6.7,89,88,83,2
Student_5935,Male,IT,21,59,2.2,86,47,60,0
Student_5936,Male,CE,19,90,4.2,66,93,83,0
Student_5937,Male,IT,20,89,4.1,75,38,51,4
Student_5938,Female,CSE,19,68,7.1,74,91,77,3
Student_5939,Male,CSE,23,84,7.8,99,94,93,2
Student_5940,Male,IT,18,77,2.8,78,81,67,3
Student_5941,Male,CE,23,90,1.5,63,39,49,2
Student_5942,Female,IT,21,51,5.6,91,70,76,0
Student_5943,Male,CE,21,100,4.5,93,53,63,5
Student_5944,Female,CE,21,79,5.0,90,64,78,0
Student_5945,Female,ECE,19,89,1.3,94,75,78,0
Student_5946,Female,ME,22,99,6.4,47,82,67,4
Student_5947,Female,ME,19,89,2.6,46,62,55,2
Student_5948,Female,CSE,18,54,3.3,43,65,56,0
Student_5949,Female,ECE,19,87,2.6,69,91,64,5
Student_5950,Male,ME,21,91,7.6,49,77,66,4
Student_5951,Male,CE,20,64,2.2,99,99,77,3
Student_5952,Male,CE,18,85,6.1,64,43,53,4
Student_5953,Female,IT,23,52,2.7,81,46,46,4
Student_5954,Male,IT,20,73,4.0,86,46,63,1
Student_5955,Female,CE,18,90,8.0,71,76,76,3
Student_5956,Female,CE,18,97,1.7,95,87,83,1
Student_5957,Female,IT,21,97,7.2,93,91,83,5
Student_5958,Male,ME,23,96,7.6,71,50,69,2
Student_5959,Female,CSE,19,90,5.9,89,84,78,4
Student_5960,Female,IT,23,98,1.1,71,38,46,4
Student_5961,Male,ME,21,61,6.7,49,47,47,4
Student_5962,Male,ME,21,57,7.2,94,94,79,4
Student_5963,Female,ME,21,63,7.9,48,62,64,1
Student_5964,Female,ECE,20,67,6.9,64,46,58,2
Student_5965,Male,ECE,23,93,4.1,64,58,66,1
Student_5966,Male,ME,23,95,5.8,80,35,56,4
Student_5967,Male,CE,18,69,4.4,93,68,71,2
Student_5968,Female,ECE,22,72,3.5,55,37,43,3
Student_5969,Male,IT,19,54,5.4,88,56,67,1
Student_5970,Male,ECE,21,50,6.4,55,61,63,0
Student_5971,Male,CE,23,94,5.5,69,55,63,3
Student_5972,Female,CSE,23,95,6.8,77,47,65,3
Student_5973,Male,ECE,18,51,2.2,44,78,47,4
Student_5974,Male,ME,19,65,3.6,46,58,45,4
Student_5975,Male,ME,22,54,3.2,52,80,55,3
Student_5976,Male,ME,22,71,2.4,47,51,50,1
Student_5977,Male,CSE,21,50,4.1,72,39,49,2
Student_5978,Female,CE,22,61,7.6,49,72,67,1
Student_5979,Female,IT,22,68,4.8,91,93,84,1
Student_5980,Female,CE,19,71,3.0,59,61,53,3
Student_5981,Male,CSE,19,91,3.5,71,88,78,1
Student_5982,Female,ME,21,93,5.3,68,89,79,2
Student_5983,Female,CE,23,100,3.5,40,77,60,3
Student_5984,Female,IT,18,97,4.8,66,72,74,1
Student_5985,Male,ME,21,66,2.9,59,95,62,4
Student_5986,Male,IT,20,62,3.4,94,79,64,5
Student_5987,Female,ECE,22,88,5.9,53,92,79,1
Student_5988,Female,IT,18,77,5.1,54,63,52,5
Student_5989,Male,ME,23,52,1.7,45,88,47,5
Student_5990,Male,ECE,23,54,7.8,91,68,65,5
Student_5991,Female,ME,19,85,1.3,41,55,44,3
Student_5992,Male,ME,20,64,1.6,99,79,68,3
Student_5993,Female,ECE,23,66,5.9,68,35,44,5
Student_5994,Male,IT,20,93,6.0,78,44,59,4
Student_5995,Female,CSE,22,95,1.1,95,92,77,3
Student_5996,Female,CSE,19,78,5.5,96,62,65,5
Student_5997,Male,CSE,18,53,1.2,96,95,64,5
Student_5998,Female,CSE,19,81,7.7,71,64,78,0
Student_5999,Female,CE,22,98,5.9,91,62,74,3
Student_6000,Female,CSE,23,92,2.3,90,63,72,1
Student_6001,Male,ECE,20,87,2.1,44,65,54,2
Student_6002,Male,CSE,22,53,5.0,61,65,61,1
Student_6003,Male,ME,23,62,5.4,67,75,64,3
Student_6004,Female,CSE,21,69,6.8,71,98,72,5
Student_6005,Male,IT,20,96,7.3,68,76,84,0
Student_6006,Female,ECE,22,67,3.7,79,78,72,1
Student_6007,Female,ECE,18,98,6.9,42,65,66,2
Student_6008,Male,CE,18,100,4.8,70,45,53,5
Student_6009,Male,ME,23,91,4.3,52,70,67,1
Student_6010,Female,ECE,23,86,5.9,45,66,56,4
Student_6011,Female,IT,18,61,1.7,60,73,62,0
Student_6012,Male,CSE,21,74,2.9,100,94,79,3
Student_6013,Male,ECE,19,79,6.7,94,59,78,1
Student_6014,Male,IT,18,64,4.5,53,62,59,1
Student_6015,Female,CSE,23,85,7.4,64,53,69,1
Student_6016,Female,CE,23,57,1.6,46,63,50,1
Student_6017,Female,ECE,21,77,3.2,82,84,74,2
Student_6018,Female,ECE,18,71,3.5,61,53,48,4
Student_6019,Female,IT,21,98,4.0,71,90,69,5
Student_6020,Male,ME,18,87,7.9,80,52,66,4
Student_6021,Male,CE,19,65,3.2,71,79,72,0
Student_6022,Female,ME,22,54,4.6,81,75,74,0
Student_6023,Female,ECE,18,95,4.8,91,47,68,2
Student_6024,Male,ME,22,83,6.4,69,58,61,4
Student_6025,Male,CSE,18,98,4.6,56,67,72,0
Student_6026,Male,CE,19,87,5.2,79,89,78,3
Student_6027,Male,ME,23,60,6.3,93,37,55,4
Student_6028,Female,CSE,22,51,1.7,77,37,48,1
Student_6029,Male,IT,21,74,7.7,60,64,61,4
Student_6030,Female,ME,18,74,6.9,65,52,59,3
Student_6031,Male,CE,23,50,3.7,82,100,79,1
Student_6032,Male,CSE,18,80,6.1,42,77,59,4
Student_6033,Male,ME,21,54,6.3,77,100,83,1
Student_6034,Female,IT,19,89,7.0,56,61,70,1
Student_6035,Female,ME,20,53,2.3,78,53,53,2
Student_6036,Male,CSE,18,100,5.9,45,50,56,3
Student_6037,Female,ME,21,54,1.2,60,60,49,2
Student_6038,Female,CE,20,54,1.8,84,48,46,4
Student_6039,Male,ECE,18,65,6.4,85,81,68,5
Student_6040,Male,CSE,22,67,6.7,90,52,71,1
Student_6041,Female,CSE,23,92,5.1,79,62,65,4
Student_6042,Female,CSE,23,66,5.1,52,53,48,4
Student_6043,Female,CSE,21,84,6.2,91,64,67,5
Student_6044,Male,ME,22,67,7.3,48,55,58,2
Student_6045,Male,CE,19,53,3.9,96,55,57,4
Student_6046,Female,IT,20,100,1.8,44,82,60,3
Student_6047,Male,CE,21,80,6.9,82,89,87,1
Student_6048,Male,CSE,18,80,3.4,46,64,62,0
Student_6049,Female,ME,23,58,1.9,77,76,53,5
Student_6050,Female,ME,18,80,5.3,83,71,70,3
Student_6051,Male,CSE,20,54,5.0,83,75,75,0
Student_6052,Male,ME,22,85,4.3,77,80,65,5
Student_6053,Female,CSE,22,65,7.0,70,94,85,0
Student_6054,Male,CE,21,91,2.9,43,35,44,2
Student_6055,Male,ECE,21,90,1.1,97,88,84,0
Student_6056,Female,ME,22,65,3.3,52,69,59,1
Student_6057,Female,CSE,21,69,1.1,83,50,54,2
Student_6058,Male,CSE,22,79,4.8,54,39,48,3
Student_6059,Male,ME,20,75,3.6,79,65,62,3
Student_6060,Male,IT,21,98,6.7,52,71,68,3
Student_6061,Female,CSE,22,80,6.6,82,59,62,5
Student_6062,Male,ME,21,99,4.0,82,96,78,4
Student_6063,Male,CSE,18,64,2.5,82,59,60,2
Student_6064,Female,IT,23,90,4.0,65,72,68,2
Student_6065,Female,ECE,18,87,5.5,58,82,72,2
Student_6066,Male,IT,19,87,2.3,92,98,85,1
Student_6067,Female,CE,22,92,6.4,88,36,66,2
Student_6068,Female,ME,19,69,3.3,40,98,68,1
Student_6069,Male,IT,22,84,7.5,52,54,54,5
Student_6070,Female,ECE,23,72,4.6,64,45,51,3
Student_6071,Female,CSE,21,93,6.9,59,65,64,4
Student_6072,Male,ME,22,96,5.3,80,69,81,0
Student_6073,Female,IT,18,88,4.9,62,78,65,4
Student_6074,Male,ECE,21,74,5.8,97,89,79,4
Student_6075,Male,IT,23,99,6.7,63,79,68,5
Student_6076,Female,CE,18,71,5.5,82,55,59,4
Student_6077,Female,ME,21,96,6.6,80,86,90,0
Student_6078,Female,CSE,22,57,2.3,88,54,61,1
Student_6079,Male,ECE,22,58,2.9,78,43,48,3
Student_6080,Female,IT,18,64,2.6,79,43,43,5
Student_6081,Male,ME,20,97,6.6,69,92,90,0
Student_6082,Female,IT,22,69,1.6,73,67,56,3
Student_6083,Female,ME,20,84,6.6,85,35,66,1
Student_6084,Female,CE,21,86,3.7,49,37,45,3
Student_6085,Male,IT,20,52,1.6,80,73,63,1
Student_6086,Female,CE,18,83,4.0,99,46,72,0
Student_6087,Female,ECE,19,83,3.1,40,50,54,0
Student_6088,Male,CE,19,85,5.1,51,84,67,3
Student_6089,Male,ME,18,84,4.3,85,61,60,5
Student_6090,Female,ECE,19,58,3.1,90,63,61,3
Student_6091,Female,IT,18,79,7.0,68,86,72,4
Student_6092,Female,IT,22,75,3.8,50,40,41,4
Student_6093,Male,ME,20,61,4.3,80,58,59,3
Student_6094,Male,CSE,19,73,6.9,56,74,62,4
Student_6095,Male,CSE,22,90,1.6,59,67,56,3
Student_6096,Male,IT,19,68,3.7,97,43,61,2
Student_6097,Female,ME,21,93,3.8,77,83,70,4
Student_6098,Male,CSE,18,65,4.5,45,57,49,3
Student_6099,Male,CE,18,75,1.7,59,56,52,2
Student_6100,Male,IT,22,72,1.7,49,42,37,4
Student_6101,Female,CE,21,82,3.9,49,53,60,0
Student_6102,Female,ME,20,91,1.2,70,72,61,3
Student_6103,Male,CE,21,79,2.8,65,40,56,0
Student_6104,Male,CSE,21,72,2.4,97,86,67,5
Student_6105,Female,CSE,23,59,4.4,56,68,52,4
Student_6106,Female,ECE,20,85,1.1,92,45,49,5
Student_6107,Female,IT,20,80,5.7,53,77,68,2
Student_6108,Female,ME,21,92,7.0,44,69,64,3
Student_6109,Female,IT,19,71,5.9,42,45,50,2
Student_6110,Female,CE,23,92,6.7,82,74,86,0
Student_6111,Female,ME,19,92,5.5,90,66,73,3
Student_6112,Female,ME,21,87,4.6,59,83,62,5
Student_6113,Male,CSE,19,96,2.5,90,91,87,0
Student_6114,Male,CE,20,51,3.0,85,99,81,0
Student_6115,Male,CSE,20,72,3.2,54,82,63,2
Student_6116,Male,CSE,19,84,1.3,42,86,51,5
Student_6117,Male,ECE,20,86,7.4,42,73,61,4
Student_6118,Male,CSE,18,81,7.3,62,88,69,5
Student_6119,Female,IT,20,92,1.8,48,59,60,0
Student_6120,Female,ME,21,61,4.9,50,79,68,0
Student_6121,Male,CSE,22,84,4.3,86,63,73,1
Student_6122,Male,IT,19,90,5.8,100,66,80,2
Student_6123,Female,CE,23,52,5.2,88,46,65,0
Student_6124,Female,ME,19,83,1.9,95,92,70,5
Student_6125,Female,CE,20,87,5.6,97,54,76,1
Student_6126,Male,IT,20,73,5.3,83,84,77,2
Student_6127,Female,CE,22,87,4.7,88,42,61,3
Student_6128,Male,CE,22,66,3.8,80,65,58,4
Student_6129,Male,CE,23,89,7.7,52,58,66,2
Student_6130,Female,CSE,21,50,6.9,47,47,56,0
Student_6131,Female,CSE,18,57,5.1,61,76,67,1
Student_6132,Male,CSE,21,64,1.0,77,60,58,1
Student_6133,Female,ME,23,99,4.0,66,72,67,3
Student_6134,Female,IT,19,94,5.9,65,72,75,1
Student_6135,Male,CSE,20,74,1.8,62,89,72,0
Student_6136,Female,CE,21,57,3.8,95,44,59,2
Student_6137,Male,CE,20,81,2.3,100,45,59,3
Student_6138,Male,CE,20,99,3.4,78,37,52,4
Student_6139,Female,CE,21,62,1.2,70,57,46,4
Student_6140,Male,ECE,21,95,1.9,68,96,81,0
Student_6141,Male,ME,22,64,4.2,40,75,54,3
Student_6142,Female,IT,23,55,7.3,49,75,61,3
Student_6143,Female,IT,23,82,4.4,86,38,66,0
Student_6144,Female,CSE,18,56,4.2,100,37,49,5
Student_6145,Male,ECE,22,82,6.5,85,85,79,3
Student_6146,Male,IT,18,96,2.9,43,89,70,1
Student_6147,Female,ME,21,78,1.7,70,97,75,1
Student_6148,Male,CE,23,87,2.5,43,83,68,0
Student_6149,Female,CSE,23,86,6.5,68,42,67,0
Student_6150,Female,ME,18,93,5.7,48,42,58,1
Student_6151,Male,IT,19,81,1.6,54,53,50,2
Student_6152,Female,ECE,22,52,5.7,83,89,82,0
Student_6153,Male,CSE,22,69,7.5,80,42,66,1
Student_6154,Male,IT,22,63,1.3,42,91,58,2
Student_6155,Female,CSE,23,77,5.3,98,41,65,2
Student_6156,Male,IT,20,87,3.7,54,80,58,5
Student_6157,Female,CE,23,53,4.5,96,56,67,1
Student_6158,Male,ECE,20,64,4.7,92,78,66,5
Student_6159,Male,CE,23,66,6.4,50,39,53,1
Student_6160,Male,IT,21,86,4.9,45,59,55,3
Student_6161,Female,ME,23,73,5.2,86,81,77,2
Student_6162,Male,CE,21,87,3.3,46,77,56,4
Student_6163,Female,ME,20,91,1.9,90,49,59,3
Student_6164,Male,IT,22,90,5.8,85,98,85,3
Student_6165,Male,ECE,20,85,1.0,43,65,51,2
Student_6166,Female,ME,18,90,3.3,60,78,67,2
Student_6167,Female,IT,22,57,2.5,40,81,54,2
Student_6168,Female,ME,23,52,3.7,95,46,64,0
Student_6169,Female,CE,23,79,3.2,98,98,87,1
Student_6170,Female,IT,23,71,5.9,62,57,52,5
Student_6171,Male,CE,23,82,2.8,52,84,68,1
Student_6172,Male,CSE,23,74,4.9,82,70,74,1
Student_6173,Female,IT,20,79,4.2,67,45,56,2
Student_6174,Male,ME,21,86,6.6,68,81,74,3
Student_6175,Male,CSE,20,52,4.0,57,90,65,2
Student_6176,Male,CE,19,53,7.0,62,71,65,2
Student_6177,Female,CE,20,78,1.0,67,44,46,3
Student_6178,Male,ME,22,81,5.2,48,90,65,4
Student_6179,Male,CSE,23,72,1.1,92,76,59,5
Student_6180,Male,ECE,20,68,6.0,82,64,75,0
Student_6181,Female,ME,21,64,2.6,45,56,41,4
Student_6182,Male,CE,23,100,3.7,55,89,73,2
Student_6183,Male,IT,18,65,3.7,76,72,69,1
Student_6184,Female,CSE,19,72,6.9,40,90,73,1
Student_6185,Female,ECE,22,89,1.7,61,70,58,3
Student_6186,Male,IT,21,95,5.7,85,45,67,2
Student_6187,Male,CSE,19,86,7.9,62,41,59,3
Student_6188,Female,ME,20,50,1.2,60,68,48,3
Student_6189,Female,ME,19,68,7.8,90,97,95,0
Student_6190,Female,CSE,23,86,1.1,70,36,45,3
Student_6191,Female,ECE,23,84,6.9,77,96,86,2
Student_6192,Female,CSE,18,79,7.7,67,41,67,0
Student_6193,Female,IT,19,66,8.0,83,77,81,1
Student_6194,Female,IT,19,88,4.2,66,52,66,0
Student_6195,Male,ME,23,98,7.1,78,54,72,2
Student_6196,Female,CSE,20,75,1.9,81,41,44,5
Student_6197,Female,ME,20,62,4.0,81,86,67,4
Student_6198,Male,ECE,22,71,3.2,99,71,78,0
Student_6199,Female,IT,20,95,3.8,96,80,72,5
Student_6200,Female,CE,19,72,5.9,52,76,60,4
Student_6201,Male,CE,18,93,1.6,71,94,80,0
Student_6202,Female,CSE,20,92,8.0,46,66,74,0
Student_6203,Male,CSE,23,82,5.4,90,72,74,3
Student_6204,Male,CE,23,76,7.1,72,73,68,4
Student_6205,Male,CSE,22,84,6.8,86,60,65,5
Student_6206,Male,IT,22,61,6.4,85,64,64,4
Student_6207,Female,ECE,19,58,1.3,52,75,59,0
Student_6208,Male,ECE,20,83,4.6,71,43,58,2
Student_6209,Male,ME,20,63,3.3,46,66,53,2
Student_6210,Female,IT,22,86,1.8,51,90,60,4
Student_6211,Male,CSE,20,52,3.4,79,87,66,3
Student_6212,Male,CSE,19,93,5.5,54,41,53,3
Student_6213,Male,ME,18,93,2.6,98,57,70,2
Student_6214,Male,ME,23,70,4.1,88,86,74,3
Student_6215,Female,CSE,19,56,3.8,60,55,58,0
Student_6216,Male,CSE,20,82,1.4,51,57,57,0
Student_6217,Female,IT,19,84,5.4,99,52,66,4
Student_6218,Female,ME,23,60,5.3,52,71,51,5
Student_6219,Male,IT,21,94,7.8,79,41,71,1
Student_6220,Male,CSE,23,81,3.1,81,95,78,2
Student_6221,Male,CE,23,71,3.9,78,37,54,2
Student_6222,Male,CE,21,91,3.8,41,35,49,1
Student_6223,Female,CSE,20,68,7.4,68,94,77,3
Student_6224,Female,ME,20,85,3.9,100,40,70,0
Student_6225,Female,CE,18,86,4.1,87,92,88,0
Student_6226,Male,ME,23,60,2.8,68,65,58,2
Student_6227,Female,CE,19,90,1.0,75,42,53,2
Student_6228,Male,ME,18,62,1.8,77,49,49,3
Student_6229,Male,CE,20,77,5.9,46,41,48,3
Student_6230,Male,ME,20,98,5.8,69,41,62,2
Student_6231,Male,IT,22,64,3.3,62,67,55,3
Student_6232,Male,ME,18,62,4.3,90,75,75,1
Student_6233,Female,IT,20,92,3.1,67,91,81,0
Student_6234,Female,IT,21,82,6.1,95,41,67,2
Student_6235,Male,CSE,22,57,6.9,62,93,78,1
Student_6236,Female,IT,19,81,7.3,75,54,71,1
Student_6237,Male,ECE,22,86,2.2,81,84,64,5
Student_6238,Male,IT,23,97,5.9,68,48,58,4
Student_6239,Male,ME,23,53,7.7,43,49,52,2
Student_6240,Female,IT,19,100,5.6,59,44,54,4
Student_6241,Male,ME,21,67,3.5,44,99,70,1
Student_6242,Male,ME,19,72,5.5,85,89,80,2
Student_6243,Female,ECE,18,78,5.8,50,62,55,4
Student_6244,Female,IT,19,51,3.8,41,82,62,0
Student_6245,Female,IT,19,62,1.7,80,37,48,2
Student_6246,Male,CE,22,65,5.2,93,94,76,4
Student_6247,Male,CE,21,57,6.6,83,37,55,3
Student_6248,Female,CSE,19,68,8.0,63,73,71,2
Student_6249,Male,ME,18,81,2.6,98,88,71,5
Student_6250,Female,ECE,22,52,5.9,72,66,61,3
Student_6251,Female,CE,21,100,1.2,61,50,54,2
Student_6252,Male,IT,21,98,7.8,86,51,69,4
Student_6253,Male,CSE,20,81,1.1,45,45,37,4
Student_6254,Female,ECE,23,90,3.5,63,66,55,5
Student_6255,Female,IT,18,70,1.5,68,61,55,2
Student_6256,Female,IT,23,74,5.3,88,39,64,1
Student_6257,Female,ME,22,66,3.4,71,52,50,4
Student_6258,Male,ME,22,74,6.1,92,37,54,5
Student_6259,Female,CE,18,82,4.4,86,62,69,2
Student_6260,Female,CE,21,80,3.9,69,100,78,2
Student_6261,Female,IT,19,85,3.4,85,68,76,0
Student_6262,Male,IT,18,72,1.6,90,56,58,3
Student_6263,Male,CE,22,96,2.4,93,64,77,0
Student_6264,Female,CE,23,93,5.5,80,82,77,3
Student_6265,Male,IT,18,74,4.5,97,99,83,3
Student_6266,Male,ECE,21,98,1.5,42,95,73,0
Student_6267,Male,IT,20,93,4.8,64,53,53,5
Student_6268,Female,ECE,20,97,1.4,67,86,73,1
Student_6269,Female,ECE,19,79,4.6,96,75,77,2
Student_6270,Male,IT,19,62,7.8,54,99,71,4
Student_6271,Female,CSE,21,92,3.2,56,84,69,2
Student_6272,Female,CE,23,96,6.1,41,75,58,5
Student_6273,Male,ME,19,78,6.2,66,67,59,5
Student_6274,Male,IT,20,65,3.8,75,51,63,0
Student_6275,Female,ECE,21,87,5.2,53,89,76,1
Student_6276,Male,IT,21,76,4.3,82,80,68,4
Student_6277,Female,CE,21,75,3.0,98,93,75,4
Student_6278,Female,ECE,18,60,6.3,71,91,67,5
Student_6279,Male,ME,23,96,5.9,51,54,64,1
Student_6280,Female,ME,23,86,7.3,62,75,68,4
Student_6281,Female,ME,19,52,5.3,55,72,54,4
Student_6282,Male,CSE,23,75,3.7,83,61,68,1
Student_6283,Male,ECE,22,83,6.0,41,43,58,0
Student_6284,Male,ECE,20,82,5.3,46,72,69,0
Student_6285,Female,CSE,19,64,5.3,60,59,50,5
Student_6286,Male,ECE,23,51,6.9,97,48,60,4
Student_6287,Male,CSE,20,77,7.4,70,71,79,0
Student_6288,Male,IT,19,69,2.3,62,84,70,0
Student_6289,Male,CE,22,87,3.2,99,76,71,4
Student_6290,Female,ME,20,93,5.6,96,88,81,4
Student_6291,Female,CSE,22,65,4.9,64,69,54,5
Student_6292,Male,CSE,20,95,5.6,74,65,63,5
Student_6293,Female,CSE,18,53,4.0,74,80,72,0
Student_6294,Male,IT,18,57,3.9,84,51,49,5
Student_6295,Male,CSE,20,93,1.8,46,87,61,3
Student_6296,Female,CE,20,95,5.4,44,56,62,1
Student_6297,Female,CE,22,69,2.2,71,92,76,0
Student_6298,Male,ME,23,75,5.7,92,75,84,0
Student_6299,Male,IT,21,81,7.8,44,37,50,3
Student_6300,Female,CE,20,62,2.8,64,97,70,2
Student_6301,Male,ECE,19,54,2.0,70,100,60,5
Student_6302,Female,ECE,19,93,1.2,59,80,64,2
Student_6303,Male,ECE,19,91,3.7,61,42,45,5
Student_6304,Male,CSE,18,100,2.5,77,73,74,1
Student_6305,Female,CSE,23,62,4.4,52,59,48,4
Student_6306,Female,ECE,22,90,4.7,78,81,83,0
Student_6307,Female,ME,23,60,3.4,41,68,49,3
Student_6308,Female,ME,18,86,6.2,61,91,72,4
Student_6309,Female,CSE,23,81,7.3,100,59,72,4
Student_6310,Female,ECE,23,94,2.5,48,96,70,2
Student_6311,Female,ME,19,91,6.9,90,73,88,0
Student_6312,Male,CSE,20,67,1.9,41,41,42,1
Student_6313,Male,ECE,19,78,2.6,84,40,53,3
Student_6314,Male,IT,23,64,4.9,71,88,79,0
Student_6315,Female,ECE,20,69,3.1,47,53,43,4
Student_6316,Female,ECE,22,93,1.3,55,81,58,4
Student_6317,Female,CE,21,85,3.1,72,53,63,1
Student_6318,Male,CE,20,54,7.3,50,68,61,2
Student_6319,Female,IT,18,89,2.2,71,77,71,1
Student_6320,Female,IT,19,86,6.3,47,47,59,1
Student_6321,Male,ECE,19,82,6.1,71,70,77,0
Student_6322,Female,ME,23,67,1.7,60,59,43,5
Student_6323,Male,IT,23,68,3.3,64,90,69,2
Student_6324,Male,ECE,23,100,2.3,96,55,63,4
Student_6325,Female,CSE,23,81,1.2,59,68,57,2
Student_6326,Female,CE,19,91,2.2,40,59,58,0
Student_6327,Female,ME,20,71,2.4,60,45,55,0
Student_6328,Male,ECE,22,90,2.2,46,53,42,5
Student_6329,Male,CSE,20,50,1.6,96,83,72,1
Student_6330,Male,CE,18,74,4.7,97,83,71,5
Student_6331,Female,CSE,19,69,3.3,64,68,66,0
Student_6332,Female,ECE,20,84,7.4,48,36,54,2
Student_6333,Female,IT,19,94,2.3,61,64,64,1
Student_6334,Female,CE,18,55,5.2,41,72,59,1
Student_6335,Male,CSE,21,55,7.3,92,49,69,1
Student_6336,Male,IT,21,99,1.3,58,94,71,2
Student_6337,Male,ME,21,86,4.6,99,38,68,1
Student_6338,Male,ECE,19,98,4.2,45,48,51,3
Student_6339,Female,ECE,20,52,7.5,98,42,62,3
Student_6340,Female,CE,19,86,5.6,44,45,53,2
Student_6341,Female,CSE,22,80,3.4,84,84,69,4
Student_6342,Male,ME,20,84,6.0,49,72,57,5
Student_6343,Male,CE,18,94,5.1,98,58,69,4
Student_6344,Female,CE,23,64,3.4,40,72,57,1
Student_6345,Female,CSE,21,66,6.5,65,96,78,2
Student_6346,Male,ME,20,64,5.7,65,90,76,1
Student_6347,Female,CSE,20,54,1.0,99,99,79,1
Student_6348,Male,ECE,21,71,7.1,57,51,56,3
Student_6349,Male,IT,18,95,3.8,98,51,76,0
Student_6350,Male,ECE,19,60,5.5,60,61,59,2
Student_6351,Female,ECE,19,77,3.8,85,59,72,0
Student_6352,Female,CE,23,63,7.2,51,83,66,3
Student_6353,Male,ECE,20,88,5.6,77,92,88,0
Student_6354,Female,ME,21,52,5.1,53,35,35,5
Student_6355,Male,ECE,22,91,7.9,88,47,70,3
Student_6356,Male,ME,18,60,3.0,71,87,59,5
Student_6357,Male,CSE,19,79,1.5,78,55,52,4
Student_6358,Male,CE,18,87,4.6,74,35,53,3
Student_6359,Female,ME,18,54,4.0,56,65,55,2
Student_6360,Male,ECE,23,71,4.2,94,95,76,4
Student_6361,Male,CE,18,62,5.3,94,37,63,1
Student_6362,Female,CE,21,93,5.3,49,63,63,2
Student_6363,Male,ME,23,100,3.7,74,82,76,2
Student_6364,Male,ME,21,100,7.0,55,96,73,5
Student_6365,Female,IT,23,70,5.6,45,59,56,2
Student_6366,Female,IT,21,86,7.2,43,68,71,0
Student_6367,Female,CE,23,74,7.4,91,52,77,0
Student_6368,Male,IT,23,70,2.2,48,99,69,1
Student_6369,Female,ECE,20,77,5.8,68,62,72,0
Student_6370,Female,CSE,21,90,3.2,46,38,47,2
Student_6371,Male,CE,20,53,6.9,55,55,47,5
Student_6372,Male,CSE,23,78,6.1,45,55,54,3
Student_6373,Male,IT,19,96,2.4,83,54,67,1
Student_6374,Male,ME,23,84,7.6,96,75,87,1
Student_6375,Male,CE,19,72,5.8,100,87,84,2
Student_6376,Female,IT,19,56,7.6,42,96,65,4
Student_6377,Female,ECE,19,95,2.4,83,65,74,0
Student_6378,Female,CE,19,95,7.1,91,59,72,4
Student_6379,Male,CE,21,58,5.7,53,51,53,2
Student_6380,Male,ME,22,72,4.9,53,54,49,4
Student_6381,Male,CE,21,52,6.7,48,79,63,2
Student_6382,Female,ME,22,58,5.4,75,84,78,0
Student_6383,Female,IT,21,53,5.7,62,85,74,0
Student_6384,Male,ECE,19,98,2.8,96,67,77,1
Student_6385,Female,ECE,18,74,6.7,91,63,68,4
Student_6386,Male,CE,23,55,5.6,96,56,61,4
Student_6387,Female,CE,22,97,6.9,54,37,52,4
Student_6388,Female,IT,18,67,3.5,46,40,38,4
Student_6389,Female,ME,19,94,3.3,59,74,57,5
Student_6390,Male,ECE,22,56,1.2,58,39,37,3
Student_6391,Female,ME,18,84,6.4,45,37,54,1
Student_6392,Female,IT,21,80,3.3,90,38,61,1
Student_6393,Male,ECE,19,87,3.3,78,97,77,3
Student_6394,Female,ECE,21,81,5.8,40,39,40,5
Student_6395,Male,CSE,21,84,2.8,46,95,62,4
Student_6396,Male,IT,19,77,7.4,74,91,79,3
Student_6397,Male,IT,22,93,4.8,64,76,62,5
Student_6398,Male,CSE,23,54,7.8,77,90,73,4
Student_6399,Male,ME,20,79,1.5,62,62,53,3
Student_6400,Female,CSE,20,71,3.4,64,89,72,1
Student_6401,Male,IT,23,66,3.7,77,72,63,3
Student_6402,Male,ME,19,59,6.1,97,57,60,5
Student_6403,Male,ECE,20,56,2.5,50,41,41,2
Student_6404,Male,CSE,23,53,3.6,73,72,56,4
Student_6405,Female,ME,18,91,7.4,70,91,81,3
Student_6406,Male,ME,23,76,1.8,77,71,58,4
Student_6407,Female,ME,22,56,6.2,93,40,67,0
Student_6408,Male,CSE,23,72,5.9,89,44,58,4
Student_6409,Female,ECE,21,60,1.9,94,61,59,3
Student_6410,Male,ME,21,57,5.8,85,91,72,4
Student_6411,Male,CSE,19,57,5.0,51,50,41,5
Student_6412,Female,IT,21,86,3.0,48,93,68,2
Student_6413,Male,CSE,18,54,3.2,52,62,51,2
Student_6414,Female,CSE,23,56,6.8,97,37,59,3
Student_6415,Male,CSE,18,71,2.6,59,91,64,3
Student_6416,Female,ME,19,85,4.6,98,99,83,4
Student_6417,Male,CSE,21,51,5.8,60,64,62,1
Student_6418,Male,IT,20,73,1.9,61,53,51,2
Student_6419,Female,ME,23,100,7.5,40,42,57,2
Student_6420,Male,IT,20,51,2.8,79,96,77,0
Student_6421,Male,CE,22,97,3.2,99,53,76,0
Student_6422,Male,CSE,19,61,5.7,100,70,78,1
Student_6423,Male,ME,22,96,1.5,80,94,77,2
Student_6424,Male,ME,20,91,5.4,56,68,64,3
Student_6425,Male,CSE,20,75,7.4,84,89,84,2
Student_6426,Female,ECE,20,87,2.7,43,61,51,3
Student_6427,Female,ECE,22,94,3.5,45,73,59,3
Student_6428,Female,IT,19,55,2.6,84,76,68,1
Student_6429,Male,CSE,23,72,6.7,97,76,81,2
Student_6430,Female,CSE,23,51,2.2,88,82,61,4
Student_6431,Male,CE,18,75,3.4,58,65,59,2
Student_6432,Male,ECE,18,63,5.2,69,56,60,2
Student_6433,Male,ECE,20,67,3.8,62,75,54,5
Student_6434,Male,CSE,19,87,1.5,71,58,64,0
Student_6435,Female,IT,19,81,7.6,95,74,86,1
Student_6436,Male,CSE,21,100,3.4,68,66,61,4
Student_6437,Female,IT,21,63,4.1,47,85,56,4
Student_6438,Male,ECE,22,79,2.2,60,67,53,4
Student_6439,Female,CE,21,62,7.1,56,62,59,3
Student_6440,Female,ME,23,89,3.0,56,97,76,1
Student_6441,Female,ECE,23,80,1.1,95,56,69,0
Student_6442,Female,IT,22,86,3.2,60,52,53,3
Student_6443,Female,CSE,18,94,7.9,54,36,53,4
Student_6444,Female,ECE,20,87,2.0,66,60,56,3
Student_6445,Male,CE,19,71,1.2,64,73,56,3
Student_6446,Female,IT,18,77,5.0,72,51,52,5
Student_6447,Male,CSE,23,68,3.6,41,50,41,4
Student_6448,Female,ME,18,92,6.6,91,61,71,4
Student_6449,Male,IT,22,65,6.1,81,83,82,0
Student_6450,Female,CSE,20,54,2.3,98,37,56,1
Student_6451,Female,ME,23,93,5.0,55,76,69,2
Student_6452,Male,CSE,22,98,1.2,94,97,83,2
Student_6453,Female,ME,18,51,4.1,75,63,51,5
Student_6454,Female,ME,19,59,6.0,47,36,46,2
Student_6455,Female,ME,21,96,3.9,55,48,62,0
Student_6456,Male,CSE,22,68,1.8,46,46,40,3
Student_6457,Female,ME,23,69,1.4,44,58,41,4
Student_6458,Male,IT,18,78,7.0,62,62,70,1
Student_6459,Female,CE,21,74,7.2,47,52,58,2
Student_6460,Female,CE,21,66,3.4,42,40,33,5
Student_6461,Male,ME,18,100,2.1,74,64,69,1
Student_6462,Female,CE,20,100,7.9,89,68,86,1
Student_6463,Female,CE,18,62,4.8,75,92,69,4
Student_6464,Male,ME,23,94,4.3,98,62,66,5
Student_6465,Female,ME,19,65,6.2,75,87,82,0
Student_6466,Male,IT,23,84,2.2,54,50,45,4
Student_6467,Male,ECE,21,85,5.1,69,60,56,5
Student_6468,Male,CSE,19,88,7.2,54,99,87,0
Student_6469,Female,ME,22,52,1.2,68,91,54,5
Student_6470,Male,ME,21,58,5.7,43,65,52,3
Student_6471,Male,CE,20,89,4.9,73,61,70,1
Student_6472,Female,IT,18,99,7.7,62,83,81,2
Student_6473,Male,CE,22,95,2.8,97,43,67,1
Student_6474,Female,ME,23,78,7.0,74,60,63,4
Student_6475,Female,ME,19,54,3.2,67,40,38,5
Student_6476,Female,CE,22,52,4.0,70,41,40,5
Student_6477,Female,ME,20,59,2.5,81,47,59,0
Student_6478,Male,ECE,18,80,7.0,72,83,75,3
Student_6479,Male,CSE,22,60,2.4,57,44,42,3
Student_6480,Male,CSE,23,66,7.0,44,77,71,0
Student_6481,Male,CSE,19,89,4.2,48,83,73,0
Student_6482,Male,ECE,22,90,6.8,59,52,70,0
Student_6483,Female,ME,18,57,2.9,77,45,49,3
Student_6484,Male,CE,23,51,1.9,90,44,55,1
Student_6485,Male,IT,22,53,4.9,48,62,56,1
Student_6486,Male,ME,19,65,4.6,57,87,59,5
Student_6487,Female,ECE,18,90,3.5,95,88,73,5
Student_6488,Female,ECE,20,90,5.6,54,59,60,3
Student_6489,Male,CSE,20,70,1.7,54,40,43,2
Student_6490,Female,ME,21,54,5.4,98,45,57,4
Student_6491,Male,CSE,22,84,2.5,53,67,55,3
Student_6492,Male,IT,19,63,1.9,74,80,64,2
Student_6493,Female,CSE,22,64,7.4,79,89,74,4
Student_6494,Female,IT,18,55,4.2,90,85,77,1
Student_6495,Male,ECE,21,65,6.3,82,59,73,0
Student_6496,Male,CSE,19,72,1.6,99,57,55,5
Student_6497,Female,CSE,22,80,1.4,99,84,70,4
Student_6498,Male,CE,19,91,4.5,75,80,66,5
Student_6499,Female,ECE,18,95,3.2,86,78,82,0
Student_6500,Male,CE,21,61,1.0,95,47,55,2
Student_6501,Female,IT,19,90,2.3,81,82,64,5
Student_6502,Male,IT,18,68,2.5,59,51,47,3
Student_6503,Male,ECE,20,61,3.0,50,48,43,3
Student_6504,Female,IT,19,94,7.1,96,64,87,0
Student_6505,Male,ECE,21,62,3.9,80,64,57,4
Student_6506,Male,IT,23,98,5.8,93,67,73,4
Student_6507,Female,ME,23,51,1.1,56,88,49,5
Student_6508,Male,CSE,19,69,6.7,80,91,81,2
Student_6509,Male,ME,19,80,2.7,64,65,57,3
Student_6510,Male,ECE,18,58,3.2,68,57,61,0
Student_6511,Female,ECE,22,70,1.3,62,86,66,1
Student_6512,Female,ME,23,57,3.9,48,88,53,5
Student_6513,Female,CSE,22,88,7.0,95,81,83,3
Student_6514,Male,CSE,23,86,3.7,64,83,68,3
Student_6515,Male,CE,19,78,7.4,80,90,84,2
Student_6516,Male,IT,21,68,7.1,62,42,54,3
Student_6517,Male,CE,21,84,1.4,93,56,63,2
Student_6518,Female,CSE,23,94,3.1,41,96,69,2
Student_6519,Male,ME,23,87,7.4,84,88,89,1
Student_6520,Male,IT,18,75,1.2,94,69,58,5
Student_6521,Male,ME,19,60,6.4,40,49,44,4
Student_6522,Female,CE,19,85,7.3,77,39,61,3
Student_6523,Male,ECE,22,84,6.4,45,51,57,2
Student_6524,Male,ME,18,53,6.2,87,37,57,2
Student_6525,Male,CE,20,52,6.9,83,53,58,4
Student_6526,Male,CE,21,94,5.7,54,71,62,4
Student_6527,Male,CE,21,96,4.0,46,55,57,2
Student_6528,Female,ECE,19,61,1.4,41,85,52,3
Student_6529,Male,ECE,18,81,6.5,69,88,70,5
Student_6530,Male,ECE,20,96,7.3,68,45,63,3
Student_6531,Male,IT,21,75,4.6,51,99,64,5
Student_6532,Male,ECE,18,92,4.7,91,64,71,3
Student_6533,Male,ECE,20,92,3.8,73,77,66,4
Student_6534,Male,ECE,23,62,7.0,69,70,66,3
Student_6535,Male,ME,19,93,1.1,75,91,64,5
Student_6536,Male,ECE,22,87,5.4,74,60,65,3
Student_6537,Male,IT,21,78,7.4,41,94,71,3
Student_6538,Male,CE,21,100,1.7,89,56,60,4
Student_6539,Female,ME,20,68,7.7,42,58,64,0
Student_6540,Female,CSE,22,84,7.8,81,46,75,0
Student_6541,Female,ECE,23,97,7.5,51,94,78,3
Student_6542,Female,CE,18,90,4.2,43,55,61,0
Student_6543,Male,CE,19,76,3.7,94,70,69,3
Student_6544,Female,ME,18,95,5.9,91,41,62,4
Student_6545,Female,CSE,20,80,3.2,98,95,80,3
Student_6546,Male,IT,21,52,1.5,46,87,59,1
Student_6547,Female,CE,23,84,7.3,59,62,67,2
Student_6548,Female,CE,21,73,5.4,58,58,54,4
Student_6549,Male,CE,18,56,2.5,47,87,50,5
Student_6550,Male,CE,23,100,1.1,42,47,50,1
Student_6551,Male,ME,19,84,6.1,66,35,59,1
Student_6552,Female,CSE,20,70,7.0,54,75,68,2
Student_6553,Female,CE,19,50,3.8,47,93,65,1
Student_6554,Male,IT,20,93,1.6,57,47,51,2
Student_6555,Male,IT,19,55,5.5,68,88,68,3
Student_6556,Female,ECE,18,88,3.1,85,81,69,4
Student_6557,Male,CE,22,83,2.0,90,61,60,4
Student_6558,Female,CE,23,67,4.6,75,74,62,4
Student_6559,Male,CE,20,74,4.4,42,66,56,2
Student_6560,Male,CE,18,64,4.6,93,92,80,2
Student_6561,Female,CE,21,96,6.8,48,77,75,1
Student_6562,Male,IT,21,81,4.4,49,86,62,4
Student_6563,Male,CSE,19,91,7.3,79,68,80,1
Student_6564,Male,CSE,21,98,6.9,59,40,58,3
Student_6565,Female,ECE,22,99,5.6,41,82,73,1
Student_6566,Male,IT,20,67,1.4,97,52,54,4
Student_6567,Male,CE,19,80,7.1,40,73,65,2
Student_6568,Male,CSE,20,78,7.3,66,41,63,1
Student_6569,Male,ME,20,64,3.6,43,40,45,1
Student_6570,Male,ME,18,72,4.7,87,87,78,2
Student_6571,Male,ME,21,87,3.0,76,35,54,2
Student_6572,Female,CE,23,90,1.1,71,63,54,4
Student_6573,Female,CE,20,60,4.4,57,83,62,3
Student_6574,Male,ECE,22,64,1.9,53,93,54,5
Student_6575,Female,ECE,22,72,2.3,84,47,51,4
Student_6576,Female,ECE,23,52,4.4,87,79,73,1
Student_6577,Male,ME,21,68,7.1,100,80,77,4
Student_6578,Female,CE,21,50,6.9,54,57,50,4
Student_6579,Female,ME,19,73,7.8,90,66,77,2
Student_6580,Female,ECE,19,98,4.4,100,47,68,3
Student_6581,Female,CE,19,60,4.9,43,87,54,5
Student_6582,Female,IT,21,79,6.8,58,54,59,3
Student_6583,Female,CSE,20,99,5.9,63,35,52,4
Student_6584,Female,CSE,18,60,2.3,69,91,67,2
Student_6585,Female,ECE,23,88,3.8,52,100,74,2
Student_6586,Male,ME,23,50,7.5,50,45,55,1
Student_6587,Male,IT,23,61,2.0,67,80,68,0
Student_6588,Female,CE,19,53,2.5,89,64,64,1
Student_6589,Female,ME,18,74,3.8,96,41,52,5
Student_6590,Male,ECE,22,57,7.6,50,58,61,1
Student_6591,Female,ME,21,64,1.8,93,82,74,1
Student_6592,Female,ECE,22,92,5.7,40,77,72,0
Student_6593,Male,CSE,19,79,1.9,86,70,67,2
Student_6594,Male,CSE,20,89,4.7,95,35,63,2
Student_6595,Male,ME,19,81,4.8,81,41,57,3
Student_6596,Female,IT,18,93,1.3,93,78,71,3
Student_6597,Female,CE,19,84,7.7,43,95,71,4
Student_6598,Male,ECE,23,70,6.6,77,60,59,5
Student_6599,Male,CE,20,80,3.1,73,64,57,4
Student_6600,Female,CSE,20,85,1.9,88,35,49,4
Student_6601,Male,IT,21,76,3.4,51,97,67,3
Student_6602,Female,IT,21,93,7.3,93,49,71,3
Student_6603,Female,CE,23,57,1.9,63,97,69,1
Student_6604,Male,CSE,20,72,3.4,100,89,80,2
Student_6605,Male,CE,23,72,4.5,76,91,73,3
Student_6606,Female,ME,20,91,1.2,95,54,70,0
Student_6607,Male,IT,18,82,2.9,71,56,62,1
Student_6608,Male,IT,19,62,5.2,58,84,73,0
Student_6609,Male,ME,21,88,3.3,68,70,72,0
Student_6610,Male,CSE,18,84,7.1,77,71,76,2
Student_6611,Female,IT,19,65,7.6,88,80,86,0
Student_6612,Female,ECE,21,61,4.1,68,61,65,0
Student_6613,Female,ECE,23,80,4.7,58,53,49,5
Student_6614,Female,CSE,18,54,5.4,59,50,59,0
Student_6615,Male,ME,22,99,5.7,92,88,94,0
Student_6616,Male,CE,22,89,1.4,42,68,57,1
Student_6617,Female,CSE,21,93,1.4,79,85,76,1
Student_6618,Female,CE,18,74,7.1,44,70,64,2
Student_6619,Male,CSE,19,70,2.5,62,87,66,2
Student_6620,Female,ECE,19,52,5.1,44,96,57,5
Student_6621,Female,ME,18,97,5.4,69,65,76,0
Student_6622,Male,ECE,22,59,2.2,71,38,40,4
Student_6623,Female,ME,18,72,6.3,63,46,64,0
Student_6624,Male,CE,22,66,7.1,88,87,88,0
Student_6625,Male,CSE,22,91,3.0,90,95,74,5
Student_6626,Female,IT,23,84,7.1,90,53,73,2
Student_6627,Male,IT,23,74,1.6,97,90,74,3
Student_6628,Female,ME,19,51,6.6,81,43,58,2
Student_6629,Male,ME,21,76,5.5,74,59,69,1
Student_6630,Female,ECE,20,95,5.1,71,88,79,2
Student_6631,Female,IT,18,58,2.6,93,81,62,5
Student_6632,Female,ECE,22,98,3.5,96,75,76,3
Student_6633,Male,CE,18,53,7.4,84,85,84,0
Student_6634,Male,IT,21,75,4.3,87,84,74,3
Student_6635,Female,CE,21,81,5.2,83,41,52,5
Student_6636,Male,CSE,20,78,7.6,61,61,58,5
Student_6637,Female,ECE,20,71,4.3,60,82,67,2
Student_6638,Female,ME,22,96,3.7,67,89,70,4
Student_6639,Male,IT,23,62,7.3,88,97,77,5
Student_6640,Female,ECE,20,72,7.4,73,40,64,1
Student_6641,Male,ME,23,80,3.5,55,69,52,5
Student_6642,Female,CSE,23,100,5.1,50,66,62,3
Student_6643,Male,IT,22,90,7.7,72,40,56,5
Student_6644,Female,CE,19,85,1.4,83,97,77,2
Student_6645,Female,CSE,23,89,1.3,77,52,64,0
Student_6646,Male,ME,22,80,4.6,58,65,62,2
Student_6647,Female,IT,20,64,3.0,67,86,58,5
Student_6648,Female,IT,18,63,5.1,68,50,48,5
Student_6649,Male,CSE,20,84,6.1,76,90,87,0
Student_6650,Female,IT,21,73,1.5,93,96,71,4
Student_6651,Male,ME,20,79,7.2,92,86,89,1
Student_6652,Female,CSE,19,79,2.9,42,39,40,3
Student_6653,Male,CE,22,76,3.7,57,87,68,2
Student_6654,Female,CSE,23,98,3.4,57,51,57,2
Student_6655,Female,CSE,21,89,6.9,51,65,63,3
Student_6656,Female,CE,22,63,2.2,57,50,39,5
Student_6657,Male,ME,22,94,1.2,71,91,78,0
Student_6658,Male,ECE,23,96,7.8,81,55,78,1
Student_6659,Male,ECE,20,60,7.9,75,75,68,4
Student_6660,Male,CE,18,96,2.8,91,73,72,3
Student_6661,Female,ME,21,93,1.1,99,71,75,1
Student_6662,Female,IT,23,75,5.5,58,75,67,2
Student_6663,Male,CE,19,70,5.5,95,87,85,1
Student_6664,Male,ECE,19,58,7.6,43,66,51,5
Student_6665,Male,ME,18,96,3.1,95,59,65,4
Student_6666,Female,CSE,18,50,2.3,50,87,61,1
Student_6667,Male,ME,20,93,5.3,42,98,66,5
Student_6668,Male,ME,19,55,4.9,66,67,61,2
Student_6669,Female,ECE,21,50,6.0,86,72,64,4
Student_6670,Female,ECE,23,71,7.2,55,42,49,4
Student_6671,Male,IT,18,100,4.9,83,35,56,4
Student_6672,Female,IT,18,62,2.1,57,93,64,2
Student_6673,Male,CE,18,87,5.2,69,69,76,0
Student_6674,Female,CSE,23,98,3.6,63,50,59,2
Student_6675,Male,IT,21,94,4.2,45,48,59,0
Student_6676,Male,ECE,19,90,7.7,86,39,59,5
Student_6677,Male,ME,21,89,4.9,73,55,71,0
Student_6678,Male,CE,23,80,2.0,94,92,79,2
Student_6679,Female,IT,21,64,4.1,51,91,57,5
Student_6680,Female,ME,20,99,2.6,81,45,64,1
Student_6681,Female,ME,23,51,1.9,62,42,43,2
Student_6682,Female,IT,18,80,6.0,75,48,57,4
Student_6683,Male,CSE,19,75,5.4,79,83,79,1
Student_6684,Male,CSE,20,51,4.5,54,67,53,3
Student_6685,Female,CE,20,60,4.0,90,58,55,5
Student_6686,Female,CSE,23,82,3.3,55,72,59,3
Student_6687,Female,CE,22,67,1.6,84,84,66,3
Student_6688,Female,ECE,18,70,3.1,96,98,76,4
Student_6689,Female,IT,19,80,6.9,86,36,55,5
Student_6690,Male,ME,19,75,6.5,53,73,58,5
Student_6691,Male,CE,19,79,7.8,54,48,54,4
Student_6692,Male,CSE,23,88,5.6,51,46,62,0
Student_6693,Female,CE,18,70,4.9,82,85,67,5
Student_6694,Female,CE,23,98,3.1,92,44,59,4
Student_6695,Female,CSE,19,65,1.5,74,78,54,5
Student_6696,Female,CSE,21,56,5.3,64,74,70,0
Student_6697,Male,IT,21,71,4.4,53,94,67,3
Student_6698,Male,ME,18,56,6.3,41,65,56,2
Student_6699,Female,IT,19,51,3.9,57,71,57,2
Student_6700,Male,IT,23,86,7.9,74,92,77,5
Student_6701,Male,CSE,22,63,3.8,48,77,53,4
Student_6702,Female,CSE,22,57,3.3,50,72,46,5
Student_6703,Female,ME,22,78,7.1,65,42,57,3
Student_6704,Female,CE,21,93,3.8,42,68,51,5
Student_6705,Female,IT,23,56,7.1,44,51,50,3
Student_6706,Female,ME,22,87,1.2,71,51,61,0
Student_6707,Female,IT,19,94,5.8,80,87,89,0
Student_6708,Male,CE,19,71,1.5,49,49,42,3
Student_6709,Male,IT,22,93,2.0,77,98,69,5
Student_6710,Female,ECE,20,66,5.9,45,91,62,4
Student_6711,Male,ME,22,65,3.0,50,54,43,4
Student_6712,Female,CSE,20,82,2.5,56,95,67,3
Student_6713,Female,IT,18,88,6.6,98,59,68,5
Student_6714,Female,ME,18,84,7.6,41,61,53,5
Student_6715,Female,ME,19,87,2.6,80,81,73,2
Student_6716,Male,IT,23,81,3.2,63,62,60,2
Student_6717,Female,CSE,21,52,6.0,89,40,65,0
Student_6718,Male,CSE,23,52,6.7,44,75,52,5
Student_6719,Female,IT,19,57,8.0,60,93,73,3
Student_6720,Female,ME,19,95,2.9,45,95,70,2
Student_6721,Female,CSE,23,80,4.9,43,83,59,4
Student_6722,Male,IT,21,58,1.9,48,39,42,1
Student_6723,Female,IT,19,54,3.3,44,45,45,1
Student_6724,Female,IT,21,77,1.3,43,74,45,5
Student_6725,Female,ME,19,64,2.5,48,73,52,3
Student_6726,Male,CSE,18,98,4.5,57,54,67,0
Student_6727,Male,ME,20,76,2.1,98,38,61,1
Student_6728,Male,ECE,19,91,7.2,82,47,64,4
Student_6729,Female,CSE,20,80,6.0,55,83,65,4
Student_6730,Male,ME,22,89,1.2,41,43,37,4
Student_6731,Female,CSE,19,67,7.1,68,93,82,1
Student_6732,Male,ECE,18,87,7.8,87,37,67,2
Student_6733,Male,CE,21,98,4.5,90,45,61,4
Student_6734,Female,IT,18,53,3.2,81,39,56,0
Student_6735,Male,ME,20,70,2.8,75,69,60,3
Student_6736,Female,ECE,21,96,1.6,51,58,51,3
Student_6737,Female,ECE,18,91,4.4,97,40,63,3
Student_6738,Male,CSE,18,72,1.4,80,76,65,2
Student_6739,Female,CSE,18,94,4.5,84,77,74,3
Student_6740,Female,IT,23,71,2.8,76,48,52,3
Student_6741,Male,CSE,21,50,4.3,73,59,61,1
Student_6742,Male,ME,18,74,3.9,74,52,59,2
Student_6743,Female,ME,18,90,3.1,79,58,65,2
Student_6744,Male,ME,20,77,4.1,45,97,72,1
Student_6745,Female,CE,18,86,4.3,100,35,69,0
Student_6746,Female,ME,18,60,6.8,76,49,59,3
Student_6747,Male,CSE,22,71,5.7,75,88,83,0
Student_6748,Male,CSE,21,74,4.0,59,68,64,1
Student_6749,Male,ME,22,70,7.3,55,86,76,1
Student_6750,Male,ECE,23,85,6.3,47,36,55,1
Student_6751,Female,ECE,20,69,1.5,83,70,66,1
Student_6752,Female,ECE,22,65,2.1,61,57,43,5
Student_6753,Male,IT,23,77,1.6,44,58,43,4
Student_6754,Male,CE,19,78,3.2,44,66,58,1
Student_6755,Female,ME,21,99,4.0,93,85,89,0
Student_6756,Female,IT,18,75,4.5,84,80,78,1
Student_6757,Female,ECE,22,89,7.0,50,47,65,0
Student_6758,Female,ME,22,51,1.1,82,48,53,1
Student_6759,Male,IT,18,98,4.0,58,51,62,1
Student_6760,Female,CSE,18,59,3.9,78,50,51,4
Student_6761,Female,ECE,20,62,7.6,56,66,67,1
Student_6762,Male,IT,22,64,2.7,76,46,50,3
Student_6763,Female,CSE,22,58,1.9,77,37,41,4
Student_6764,Female,ECE,19,76,2.0,100,87,72,4
Student_6765,Male,CE,23,57,4.6,57,77,59,3
Student_6766,Male,ECE,19,55,3.7,89,39,45,5
Student_6767,Male,CE,22,85,6.3,48,81,64,4
Student_6768,Female,CE,19,99,3.3,89,61,74,1
Student_6769,Female,CE,22,73,1.9,90,86,70,3
Student_6770,Male,ME,21,52,3.7,56,90,67,1
Student_6771,Male,ME,20,75,7.2,80,49,61,4
Student_6772,Female,CE,19,85,3.8,72,53,61,2
Student_6773,Male,CSE,22,70,6.8,59,60,60,3
Student_6774,Male,CE,19,62,3.6,94,79,79,0
Student_6775,Male,IT,23,60,3.0,57,44,40,4
Student_6776,Female,CE,20,57,6.4,63,60,61,2
Student_6777,Female,ME,21,95,2.5,52,42,44,4
Student_6778,Female,ME,18,95,2.6,79,66,71,1
Student_6779,Female,IT,18,97,1.3,67,55,49,5
Student_6780,Female,IT,19,63,2.3,85,79,59,5
Student_6781,Female,ECE,22,82,3.7,42,89,69,1
Student_6782,Male,CSE,23,51,3.8,75,46,43,5
Student_6783,Female,CSE,20,50,3.9,50,82,62,1
Student_6784,Female,CSE,21,60,4.4,78,93,75,2
Student_6785,Male,ME,21,55,5.0,60,71,64,1
Student_6786,Female,CSE,21,81,2.3,76,65,57,4
Student_6787,Female,ECE,18,64,5.3,41,37,38,4
Student_6788,Male,ECE,20,61,3.4,45,93,54,5
Student_6789,Male,CSE,18,86,6.1,91,67,71,4
Student_6790,Male,IT,19,78,4.9,44,70,57,3
Student_6791,Female,ECE,21,93,4.9,86,37,57,4
Student_6792,Male,IT,20,71,5.8,82,37,62,1
Student_6793,Female,ME,21,95,3.3,71,93,75,3
Student_6794,Female,ECE,18,63,4.0,76,88,69,3
Student_6795,Female,IT,18,68,5.1,89,62,66,3
Student_6796,Female,CSE,18,54,4.0,79,43,50,3
Student_6797,Male,ME,21,84,4.1,50,60,49,5
Student_6798,Male,CE,20,74,2.9,56,63,56,2
Student_6799,Female,CE,20,99,3.0,53,44,44,5
Student_6800,Male,CSE,19,87,5.9,41,61,53,4
Student_6801,Female,ME,21,58,1.0,78,97,69,2
Student_6802,Female,ME,19,56,1.7,94,96,66,5
Student_6803,Female,ME,23,67,7.6,57,52,66,0
Student_6804,Male,ME,19,51,2.3,72,87,65,2
Student_6805,Female,CE,19,59,3.9,69,51,45,5
Student_6806,Female,IT,19,93,6.9,54,83,66,5
Student_6807,Male,ME,18,51,1.0,68,60,47,3
Student_6808,Male,IT,23,94,7.5,65,39,56,4
Student_6809,Male,ME,19,57,1.4,40,78,42,5
Student_6810,Male,ECE,20,56,2.2,56,58,43,4
Student_6811,Female,ECE,19,84,1.2,93,91,80,1
Student_6812,Male,ECE,18,72,4.6,97,41,54,5
Student_6813,Female,ME,22,57,7.6,99,54,71,2
Student_6814,Male,IT,23,70,6.9,78,90,75,4
Student_6815,Male,CE,22,82,5.5,87,53,74,0
Student_6816,Male,CSE,22,96,2.3,41,98,75,0
Student_6817,Male,CE,23,50,7.1,54,77,56,5
Student_6818,Male,ME,21,61,6.3,61,78,68,2
Student_6819,Male,ECE,20,60,2.9,59,59,44,5
Student_6820,Female,ECE,18,97,6.6,68,51,58,5
Student_6821,Male,IT,23,79,7.1,64,73,75,1
Student_6822,Male,ME,22,53,5.9,82,59,55,5
Student_6823,Male,CE,18,83,1.7,95,73,62,5
Student_6824,Male,ME,18,72,7.9,63,73,78,0
Student_6825,Female,ME,21,81,1.5,73,93,75,1
Student_6826,Male,ECE,22,52,5.6,82,100,80,2
Student_6827,Male,CE,19,77,1.8,60,50,42,5
Student_6828,Male,CSE,18,53,7.3,87,87,74,4
Student_6829,Male,ECE,22,99,3.4,41,63,61,1
Student_6830,Female,CE,18,61,4.6,90,100,73,5
Student_6831,Male,IT,21,73,2.3,55,44,53,0
Student_6832,Female,ECE,21,82,4.8,79,36,61,1
Student_6833,Male,IT,19,52,7.6,60,47,50,4
Student_6834,Female,ECE,21,53,7.3,91,88,72,5
Student_6835,Female,ME,22,79,1.4,76,36,43,4
Student_6836,Male,CE,23,55,3.6,47,76,62,0
Student_6837,Male,IT,21,98,2.9,97,48,70,1
Student_6838,Female,ECE,23,79,4.4,53,85,71,1
Student_6839,Female,IT,19,57,6.8,85,83,74,3
Student_6840,Male,ECE,20,67,6.2,94,72,82,0
Student_6841,Female,ECE,18,65,3.4,61,68,62,1
Student_6842,Female,CSE,18,55,3.7,57,63,54,2
Student_6843,Female,CSE,22,73,5.6,97,98,85,3
Student_6844,Male,CSE,19,100,2.4,44,57,60,0
Student_6845,Female,IT,19,77,1.7,81,57,53,4
Student_6846,Female,ME,19,81,2.7,86,50,67,0
Student_6847,Female,ECE,18,74,1.9,84,78,69,2
Student_6848,Male,CE,21,77,3.5,69,94,74,2
Student_6849,Male,CSE,18,70,7.6,70,99,77,4
Student_6850,Female,IT,18,57,1.8,48,53,38,4
Student_6851,Male,IT,18,85,6.7,96,79,78,4
Student_6852,Female,IT,21,58,4.7,70,35,47,3
Student_6853,Male,CE,20,89,5.4,70,46,62,2
Student_6854,Male,CE,22,70,2.2,80,59,54,4
Student_6855,Female,CSE,20,100,2.1,90,44,62,2
Student_6856,Male,CE,20,50,2.1,96,100,74,3
Student_6857,Male,CSE,18,53,5.7,48,67,48,5
Student_6858,Male,CE,20,59,6.2,76,36,52,3
Student_6859,Female,CE,18,75,7.4,100,38,60,5
Student_6860,Male,CE,18,89,3.8,45,57,55,2
Student_6861,Male,CSE,22,52,4.2,94,75,65,4
Student_6862,Female,ECE,19,93,4.3,81,72,65,5
Student_6863,Male,CSE,18,58,2.9,65,90,72,0
Student_6864,Male,ECE,20,81,3.3,49,78,65,1
Student_6865,Male,IT,22,52,6.9,45,98,70,2
Student_6866,Male,IT,23,53,3.4,92,58,53,5
Student_6867,Male,CSE,23,55,7.1,100,75,76,3
Student_6868,Female,ECE,23,58,3.1,72,62,52,4
Student_6869,Female,ECE,20,75,3.4,91,96,72,5
Student_6870,Male,ECE,19,51,4.9,84,49,61,1
Student_6871,Male,IT,21,51,1.7,69,96,66,2
Student_6872,Male,CSE,19,99,7.5,79,44,76,0
Student_6873,Female,ME,22,70,6.7,63,63,71,0
Student_6874,Female,ECE,19,71,5.7,67,65,62,3
Student_6875,Male,ECE,23,52,7.9,84,97,81,3
Student_6876,Male,ME,19,84,1.1,77,52,53,3
Student_6877,Female,CSE,22,99,3.9,68,41,58,2
Student_6878,Male,ECE,22,87,7.0,90,61,82,0
Student_6879,Female,CSE,23,82,4.0,83,43,66,0
Student_6880,Female,ECE,20,64,1.0,54,54,43,3
Student_6881,Male,CE,18,60,2.1,47,84,54,3
Student_6882,Female,ECE,21,59,4.0,62,95,64,4
Student_6883,Male,CE,21,85,5.7,82,51,73,0
Student_6884,Male,CSE,23,63,2.1,48,55,44,3
Student_6885,Male,ECE,21,51,4.1,90,66,62,3
Student_6886,Male,IT,19,94,1.1,50,82,59,3
Student_6887,Male,IT,22,97,4.3,45,72,55,5
Student_6888,Male,ME,22,93,7.3,86,62,71,4
Student_6889,Female,IT,23,86,5.2,88,94,91,0
Student_6890,Female,CE,22,100,4.1,51,92,80,0
Student_6891,Female,IT,18,78,2.1,95,87,83,0
Student_6892,Female,IT,22,84,2.4,73,44,49,4
Student_6893,Male,IT,22,69,1.5,60,36,43,2
Student_6894,Female,ECE,19,70,6.2,71,59,59,4
Student_6895,Female,ME,20,83,1.5,93,72,61,5
Student_6896,Female,CSE,21,98,3.7,75,35,60,1
Student_6897,Male,ME,19,92,6.2,64,47,53,5
Student_6898,Female,CE,19,82,6.0,74,35,52,4
Student_6899,Male,ECE,19,68,5.0,73,65,68,1
Student_6900,Female,ECE,21,57,5.0,58,90,59,5
Student_6901,Male,IT,23,80,1.6,76,53,54,3
Student_6902,Male,IT,19,60,2.2,56,38,45,1
Student_6903,Female,CE,20,57,4.7,55,62,50,4
Student_6904,Male,ECE,23,74,3.4,55,78,63,2
Student_6905,Male,CSE,22,98,1.1,97,64,76,0
Student_6906,Female,ME,20,69,6.6,83,70,67,4
Student_6907,Female,ECE,23,87,5.6,43,87,76,0
Student_6908,Female,CSE,22,56,3.3,88,93,66,5
Student_6909,Male,CSE,22,62,1.7,96,38,56,1
Student_6910,Male,ME,19,88,5.1,69,45,57,3
Student_6911,Male,CSE,19,92,3.4,90,87,78,3
Student_6912,Female,CE,21,59,2.8,73,88,62,4
Student_6913,Male,CSE,18,57,6.1,44,79,65,1
Student_6914,Male,CE,20,91,3.3,72,51,63,1
Student_6915,Male,CSE,21,92,2.0,97,98,90,0
Student_6916,Male,IT,21,69,4.4,85,92,69,5
Student_6917,Male,CSE,20,66,6.8,94,47,58,5
Student_6918,Male,CE,23,60,6.9,48,85,71,1
Student_6919,Male,CSE,20,65,6.9,56,86,72,2
Student_6920,Female,CSE,22,86,3.9,51,49,50,3
Student_6921,Female,CSE,18,91,6.5,63,38,50,5
Student_6922,Female,CE,23,81,7.0,95,43,69,2
Student_6923,Male,CSE,19,75,4.2,94,91,73,5
Student_6924,Male,ME,18,86,3.2,97,63,71,2
Student_6925,Female,ME,18,58,5.9,91,81,83,0
Student_6926,Male,CE,19,84,7.3,51,39,59,1
Student_6927,Female,IT,18,52,7.8,54,98,81,0
Student_6928,Male,ME,23,80,3.0,55,93,60,5
Student_6929,Male,ECE,23,91,7.7,62,69,70,3
Student_6930,Female,ME,23,56,4.5,57,39,52,0
Student_6931,Female,ECE,21,51,3.1,61,84,53,5
Student_6932,Female,CE,21,74,7.9,85,94,87,2
Student_6933,Female,IT,23,89,7.1,83,49,76,0
Student_6934,Female,ECE,19,61,5.8,70,58,65,1
Student_6935,Male,ECE,19,79,7.3,82,55,76,0
Student_6936,Male,ME,20,79,5.8,54,36,55,1
Student_6937,Male,ECE,20,78,4.1,92,79,77,2
Student_6938,Female,CE,23,90,7.6,60,44,65,1
Student_6939,Female,CE,18,60,7.7,98,79,85,1
Student_6940,Female,CE,18,100,3.2,47,71,53,5
Student_6941,Female,ME,19,72,3.5,88,57,67,1
Student_6942,Female,IT,18,66,3.7,79,79,60,5
Student_6943,Female,ME,22,62,6.8,75,75,75,1
Student_6944,Male,CE,21,82,6.5,100,99,90,3
Student_6945,Male,ME,18,50,7.9,81,95,76,4
Student_6946,Male,CE,18,89,4.3,77,40,50,5
Student_6947,Male,CSE,20,62,6.2,45,99,68,3
Student_6948,Male,CSE,22,87,7.0,56,52,69,0
Student_6949,Female,ECE,18,52,2.5,79,74,59,3
Student_6950,Female,IT,21,65,5.3,84,72,68,3
Student_6951,Female,CSE,18,91,4.8,86,79,82,1
Student_6952,Female,CE,19,56,6.2,75,51,66,0
Student_6953,Female,ME,22,52,5.9,100,47,71,0
Student_6954,Female,ME,18,63,6.7,67,44,57,2
Student_6955,Male,ECE,22,65,3.2,96,65,71,1
Student_6956,Female,ME,18,53,2.5,86,84,66,3
Student_6957,Female,CSE,21,80,6.6,62,57,64,2
Student_6958,Female,ME,21,62,3.5,70,79,66,2
Student_6959,Female,CSE,22,76,3.0,85,72,60,5
Student_6960,Male,CSE,23,50,3.4,50,45,40,3
Student_6961,Male,IT,20,74,1.5,59,42,52,0
Student_6962,Female,ECE,20,86,6.4,99,47,75,1
Student_6963,Male,CE,19,99,6.0,71,68,77,1
Student_6964,Male,CSE,23,93,4.9,56,99,75,3
Student_6965,Female,ECE,20,60,6.0,96,44,67,1
Student_6966,Female,CE,22,58,3.6,81,70,59,4
Student_6967,Female,ME,20,56,3.1,77,38,49,2
Student_6968,Female,ECE,19,63,7.0,45,55,56,2
Student_6969,Female,ECE,18,79,4.0,40,95,61,4
Student_6970,Male,ECE,20,73,2.4,76,72,68,1
Student_6971,Female,ME,22,52,6.2,43,73,64,0
Student_6972,Female,ME,22,97,3.4,70,88,67,5
Student_6973,Female,ECE,19,88,2.5,50,96,64,4
Student_6974,Male,IT,19,76,1.2,56,53,43,4
Student_6975,Female,CSE,21,50,7.8,46,36,47,2
Student_6976,Female,ME,21,87,4.3,91,56,75,0
Student_6977,Female,IT,21,75,2.1,74,91,77,0
Student_6978,Male,ME,18,55,6.3,41,37,47,1
Student_6979,Female,ECE,22,91,7.2,79,57,79,0
Student_6980,Female,IT,21,61,4.7,76,38,56,1
Student_6981,Female,CE,22,100,1.2,97,62,67,3
Student_6982,Male,CSE,19,87,3.6,96,75,71,4
Student_6983,Female,CSE,18,95,2.7,76,71,60,5
Student_6984,Female,ME,19,84,5.5,49,41,43,5
Student_6985,Female,CSE,22,59,4.6,51,35,38,4
Student_6986,Male,CE,23,58,3.5,56,68,59,1
Student_6987,Female,IT,23,72,5.5,85,86,82,1
Student_6988,Female,IT,21,79,5.1,65,44,60,1
Student_6989,Female,ECE,23,100,7.3,44,94,73,4
Student_6990,Male,IT,19,71,5.2,44,40,50,1
Student_6991,Male,ME,23,96,4.6,95,82,77,4
Student_6992,Female,CE,20,58,6.8,77,79,64,5
Student_6993,Male,ECE,18,68,2.4,86,46,50,4
Student_6994,Male,ME,22,57,2.7,66,55,43,5
Student_6995,Male,ME,21,53,6.5,44,70,58,2
Student_6996,Female,ME,19,54,4.1,100,57,56,5
Student_6997,Female,CSE,18,68,3.9,47,89,65,2
Student_6998,Male,ME,21,95,7.2,70,61,69,3
Student_6999,Male,CSE,19,67,5.3,72,54,58,3
Student_7000,Male,IT,23,78,6.6,60,49,51,5
Student_7001,Female,CSE,22,68,6.7,74,76,79,0
Student_7002,Female,ME,20,55,1.8,60,38,44,1
Student_7003,Male,CE,20,54,5.6,90,63,59,5
Student_7004,Male,CE,23,92,7.7,54,89,70,5
Student_7005,Male,IT,22,54,4.4,75,83,63,4
Student_7006,Male,ME,18,57,6.1,98,88,88,0
Student_7007,Female,CSE,22,76,5.0,96,67,74,2
Student_7008,Male,CE,23,86,2.4,41,71,50,4
Student_7009,Female,ECE,19,92,2.4,69,41,45,5
Student_7010,Male,ME,18,94,4.0,97,58,79,0
Student_7011,Male,ME,20,87,4.4,67,89,66,5
Student_7012,Male,ECE,23,86,4.5,56,45,55,2
Student_7013,Male,CE,19,67,7.7,83,78,75,3
Student_7014,Male,ECE,23,75,1.7,59,99,72,1
Student_7015,Female,IT,21,91,3.7,79,40,62,1
Student_7016,Male,CSE,21,65,4.6,68,65,68,0
Student_7017,Male,CSE,21,71,7.7,44,77,67,2
Student_7018,Male,CE,20,95,4.5,64,46,65,0
Student_7019,Female,ECE,22,72,6.4,49,99,75,2
Student_7020,Female,ME,18,96,6.2,58,86,77,2
Student_7021,Female,ME,20,52,5.0,100,64,73,1
Student_7022,Female,ME,19,52,1.9,80,89,64,3
Student_7023,Male,IT,19,61,2.5,87,73,63,3
Student_7024,Male,IT,21,72,2.7,40,40,35,4
Student_7025,Male,ME,18,96,1.3,86,90,77,2
Student_7026,Female,CE,21,60,3.7,73,42,55,1
Student_7027,Male,IT,19,91,5.3,96,89,87,2
Student_7028,Male,IT,19,96,2.0,53,50,44,5
Student_7029,Female,CSE,22,99,2.2,64,36,45,4
Student_7030,Female,CSE,22,95,5.9,65,98,74,5
Student_7031,Female,CE,22,78,2.2,60,45,53,1
Student_7032,Male,IT,21,55,1.9,55,38,40,2
Student_7033,Male,IT,23,95,7.8,49,37,55,3
Student_7034,Female,ECE,18,65,1.1,71,49,47,3
Student_7035,Male,CE,22,83,3.3,83,77,66,4
Student_7036,Female,CE,20,100,1.2,84,43,49,5
Student_7037,Female,ECE,22,86,6.9,59,59,63,3
Student_7038,Male,ECE,21,60,5.1,48,99,70,2
Student_7039,Female,CSE,18,60,1.3,99,100,72,4
Student_7040,Female,CE,22,74,5.3,97,89,75,5
Student_7041,Female,CE,18,68,1.9,73,79,70,0
Student_7042,Male,ECE,20,81,4.5,70,67,61,4
Student_7043,Female,ME,19,99,5.7,58,56,62,3
Student_7044,Female,ME,18,57,2.0,86,76,68,1
Student_7045,Female,CSE,23,61,4.5,70,61,54,4
Student_7046,Female,ME,22,90,4.2,69,45,59,2
Student_7047,Female,ME,21,84,7.4,86,76,72,5
Student_7048,Female,ME,23,55,8.0,63,56,56,4
Student_7049,Female,IT,23,70,5.6,72,43,55,3
Student_7050,Male,CSE,21,75,7.0,57,91,70,4
Student_7051,Male,ECE,21,50,5.5,60,65,59,2
Student_7052,Female,ME,21,66,7.1,70,52,63,2
Student_7053,Male,IT,23,84,4.0,78,46,57,3
Student_7054,Male,ME,18,76,5.3,81,74,73,2
Student_7055,Female,IT,21,99,6.9,100,79,86,3
Student_7056,Male,CSE,19,99,7.4,80,83,79,4
Student_7057,Female,ME,23,51,1.2,90,35,41,4
Student_7058,Female,IT,23,85,1.7,82,41,61,0
Student_7059,Female,CE,23,50,7.5,43,36,43,3
Student_7060,Female,CE,20,59,5.0,65,38,53,1
Student_7061,Female,IT,18,80,7.9,72,79,76,3
Student_7062,Male,ME,18,86,6.5,83,80,75,4
Student_7063,Female,ME,21,54,6.7,72,43,47,5
Student_7064,Male,CSE,23,90,3.7,88,91,76,4
Student_7065,Female,CSE,23,95,2.8,59,50,56,2
Student_7066,Female,ECE,21,62,5.2,80,85,80,0
Student_7067,Female,CSE,18,94,7.2,47,86,78,1
Student_7068,Male,ME,21,73,6.1,75,43,66,0
Student_7069,Female,ECE,21,76,4.3,47,40,44,3
Student_7070,Female,CSE,21,50,6.3,70,78,59,5
Student_7071,Female,IT,21,98,5.8,94,40,66,3
Student_7072,Female,CE,21,69,7.4,61,39,50,4
Student_7073,Male,CSE,22,57,2.8,81,80,67,2
Student_7074,Female,CSE,22,52,1.8,99,61,65,1
Student_7075,Male,IT,23,98,4.3,89,79,71,5
Student_7076,Female,ME,23,81,3.5,86,75,73,2
Student_7077,Male,IT,22,93,7.8,58,62,73,1
Student_7078,Male,CSE,18,74,1.1,59,88,54,5
Student_7079,Female,ME,20,74,7.5,62,66,74,0
Student_7080,Female,ECE,18,99,7.7,63,87,76,4
Student_7081,Male,CSE,23,63,1.4,82,64,59,2
Student_7082,Female,IT,22,92,7.2,63,87,77,3
Student_7083,Female,ECE,18,76,4.3,75,65,60,4
Student_7084,Female,CE,20,97,6.4,48,46,62,1
Student_7085,Male,ECE,21,81,1.6,79,43,45,5
Student_7086,Female,IT,19,76,7.7,55,71,63,4
Student_7087,Female,ECE,22,53,5.3,66,62,56,3
Student_7088,Female,IT,22,99,7.3,84,60,74,3
Student_7089,Male,CSE,20,88,5.7,76,55,70,1
Student_7090,Female,ME,21,60,4.8,52,44,42,4
Student_7091,Male,CE,21,97,2.2,90,58,68,2
Student_7092,Female,ME,19,97,2.2,41,59,47,4
Student_7093,Male,ME,21,52,4.3,51,86,59,3
Student_7094,Female,ME,20,74,7.1,80,35,52,5
Student_7095,Female,IT,23,73,1.8,72,87,71,1
Student_7096,Male,IT,21,58,8.0,62,58,69,0
Student_7097,Male,CE,23,57,7.1,98,61,79,0
Student_7098,Male,IT,23,88,3.7,100,61,64,5
Student_7099,Female,IT,20,80,2.8,53,99,65,4
Student_7100,Female,IT,22,66,7.5,78,73,71,3
Student_7101,Female,IT,22,92,1.9,88,70,64,4
Student_7102,Female,CSE,22,80,3.4,69,39,56,1
Student_7103,Male,CE,18,53,1.6,94,44,53,2
Student_7104,Female,IT,22,53,7.7,85,50,71,0
Student_7105,Female,CE,20,86,5.3,88,87,77,4
Student_7106,Female,ECE,19,57,3.4,73,48,50,3
Student_7107,Female,CSE,21,91,2.9,48,63,48,5
Student_7108,Female,IT,22,98,4.1,54,62,68,0
Student_7109,Female,CSE,18,55,1.6,63,51,53,0
Student_7110,Female,CSE,23,58,7.2,87,100,86,2
Student_7111,Male,ECE,18,91,4.6,80,70,67,4
Student_7112,Female,CE,20,57,6.1,99,80,79,2
Student_7113,Female,CSE,19,81,2.6,64,79,63,3
Student_7114,Female,ME,22,64,4.5,75,43,52,3
Student_7115,Female,ECE,22,67,2.5,71,70,55,4
Student_7116,Male,ME,18,72,6.7,86,39,69,0
Student_7117,Male,ECE,20,54,6.4,60,84,72,1
Student_7118,Male,ME,18,99,2.0,81,62,66,2
Student_7119,Male,ME,18,76,1.5,78,61,66,0
Student_7120,Male,CSE,19,82,6.8,45,81,60,5
Student_7121,Male,CSE,20,51,1.8,86,67,57,3
Student_7122,Female,ECE,19,91,4.8,64,72,66,3
Student_7123,Male,CE,20,87,4.7,41,42,55,0
Student_7124,Male,CSE,22,77,2.4,70,38,56,0
Student_7125,Female,CSE,21,73,5.1,95,70,66,5
Student_7126,Male,IT,23,100,4.5,69,65,66,3
Student_7127,Female,CSE,21,70,4.6,54,83,66,2
Student_7128,Female,CE,20,80,3.5,57,75,64,2
Student_7129,Male,IT,21,60,6.9,71,42,63,0
Student_7130,Female,ME,18,99,1.6,53,64,52,4
Student_7131,Male,ME,22,77,4.1,57,48,50,3
Student_7132,Male,IT,23,97,2.8,74,79,75,1
Student_7133,Female,IT,23,89,6.9,91,80,81,3
Student_7134,Female,IT,23,53,2.6,61,50,48,2
Student_7135,Male,ECE,22,92,6.4,53,44,58,2
Student_7136,Female,CE,21,91,5.3,77,86,83,1
Student_7137,Female,CE,23,65,7.1,53,84,70,2
Student_7138,Male,ME,23,61,5.2,73,36,55,1
Student_7139,Male,ME,20,71,4.9,61,94,73,2
Student_7140,Female,ME,18,84,6.6,55,84,65,5
Student_7141,Male,CSE,20,92,4.9,95,35,67,1
Student_7142,Male,ME,21,65,6.9,87,71,69,4
Student_7143,Male,IT,22,73,1.3,92,57,58,3
Student_7144,Male,ME,22,84,4.5,88,83,79,2
Student_7145,Male,IT,20,77,6.7,55,98,84,0
Student_7146,Male,ECE,19,91,6.9,55,51,65,1
Student_7147,Male,CSE,20,78,6.8,79,49,69,1
Student_7148,Female,CSE,19,70,5.2,77,85,78,1
Student_7149,Male,CE,20,97,8.0,57,61,70,2
Student_7150,Female,ECE,19,74,2.3,62,43,46,3
Student_7151,Female,IT,19,88,2.2,85,98,86,0
Student_7152,Female,ECE,23,80,1.2,87,97,80,1
Student_7153,Male,CSE,23,64,7.9,79,87,84,1
Student_7154,Male,IT,19,96,3.4,57,76,70,1
Student_7155,Female,ECE,19,91,6.3,85,69,68,5
Student_7156,Male,CSE,18,84,1.4,88,51,63,1
Student_7157,Female,IT,19,87,3.1,61,78,73,0
Student_7158,Male,IT,23,99,5.4,100,77,88,1
Student_7159,Male,CSE,19,71,4.7,93,78,67,5
Student_7160,Female,IT,22,54,2.5,79,72,68,0
Student_7161,Female,CSE,18,97,4.2,69,75,78,0
Student_7162,Female,ME,19,62,1.8,87,59,62,1
Student_7163,Male,ME,23,81,4.8,94,83,75,4
Student_7164,Female,IT,23,52,1.7,95,94,79,0
Student_7165,Male,IT,21,64,5.5,81,36,50,4
Student_7166,Male,CSE,23,76,2.1,81,99,83,0
Student_7167,Male,IT,18,76,4.8,92,37,52,5
Student_7168,Female,CE,23,79,1.9,57,48,49,2
Student_7169,Female,ME,22,55,3.8,92,79,74,1
Student_7170,Female,IT,20,74,3.5,57,68,60,2
Student_7171,Male,IT,22,77,6.3,80,70,80,0
Student_7172,Male,ECE,22,71,5.5,92,49,66,2
Student_7173,Female,IT,18,53,7.6,40,71,63,1
Student_7174,Male,CE,18,64,7.5,96,44,71,1
Student_7175,Male,ME,21,75,6.1,87,43,70,0
Student_7176,Female,ECE,23,67,6.4,81,84,84,0
Student_7177,Female,CSE,21,58,5.4,54,69,54,4
Student_7178,Female,CSE,18,53,5.8,44,80,58,3
Student_7179,Male,ME,23,97,5.3,66,81,76,2
Student_7180,Male,CSE,18,99,3.2,56,52,51,4
Student_7181,Male,CE,18,54,3.5,80,59,59,2
Student_7182,Male,IT,20,94,5.0,96,69,82,1
Student_7183,Male,ME,22,55,6.0,97,85,86,0
Student_7184,Female,ECE,21,100,3.8,97,89,86,2
Student_7185,Male,IT,21,61,2.0,96,50,56,3
Student_7186,Male,CSE,19,80,4.2,71,46,61,1
Student_7187,Male,CSE,20,96,7.7,77,93,79,5
Student_7188,Female,ECE,18,58,2.5,65,71,61,1
Student_7189,Female,CE,18,56,5.5,97,66,65,4
Student_7190,Female,ECE,20,78,7.9,41,91,71,3
Student_7191,Male,ME,23,63,3.6,67,56,59,1
Student_7192,Female,ECE,21,100,7.2,84,79,82,3
Student_7193,Female,CSE,18,69,7.0,62,46,64,0
Student_7194,Female,CE,19,97,3.4,89,39,53,5
Student_7195,Male,CE,21,81,1.7,59,60,52,3
Student_7196,Female,ECE,22,71,2.2,75,54,50,4
Student_7197,Male,ME,20,85,3.6,81,95,74,4
Student_7198,Male,CSE,21,93,7.7,94,42,73,2
Student_7199,Female,IT,22,67,2.9,61,96,60,5
Student_7200,Male,CE,19,89,7.5,99,88,97,0
Student_7201,Female,ECE,23,98,2.3,50,92,76,0
Student_7202,Male,ME,20,74,7.8,67,100,81,3
Student_7203,Female,ME,23,80,3.1,84,79,67,4
Student_7204,Female,CSE,18,84,5.4,99,99,84,4
Student_7205,Female,CE,23,75,1.5,97,39,50,4
Student_7206,Male,CSE,18,53,3.1,94,65,71,0
Student_7207,Female,IT,22,91,2.5,61,57,52,4
Student_7208,Male,IT,21,97,1.0,56,55,54,2
Student_7209,Female,IT,19,69,2.1,70,46,54,1
Student_7210,Male,ME,22,83,5.2,50,38,45,4
Student_7211,Male,CE,19,61,3.7,75,71,64,2
Student_7212,Female,CSE,23,65,6.1,53,43,52,2
Student_7213,Female,CSE,19,91,5.7,74,60,72,1
Student_7214,Female,IT,23,54,6.6,62,61,67,0
Student_7215,Female,CE,19,93,7.1,68,96,79,4
Student_7216,Female,CE,20,84,6.7,62,84,67,5
Student_7217,Male,ECE,22,93,4.1,83,36,60,2
Student_7218,Female,CE,20,76,3.2,99,60,69,2
Student_7219,Female,CE,21,50,4.5,98,80,77,1
Student_7220,Male,CSE,21,83,4.7,75,97,72,5
Student_7221,Female,CE,18,92,3.2,55,57,58,2
Student_7222,Female,CE,18,81,4.8,78,51,57,4
Student_7223,Male,CSE,18,93,1.7,59,98,78,0
Student_7224,Female,CE,21,88,2.6,64,63,61,2
Student_7225,Female,CSE,19,82,6.2,58,86,80,0
Student_7226,Female,ECE,23,80,2.3,65,58,57,2
Student_7227,Male,ME,19,62,2.0,71,69,59,2
Student_7228,Female,CSE,22,94,3.0,89,81,71,4
Student_7229,Male,CSE,21,51,3.6,60,85,69,0
Student_7230,Female,CE,23,79,3.3,48,36,36,5
Student_7231,Male,CSE,23,59,3.6,82,55,56,3
Student_7232,Female,IT,23,72,2.0,58,74,53,4
Student_7233,Male,IT,18,82,2.2,88,69,74,0
Student_7234,Male,ECE,23,88,2.7,96,78,83,0
Student_7235,Male,CSE,23,94,3.8,60,69,72,0
Student_7236,Male,CE,21,78,3.4,57,59,54,3
Student_7237,Male,CE,19,79,6.5,45,65,56,4
Student_7238,Male,ME,19,83,4.7,74,86,73,3
Student_7239,Female,ECE,20,88,5.0,53,69,65,2
Student_7240,Female,CE,20,66,4.9,48,57,57,1
Student_7241,Male,ME,22,71,3.8,74,83,68,3
Student_7242,Male,CE,21,54,7.9,41,50,52,2
Student_7243,Male,ME,20,60,1.3,90,92,69,3
Student_7244,Male,IT,20,71,2.5,45,84,66,0
Student_7245,Female,IT,21,81,3.0,74,98,80,1
Student_7246,Male,CE,19,73,7.2,96,86,89,1
Student_7247,Female,ECE,22,60,7.4,64,74,60,5
Student_7248,Female,CSE,22,60,6.9,48,88,69,2
Student_7249,Male,ECE,22,66,3.9,89,51,53,5
Student_7250,Male,ECE,20,81,7.4,70,38,58,3
Student_7251,Female,CSE,19,68,1.7,46,90,57,3
Student_7252,Female,IT,22,76,5.6,67,64,63,3
Student_7253,Male,IT,21,81,7.6,41,68,64,2
Student_7254,Male,CSE,22,74,6.3,40,78,61,3
Student_7255,Male,ME,18,77,2.9,76,99,80,1
Student_7256,Female,ECE,19,89,6.0,98,87,91,1
Student_7257,Female,CE,18,76,3.1,98,67,65,4
Student_7258,Male,IT,19,63,1.8,63,70,54,3
Student_7259,Female,CE,23,91,6.0,74,52,64,3
Student_7260,Female,CSE,21,88,2.3,46,85,55,5
Student_7261,Male,CE,23,51,1.8,77,91,70,1
Student_7262,Male,CE,20,66,4.9,98,78,80,1
Student_7263,Female,ECE,20,50,5.3,68,44,58,0
Student_7264,Female,CSE,23,94,1.4,40,73,62,0
Student_7265,Male,CE,19,81,1.0,99,90,71,4
Student_7266,Male,IT,22,68,7.2,94,83,86,1
Student_7267,Male,CSE,18,63,1.8,90,92,68,4
Student_7268,Male,IT,21,80,5.1,69,57,60,3
Student_7269,Male,ME,22,67,7.7,91,41,63,3
Student_7270,Female,CE,20,63,4.6,85,79,75,1
Student_7271,Female,CSE,22,96,2.0,71,89,74,2
Student_7272,Female,IT,23,63,3.8,49,89,58,4
Student_7273,Female,CE,23,73,5.4,73,72,70,2
Student_7274,Male,ECE,18,54,6.3,50,53,50,3
Student_7275,Male,IT,20,65,5.2,87,56,56,5
Student_7276,Male,IT,19,54,1.2,88,45,45,4
Student_7277,Female,ME,21,62,2.0,76,37,45,3
Student_7278,Female,ECE,23,65,3.6,93,53,69,0
Student_7279,Female,ME,21,64,5.9,66,41,57,1
Student_7280,Male,ECE,20,80,5.1,89,68,80,0
Student_7281,Female,IT,19,54,1.3,87,45,45,4
Student_7282,Male,ME,23,70,6.6,49,39,57,0
Student_7283,Male,CE,18,79,5.2,77,70,62,5
Student_7284,Male,ECE,21,72,7.2,61,39,50,4
Student_7285,Male,IT,20,87,3.9,63,90,74,2
Student_7286,Male,CSE,21,78,4.4,47,39,51,1
Student_7287,Male,ECE,19,62,3.8,45,61,51,2
Student_7288,Female,ECE,18,81,6.1,94,61,66,5
Student_7289,Male,CE,19,97,6.3,43,66,62,3
Student_7290,Male,ECE,23,91,6.1,44,49,60,1
Student_7291,Female,ECE,22,76,3.0,45,88,69,0
Student_7292,Male,CE,19,83,5.5,86,54,63,4
Student_7293,Female,CE,19,94,3.4,71,68,71,1
Student_7294,Female,ME,21,98,6.8,77,68,74,3
Student_7295,Female,IT,19,82,1.4,90,80,72,2
Student_7296,Male,IT,20,53,1.3,96,55,55,3
Student_7297,Male,ME,23,67,1.7,59,73,63,0
Student_7298,Female,IT,21,55,2.4,79,74,57,4
Student_7299,Male,ECE,21,77,1.3,84,78,62,4
Student_7300,Male,ME,22,93,1.5,75,70,72,0
Student_7301,Female,ME,23,76,3.1,93,89,72,4
Student_7302,Female,IT,20,75,1.7,88,84,75,1
Student_7303,Male,CSE,23,69,6.6,53,92,76,1
Student_7304,Female,IT,19,62,1.4,89,72,70,0
Student_7305,Female,CSE,22,77,7.4,86,58,79,0
Student_7306,Female,ME,20,83,7.1,93,93,86,3
Student_7307,Male,CSE,22,98,2.5,58,79,61,4
Student_7308,Male,ECE,23,72,1.5,50,60,41,5
Student_7309,Male,CE,18,59,1.7,78,99,72,2
Student_7310,Female,CSE,23,100,4.9,40,45,59,0
Student_7311,Male,CE,19,79,5.2,74,84,73,3
Student_7312,Female,ECE,22,71,3.2,58,92,74,0
Student_7313,Male,CE,18,54,3.1,99,68,73,0
Student_7314,Male,ECE,19,93,4.7,72,50,66,1
Student_7315,Female,CE,22,99,3.1,71,93,69,5
Student_7316,Male,CE,22,58,7.5,75,35,51,4
Student_7317,Female,IT,23,92,3.7,63,75,59,5
Student_7318,Male,CSE,22,53,2.5,82,62,65,0
Student_7319,Male,CE,22,91,2.0,46,49,43,4
Student_7320,Female,ME,21,50,5.4,46,80,57,3
Student_7321,Female,IT,22,83,3.3,85,66,75,0
Student_7322,Female,CSE,23,90,2.3,86,73,62,5
Student_7323,Male,IT,21,75,2.9,44,99,67,2
Student_7324,Male,CSE,21,67,3.2,53,45,38,5
Student_7325,Male,ECE,18,65,5.4,84,68,73,1
Student_7326,Female,CE,19,72,2.2,91,84,73,2
Student_7327,Female,ME,21,95,6.1,65,78,78,1
Student_7328,Female,IT,20,85,3.1,93,48,70,0
Student_7329,Male,IT,21,75,4.4,89,59,59,5
Student_7330,Male,IT,20,51,5.6,40,84,67,0
Student_7331,Female,IT,18,93,4.8,52,66,58,4
Student_7332,Male,CE,20,54,5.6,62,89,73,1
Student_7333,Female,CSE,18,78,3.3,100,59,66,3
Student_7334,Male,CE,18,53,7.7,59,86,72,2
Student_7335,Male,ECE,18,96,4.2,46,90,62,5
Student_7336,Female,CE,20,84,3.3,45,56,50,3
Student_7337,Male,CE,20,71,3.1,98,81,79,1
Student_7338,Male,ECE,18,98,1.3,48,85,61,3
Student_7339,Female,CE,18,57,5.8,67,100,80,1
Student_7340,Female,CSE,19,93,2.8,49,99,66,4
Student_7341,Male,ME,18,70,7.7,93,56,67,4
Student_7342,Female,ECE,22,57,2.5,74,75,59,3
Student_7343,Male,IT,19,54,4.7,46,81,57,3
Student_7344,Female,CSE,19,70,6.1,64,94,68,5
Student_7345,Male,ME,19,76,7.1,69,56,69,1
Student_7346,Male,CSE,22,87,2.1,82,38,49,4
Student_7347,Female,CSE,19,54,7.9,65,78,62,5
Student_7348,Male,IT,19,70,7.3,83,75,74,3
Student_7349,Male,ME,20,57,7.7,51,72,55,5
Student_7350,Female,CSE,23,71,7.0,52,51,61,1
Student_7351,Female,IT,20,67,7.1,93,51,72,1
Student_7352,Male,ECE,18,53,5.2,94,79,71,3
Student_7353,Female,IT,18,53,6.9,79,80,74,2
Student_7354,Female,CE,21,86,4.7,43,42,41,5
Student_7355,Male,IT,23,64,4.8,92,49,69,0
Student_7356,Male,IT,22,87,4.9,91,67,78,1
Student_7357,Female,IT,20,76,8.0,40,83,64,4
Student_7358,Female,CSE,18,70,1.7,45,44,33,5
Student_7359,Female,ME,22,97,6.6,94,96,99,0
Student_7360,Male,IT,19,95,2.9,41,89,69,1
Student_7361,Male,IT,22,95,3.5,93,92,75,5
Student_7362,Male,CE,20,97,1.6,85,97,80,2
Student_7363,Male,CE,23,53,3.5,66,45,55,0
Student_7364,Male,ECE,21,60,7.9,57,69,60,4
Student_7365,Male,ECE,20,68,3.8,81,38,60,0
Student_7366,Male,CE,23,68,5.7,68,100,70,5
Student_7367,Female,ME,18,76,1.8,92,67,64,3
Student_7368,Female,ECE,18,89,7.5,72,69,79,1
Student_7369,Male,ME,22,91,6.8,42,72,64,3
Student_7370,Male,CE,20,77,3.7,59,91,70,2
Student_7371,Male,ECE,18,54,3.4,43,67,57,0
Student_7372,Female,IT,19,97,4.0,57,78,66,3
Student_7373,Male,CE,19,74,3.8,47,87,65,2
Student_7374,Female,ECE,21,52,2.8,61,54,46,3
Student_7375,Female,ME,22,75,7.9,80,97,81,4
Student_7376,Female,ME,18,59,6.7,61,85,68,3
Student_7377,Female,ECE,21,73,2.9,58,48,54,1
Student_7378,Female,ME,19,78,7.9,67,69,64,5
Student_7379,Male,ECE,21,94,1.1,41,79,55,3
Student_7380,Male,ECE,21,56,4.1,48,67,51,3
Student_7381,Female,ME,18,93,5.0,74,95,79,3
Student_7382,Male,CSE,18,72,1.3,61,87,61,3
Student_7383,Female,IT,18,95,2.1,65,84,67,3
Student_7384,Female,CE,22,76,2.8,73,49,62,0
Student_7385,Male,IT,21,91,6.0,46,76,74,0
Student_7386,Male,CE,21,58,7.6,69,54,54,5
Student_7387,Male,CE,22,93,5.4,88,41,60,4
Student_7388,Male,IT,19,52,4.9,64,100,79,0
Student_7389,Male,ECE,20,62,4.8,88,57,65,2
Student_7390,Female,ME,19,55,3.5,48,70,57,1
Student_7391,Male,CSE,22,87,6.8,66,46,60,3
Student_7392,Male,CSE,21,70,4.8,40,57,49,3
Student_7393,Male,CSE,21,68,2.6,72,45,49,3
Student_7394,Female,IT,18,74,2.0,47,35,34,4
Student_7395,Male,IT,18,88,7.9,88,73,77,4
Student_7396,Female,ECE,21,53,1.1,71,65,54,2
Student_7397,Male,CSE,21,71,7.5,79,43,61,3
Student_7398,Male,ECE,23,54,2.5,58,90,57,4
Student_7399,Female,CSE,18,50,5.6,75,52,55,3
Student_7400,Male,IT,18,99,3.1,89,93,89,0
Student_7401,Male,ME,19,66,7.0,84,37,58,3
Student_7402,Female,ME,21,58,4.8,61,64,59,2
Student_7403,Male,ME,21,58,2.0,78,98,72,2
Student_7404,Female,ME,22,73,2.9,65,36,42,4
Student_7405,Female,CE,19,59,3.2,42,54,43,3
Student_7406,Female,CSE,20,69,7.2,85,63,72,2
Student_7407,Female,ME,20,66,6.4,48,43,57,0
Student_7408,Female,CE,20,62,6.8,74,38,51,4
Student_7409,Male,CE,23,78,1.4,46,74,61,0
Student_7410,Male,CE,18,85,5.1,54,89,73,2
Student_7411,Male,ECE,20,72,8.0,43,47,47,5
Student_7412,Female,ECE,22,76,6.5,76,40,55,4
Student_7413,Female,CE,18,67,1.8,67,60,52,3
Student_7414,Female,ME,18,67,5.8,48,75,54,5
Student_7415,Female,CSE,20,58,6.2,74,76,73,1
Student_7416,Male,IT,18,52,4.6,87,95,74,3
Student_7417,Male,ECE,19,56,1.6,87,96,69,3
Student_7418,Female,ME,19,64,1.2,90,55,64,0
Student_7419,Female,ME,20,79,7.6,64,65,67,3
Student_7420,Male,IT,22,58,2.8,48,77,59,1
Student_7421,Female,IT,18,90,3.7,100,55,65,4
Student_7422,Female,ME,21,76,6.6,91,63,68,4
Student_7423,Female,IT,20,85,5.8,72,89,70,5
Student_7424,Male,ME,23,67,7.8,56,92,79,1
Student_7425,Male,IT,18,80,1.6,51,58,57,0
Student_7426,Female,IT,20,66,5.9,48,79,56,5
Student_7427,Male,ME,20,55,1.6,93,43,56,1
Student_7428,Female,CE,22,88,1.0,44,100,60,4
Student_7429,Female,ME,21,74,1.8,100,36,47,5
Student_7430,Male,CSE,18,91,5.3,99,71,83,1
Student_7431,Female,IT,20,91,5.7,86,71,83,0
Student_7432,Female,ECE,20,87,4.1,65,80,62,5
Student_7433,Male,IT,18,87,1.3,84,40,52,3
Student_7434,Female,CSE,20,80,5.4,58,82,68,3
Student_7435,Female,ECE,20,100,1.6,74,42,50,4
Student_7436,Female,ECE,20,78,2.0,41,66,58,0
Student_7437,Male,ME,19,89,4.6,84,62,68,3
Student_7438,Female,CE,19,58,3.4,46,74,52,3
Student_7439,Male,ME,21,50,4.3,48,50,44,3
Student_7440,Female,ECE,22,65,5.4,61,91,72,2
Student_7441,Female,ECE,18,87,2.1,81,89,72,3
Student_7442,Female,CE,22,72,7.3,72,73,73,2
Student_7443,Female,IT,22,57,4.9,93,89,81,1
Student_7444,Male,CE,19,96,1.2,55,64,51,4
Student_7445,Male,ME,21,61,5.4,82,76,66,4
Student_7446,Female,IT,22,59,4.2,63,39,39,5
Student_7447,Female,ME,22,65,5.9,47,79,55,5
Student_7448,Female,CE,20,96,6.5,69,98,86,2
Student_7449,Female,IT,18,92,7.6,65,66,79,0
Student_7450,Female,CE,21,73,8.0,84,46,59,5
Student_7451,Female,CSE,18,88,4.8,87,100,78,5
Student_7452,Female,ECE,19,57,4.9,74,86,71,2
Student_7453,Female,IT,22,60,1.2,84,66,57,3
Student_7454,Male,ECE,22,90,7.1,56,69,61,5
Student_7455,Male,CSE,23,75,1.2,92,40,60,0
Student_7456,Male,IT,18,56,5.4,77,56,55,4
Student_7457,Female,ECE,19,64,1.7,49,81,60,1
Student_7458,Female,ECE,23,64,3.0,80,47,58,1
Student_7459,Female,IT,23,97,2.0,89,57,66,2
Student_7460,Male,ECE,20,52,2.0,56,78,47,5
Student_7461,Female,ECE,23,65,1.5,46,43,41,2
Student_7462,Male,IT,23,64,3.2,41,93,62,2
Student_7463,Female,ECE,20,74,4.0,50,64,57,2
Student_7464,Male,ECE,22,82,4.3,89,78,70,4
Student_7465,Male,ME,22,63,4.1,42,83,57,3
Student_7466,Male,ME,21,73,4.7,85,50,57,4
Student_7467,Female,CSE,23,60,7.0,59,87,75,1
Student_7468,Male,ME,18,52,5.4,52,36,48,1
Student_7469,Female,ME,22,58,1.1,62,76,59,1
Student_7470,Female,CSE,19,55,2.2,56,98,62,3
Student_7471,Female,ECE,18,80,3.4,68,42,51,3
Student_7472,Female,ECE,21,65,7.6,93,55,78,0
Student_7473,Female,ME,23,60,1.5,82,94,68,3
Student_7474,Male,CSE,20,99,6.0,78,68,79,1
Student_7475,Female,ECE,21,66,1.2,71,38,43,3
Student_7476,Female,CE,18,98,3.5,74,96,78,3
Student_7477,Female,IT,20,52,6.4,74,36,50,3
Student_7478,Female,IT,19,68,3.4,73,84,69,2
Student_7479,Female,IT,20,73,4.0,60,60,49,5
Student_7480,Male,ME,20,96,7.3,55,71,63,5
Student_7481,Male,IT,19,91,1.5,62,89,66,3
Student_7482,Female,IT,22,57,4.7,50,52,50,2
Student_7483,Male,CE,22,98,3.6,99,58,76,1
Student_7484,Male,ECE,20,85,7.7,53,64,73,0
Student_7485,Female,CE,20,89,6.6,42,51,52,4
Student_7486,Male,ME,21,51,1.9,46,76,43,5
Student_7487,Female,IT,22,72,7.5,79,46,71,0
Student_7488,Male,ECE,19,89,2.5,84,61,60,4
Student_7489,Male,IT,23,79,1.6,90,89,66,5
Student_7490,Male,IT,23,74,4.8,50,38,51,1
Student_7491,Female,ME,20,56,6.2,72,69,66,2
Student_7492,Male,IT,20,77,6.0,58,99,75,3
Student_7493,Male,CSE,23,90,4.7,84,63,71,2
Student_7494,Female,ECE,21,99,4.4,93,70,72,4
Student_7495,Female,ECE,21,66,7.8,88,68,67,5
Student_7496,Male,CSE,21,81,6.7,80,70,72,3
Student_7497,Female,ME,18,50,5.9,90,89,72,4
Student_7498,Male,IT,19,76,2.4,90,38,50,4
Student_7499,Male,IT,18,93,6.7,99,45,64,5
Student_7500,Female,ECE,20,85,6.2,62,93,76,3
Student_7501,Female,ME,21,98,7.9,62,37,68,0
Student_7502,Female,ME,21,56,1.9,68,46,53,0
Student_7503,Male,ME,23,52,6.0,45,55,42,5
Student_7504,Female,IT,23,79,7.9,78,56,62,5
Student_7505,Male,ME,21,50,4.2,44,52,40,4
Student_7506,Female,CSE,22,100,6.1,71,40,66,1
Student_7507,Male,CE,23,83,7.8,79,99,89,2
Student_7508,Female,ME,19,87,4.8,65,89,82,0
Student_7509,Male,CE,18,92,5.9,53,74,66,3
Student_7510,Female,IT,19,85,1.1,57,86,58,4
Student_7511,Male,ME,23,82,4.6,60,78,68,2
Student_7512,Female,ECE,21,92,2.8,98,96,76,5
Student_7513,Female,IT,20,65,1.9,64,63,55,2
Student_7514,Male,CSE,22,87,6.0,59,53,56,4
Student_7515,Female,CSE,23,60,1.3,63,62,52,2
Student_7516,Male,CE,19,57,7.3,42,53,56,1
Student_7517,Male,CE,20,50,4.6,61,65,51,4
Student_7518,Female,ECE,23,63,5.5,47,88,57,5
Student_7519,Male,ECE,21,79,2.8,85,96,79,2
Student_7520,Female,CSE,21,70,2.3,96,48,60,2
Student_7521,Female,ME,21,70,2.7,85,84,63,5
Student_7522,Male,CSE,21,83,2.6,68,93,79,0
Student_7523,Female,CSE,23,87,7.1,46,92,76,2
Student_7524,Male,ECE,22,75,6.5,45,43,52,2
Student_7525,Male,CE,22,90,7.0,98,91,97,0
Student_7526,Female,ECE,19,63,6.1,45,75,56,4
Student_7527,Female,ECE,23,89,5.5,51,61,68,0
Student_7528,Male,ECE,21,84,4.7,61,92,72,3
Student_7529,Male,CSE,22,91,2.9,86,92,77,3
Student_7530,Female,ME,23,67,5.9,65,58,64,1
Student_7531,Female,CSE,20,69,2.0,64,96,69,2
Student_7532,Female,IT,22,58,4.6,58,37,38,5
Student_7533,Female,ECE,22,90,2.4,75,85,70,3
Student_7534,Male,ECE,19,100,4.5,74,91,75,4
Student_7535,Female,IT,22,94,3.1,52,54,50,4
Student_7536,Male,ECE,20,82,1.4,64,79,55,5
Student_7537,Male,ECE,21,98,4.5,87,40,61,3
Student_7538,Female,ECE,18,53,2.3,84,67,67,0
Student_7539,Male,IT,19,53,2.1,71,77,51,5
Student_7540,Female,CSE,20,97,3.7,69,84,78,1
Student_7541,Male,ECE,19,65,3.5,60,61,62,0
Student_7542,Female,ME,23,96,7.1,81,64,80,1
Student_7543,Male,IT,21,75,5.0,84,52,56,5
Student_7544,Male,CE,22,55,7.0,79,64,65,3
Student_7545,Female,IT,23,86,2.0,83,49,65,0
Student_7546,Female,CSE,22,71,3.5,47,96,64,3
Student_7547,Male,IT,20,91,4.9,80,55,71,1
Student_7548,Male,CE,21,88,2.1,81,46,52,4
Student_7549,Female,ME,18,56,1.9,46,83,47,5
Student_7550,Male,CE,18,91,5.6,42,35,56,0
Student_7551,Female,IT,22,79,5.6,76,89,76,3
Student_7552,Male,CE,23,59,2.6,42,59,50,1
Student_7553,Female,IT,21,64,2.6,57,81,55,4
Student_7554,Male,ME,21,55,6.2,90,73,79,0
Student_7555,Female,ME,20,73,1.8,99,61,69,1
Student_7556,Female,CSE,23,51,7.5,81,84,83,0
Student_7557,Male,ME,18,89,7.6,48,89,83,0
Student_7558,Female,ECE,20,64,7.1,96,62,74,2
Student_7559,Male,CE,19,70,2.5,63,91,65,3
Student_7560,Female,CE,21,67,1.1,46,50,43,2
Student_7561,Female,IT,18,54,7.6,72,90,83,0
Student_7562,Female,ME,20,74,3.4,64,69,65,1
Student_7563,Male,CSE,22,85,3.2,81,62,63,3
Student_7564,Female,CSE,19,59,2.8,73,80,68,1
Student_7565,Male,CSE,20,100,2.7,77,50,65,1
Student_7566,Female,ECE,22,95,6.1,97,83,78,5
Student_7567,Male,ME,18,72,7.4,60,56,57,4
Student_7568,Male,CSE,18,73,6.5,77,52,71,0
Student_7569,Male,ECE,19,94,5.7,95,56,78,1
Student_7570,Female,CE,22,59,3.0,79,50,61,0
Student_7571,Male,IT,21,55,4.8,97,90,79,2
Student_7572,Female,ME,18,62,2.7,57,37,34,5
Student_7573,Male,ME,23,70,1.8,78,87,60,5
Student_7574,Male,CE,21,81,1.8,89,69,68,2
Student_7575,Male,ME,21,92,5.2,72,55,69,1
Student_7576,Male,ME,20,64,1.3,67,99,60,5
Student_7577,Female,ME,20,51,7.8,95,91,90,0
Student_7578,Male,ME,18,64,8.0,64,81,68,4
Student_7579,Male,ECE,21,100,2.0,53,68,58,3
Student_7580,Female,ECE,20,66,4.0,94,82,76,2
Student_7581,Male,IT,22,69,6.4,59,73,67,2
Student_7582,Male,ME,22,99,7.7,78,64,72,4
Student_7583,Male,CE,22,55,7.2,59,84,73,1
Student_7584,Male,CSE,22,64,2.8,46,50,46,2
Student_7585,Female,IT,21,66,1.6,43,37,38,2
Student_7586,Female,CSE,22,75,3.0,70,95,71,3
Student_7587,Male,CSE,21,71,4.1,69,36,45,4
Student_7588,Female,ME,18,58,3.5,96,60,59,4
Student_7589,Female,CE,18,61,6.4,76,52,68,0
Student_7590,Male,CSE,22,71,2.8,94,100,76,4
Student_7591,Female,CSE,22,72,7.0,98,74,72,5
Student_7592,Male,IT,22,86,2.6,95,37,56,3
Student_7593,Female,CE,18,63,3.5,60,51,43,5
Student_7594,Female,CE,20,73,4.1,40,58,46,4
Student_7595,Female,CSE,18,57,3.0,91,36,59,0
Student_7596,Male,CE,22,75,6.4,42,74,61,3
Student_7597,Female,IT,20,81,3.9,52,60,57,2
Student_7598,Male,IT,20,77,7.2,46,91,77,1
Student_7599,Male,IT,19,81,7.7,45,83,72,2
Student_7600,Female,ME,21,71,7.0,45,91,78,0
Student_7601,Male,CSE,22,98,4.7,73,90,77,3
Student_7602,Female,CE,21,58,4.6,71,55,58,2
Student_7603,Male,IT,19,52,2.5,55,50,51,0
Student_7604,Male,CSE,21,74,5.1,77,40,49,5
Student_7605,Female,CSE,22,88,7.7,47,68,68,2
Student_7606,Female,ME,19,61,1.6,60,93,67,1
Student_7607,Female,CE,21,78,6.3,96,75,72,5
Student_7608,Female,CE,18,52,7.1,50,53,54,2
Student_7609,Male,IT,20,90,7.9,89,63,79,2
Student_7610,Male,IT,19,95,3.3,62,66,64,2
Student_7611,Male,CSE,18,72,3.5,45,44,52,0
Student_7612,Female,CE,22,72,2.6,85,98,75,3
Student_7613,Male,CE,20,67,6.5,54,54,52,4
Student_7614,Female,IT,19,60,2.0,50,62,55,0
Student_7615,Male,ECE,20,85,2.9,66,61,52,5
Student_7616,Female,CSE,23,75,3.1,54,59,49,4
Student_7617,Male,CE,23,57,3.6,84,63,54,5
Student_7618,Male,ME,19,77,4.0,77,49,54,4
Student_7619,Female,ME,19,67,4.9,43,79,61,2
Student_7620,Male,ECE,21,62,7.6,53,79,60,5
Student_7621,Female,IT,20,85,2.7,84,64,70,1
Student_7622,Male,IT,23,91,6.5,49,72,62,4
Student_7623,Male,IT,23,89,5.7,96,94,80,5
Student_7624,Female,ME,20,93,1.8,93,66,61,5
Student_7625,Female,IT,23,100,6.7,68,84,75,4
Student_7626,Male,ME,18,61,1.6,51,69,52,2
Student_7627,Male,ECE,23,71,6.2,95,39,67,1
Student_7628,Male,CSE,23,51,6.0,79,65,65,2
Student_7629,Male,CE,22,89,5.8,59,87,69,4
Student_7630,Male,ECE,18,77,2.9,76,35,42,5
Student_7631,Male,ME,21,62,5.0,41,99,74,0
Student_7632,Female,ECE,19,82,6.3,59,49,51,5
Student_7633,Female,CE,23,52,5.5,51,86,59,4
Student_7634,Female,CSE,21,83,6.6,77,72,81,0
Student_7635,Male,CE,21,72,5.8,69,58,60,3
Student_7636,Male,ME,18,81,2.9,86,57,67,1
Student_7637,Male,CE,19,69,2.1,57,81,52,5
Student_7638,Female,ECE,22,77,5.4,89,41,60,3
Student_7639,Female,IT,21,57,6.3,49,65,58,2
Student_7640,Male,ECE,22,52,2.0,46,41,32,4
Student_7641,Male,ME,19,79,2.2,81,38,50,3
Student_7642,Female,CSE,19,74,1.1,44,88,62,1
Student_7643,Female,CE,18,79,4.7,87,86,85,0
Student_7644,Female,CSE,20,78,4.8,68,82,78,0
Student_7645,Male,ME,23,96,4.5,90,100,89,2
Student_7646,Male,CE,18,79,3.2,74,88,73,2
Student_7647,Male,ECE,22,83,4.0,78,88,71,4
Student_7648,Female,ECE,18,74,6.4,90,79,77,3
Student_7649,Female,ME,19,66,2.3,51,74,50,4
Student_7650,Male,CE,21,73,2.4,49,69,61,0
Student_7651,Male,ECE,23,87,5.7,76,58,74,0
Student_7652,Female,ME,23,77,7.1,100,69,72,5
Student_7653,Male,ME,20,82,3.4,41,71,54,3
Student_7654,Female,CSE,19,85,7.5,42,68,59,4
Student_7655,Female,ECE,23,100,1.4,53,58,55,2
Student_7656,Male,CE,23,56,1.8,86,38,46,3
Student_7657,Female,ECE,21,72,4.2,59,84,59,5
Student_7658,Male,ECE,22,95,6.1,84,58,73,2
Student_7659,Female,ECE,22,75,3.6,88,70,67,3
Student_7660,Female,ME,22,63,4.9,91,69,71,2
Student_7661,Male,IT,18,91,1.2,43,63,55,1
Student_7662,Female,IT,22,77,4.2,90,70,78,0
Student_7663,Male,CSE,22,73,2.7,65,45,42,5
Student_7664,Male,ECE,18,56,4.6,86,89,72,3
Student_7665,Female,IT,21,97,4.7,54,83,63,5
Student_7666,Male,CSE,19,85,6.3,48,91,77,1
Student_7667,Male,ME,23,88,4.8,42,89,66,3
Student_7668,Male,ECE,20,64,5.3,41,90,71,0
Student_7669,Male,CE,23,98,4.7,78,38,52,5
Student_7670,Male,ME,22,52,7.9,80,59,73,0
Student_7671,Male,CSE,22,97,6.5,93,36,68,2
Student_7672,Female,ME,23,51,6.3,69,53,49,5
Student_7673,Male,CE,23,56,5.4,76,42,61,0
Student_7674,Female,ME,22,65,4.7,56,98,63,5
Student_7675,Female,CSE,18,70,3.4,42,40,34,5
Student_7676,Male,CE,18,58,6.5,48,48,58,0
Student_7677,Female,CE,18,61,2.3,47,91,67,0
Student_7678,Female,ME,20,78,1.3,48,64,46,4
Student_7679,Male,CE,19,73,5.9,95,42,59,4
Student_7680,Male,ME,22,82,2.0,56,48,56,0
Student_7681,Male,ECE,21,63,7.3,63,82,63,5
Student_7682,Female,CE,23,92,6.4,47,62,55,5
Student_7683,Female,ME,23,67,5.2,92,40,55,4
Student_7684,Male,ECE,22,54,3.2,53,64,49,3
Student_7685,Male,CE,22,64,5.5,93,38,51,5
Student_7686,Female,ECE,22,56,4.3,55,44,50,1
Student_7687,Female,CE,23,74,3.0,57,61,59,1
Student_7688,Female,CSE,22,63,7.6,88,79,73,4
Student_7689,Female,CSE,23,89,2.1,63,69,65,1
Student_7690,Male,ME,19,85,6.3,78,47,59,4
Student_7691,Female,IT,21,84,6.6,91,89,86,2
Student_7692,Female,CSE,18,93,7.7,86,77,75,5
Student_7693,Female,IT,21,99,4.8,66,77,80,0
Student_7694,Female,ECE,22,73,4.7,67,74,70,1
Student_7695,Male,ECE,21,64,7.4,46,65,67,0
Student_7696,Male,IT,22,60,6.6,73,37,58,1
Student_7697,Female,ME,21,73,6.3,66,51,58,3
Student_7698,Female,CE,20,60,6.5,73,73,67,3
Student_7699,Male,IT,21,93,4.5,78,100,79,4
Student_7700,Male,IT,18,100,1.3,58,53,61,0
Student_7701,Female,IT,18,66,2.4,45,56,41,4
Student_7702,Female,IT,21,55,5.5,69,42,53,2
Student_7703,Male,IT,23,70,3.8,67,52,50,4
Student_7704,Male,ME,23,57,5.2,51,40,38,5
Student_7705,Male,CSE,23,64,4.9,54,38,39,5
Student_7706,Male,CE,21,81,4.1,84,75,67,4
Student_7707,Male,CSE,23,59,2.6,78,85,62,4
Student_7708,Male,IT,19,77,6.0,78,46,66,1
Student_7709,Female,CSE,21,64,7.4,54,71,69,1
Student_7710,Male,ME,18,61,6.4,97,36,62,2
Student_7711,Male,ECE,23,92,1.8,75,37,59,0
Student_7712,Male,CSE,20,67,4.8,42,79,58,3
Student_7713,Male,CE,23,86,6.8,40,73,72,0
Student_7714,Female,ME,18,93,5.1,46,88,68,3
Student_7715,Female,ECE,19,73,4.1,48,52,55,1
Student_7716,Male,ME,21,86,3.0,40,47,42,4
Student_7717,Female,IT,23,78,3.3,44,48,39,5
Student_7718,Female,ECE,20,59,2.7,86,75,67,2
Student_7719,Female,CE,18,63,2.4,75,74,63,2
Student_7720,Female,ECE,20,65,5.1,49,82,55,5
Student_7721,Female,CE,22,86,4.6,41,44,50,2
Student_7722,Female,IT,18,60,6.1,62,88,78,0
Student_7723,Male,CE,22,100,3.2,78,69,74,1
Student_7724,Male,ME,20,75,4.2,68,58,64,1
Student_7725,Male,CSE,21,89,5.8,95,83,79,4
Student_7726,Male,ME,21,68,7.7,58,76,61,5
Student_7727,Male,ME,21,67,3.4,77,84,61,5
Student_7728,Female,ECE,22,79,3.1,86,55,69,0
Student_7729,Male,IT,21,81,4.1,59,62,54,4
Student_7730,Male,CSE,19,72,6.1,51,89,68,3
Student_7731,Female,CE,18,61,7.7,50,61,64,1
Student_7732,Female,ECE,18,62,4.8,74,40,54,2
Student_7733,Male,IT,20,70,6.7,91,92,76,5
Student_7734,Female,CSE,23,70,4.3,99,40,56,4
Student_7735,Female,ME,22,78,1.3,88,94,73,3
Student_7736,Female,IT,18,78,7.3,46,53,59,2
Student_7737,Female,IT,22,99,3.0,62,95,76,2
Student_7738,Male,IT,20,76,2.0,94,51,55,4
Student_7739,Female,ME,21,78,8.0,89,83,79,4
Student_7740,Male,CE,23,64,3.4,56,37,39,4
Student_7741,Male,ECE,20,96,2.0,87,68,73,1
Student_7742,Female,CE,19,61,3.2,96,96,70,5
Student_7743,Female,CSE,21,90,4.6,41,94,62,5
Student_7744,Female,ECE,21,68,1.6,44,68,57,0
Student_7745,Male,CSE,21,61,3.5,60,63,47,5
Student_7746,Female,ME,20,72,5.7,52,94,67,4
Student_7747,Female,CE,19,54,7.4,100,78,71,5
Student_7748,Female,IT,23,75,3.8,50,49,54,1
Student_7749,Female,ECE,22,59,5.0,63,79,72,0
Student_7750,Female,IT,20,71,5.5,72,43,55,3
Student_7751,Male,CSE,18,88,1.5,66,69,68,0
Student_7752,Female,IT,18,72,3.4,94,44,64,1
Student_7753,Female,IT,20,60,5.8,74,72,71,1
Student_7754,Female,ME,22,77,6.1,57,63,54,5
Student_7755,Male,ME,18,80,3.5,60,80,73,0
Student_7756,Female,CE,22,57,1.0,43,79,57,0
Student_7757,Male,CSE,21,88,1.0,100,87,69,5
Student_7758,Male,ME,20,97,4.8,80,36,64,1
Student_7759,Female,ME,21,77,4.9,71,38,58,1
Student_7760,Female,CE,18,65,4.9,82,53,59,3
Student_7761,Female,ECE,22,95,6.1,88,45,72,1
Student_7762,Male,CE,21,96,7.4,50,66,72,1
Student_7763,Male,IT,18,80,7.9,42,48,57,2
Student_7764,Male,IT,19,90,5.9,90,83,84,2
Student_7765,Male,ME,21,97,4.6,91,59,73,2
Student_7766,Male,ME,19,65,2.0,94,48,52,4
Student_7767,Male,CE,19,54,3.7,60,73,50,5
Student_7768,Female,CE,23,84,5.0,82,46,57,4
Student_7769,Female,CSE,18,74,8.0,97,83,90,1
Student_7770,Male,IT,20,62,1.9,53,52,46,2
Student_7771,Female,CE,22,78,6.6,45,35,41,5
Student_7772,Female,ECE,18,76,8.0,90,38,64,3
Student_7773,Male,CSE,23,89,6.6,92,46,68,3
Student_7774,Male,CE,23,66,6.4,68,60,61,3
Student_7775,Female,ME,21,86,2.8,70,66,67,1
Student_7776,Male,CE,22,87,1.0,86,86,64,5
Student_7777,Male,ME,23,78,2.6,67,49,54,2
Student_7778,Female,ME,20,83,6.5,82,42,68,1
Student_7779,Male,IT,18,79,1.8,89,64,68,1
Student_7780,Female,IT,20,80,3.1,75,88,70,3
Student_7781,Female,CE,21,71,4.9,67,42,54,2
Student_7782,Female,CE,18,95,5.1,58,97,73,4
Student_7783,Female,ECE,21,74,4.8,42,51,57,0
Student_7784,Female,CSE,22,53,7.9,51,50,58,1
Student_7785,Male,CSE,22,84,1.1,75,79,67,2
Student_7786,Male,CE,20,90,4.4,63,44,63,0
Student_7787,Male,IT,20,99,4.5,51,53,65,0
Student_7788,Male,ECE,22,93,3.1,63,73,60,4
Student_7789,Female,CSE,19,58,4.7,40,84,54,4
Student_7790,Female,CE,22,75,5.7,67,94,81,1
Student_7791,Male,IT,18,76,5.7,55,66,66,1
Student_7792,Female,IT,21,76,1.6,60,98,69,2
Student_7793,Male,IT,22,67,6.6,69,58,58,4
Student_7794,Male,ME,22,79,7.5,73,62,62,5
Student_7795,Male,IT,23,94,1.9,65,57,52,4
Student_7796,Female,CE,21,95,3.9,93,97,78,5
Student_7797,Female,ECE,23,80,4.6,74,90,77,2
Student_7798,Female,CE,21,91,1.9,70,100,68,5
Student_7799,Female,IT,18,52,4.5,99,72,65,4
Student_7800,Male,ECE,21,78,2.4,55,62,52,3
Student_7801,Female,CSE,20,56,7.5,97,60,79,0
Student_7802,Female,CSE,22,67,4.1,81,94,74,3
Student_7803,Female,CE,21,65,8.0,68,94,87,0
Student_7804,Male,ECE,18,98,1.3,68,89,63,5
Student_7805,Male,CE,21,81,1.9,48,59,52,2
Student_7806,Female,ECE,22,87,4.1,53,55,57,2
Student_7807,Female,ECE,19,74,7.1,96,59,81,0
Student_7808,Female,CE,21,93,4.9,47,92,79,0
Student_7809,Female,ECE,20,81,6.1,41,72,69,0
Student_7810,Male,IT,22,68,4.0,50,80,68,0
Student_7811,Female,ECE,18,52,1.3,41,38,37,1
Student_7812,Female,ECE,22,84,5.5,98,53,66,4
Student_7813,Female,CE,23,99,5.4,86,96,82,4
Student_7814,Male,CSE,19,78,1.5,57,58,52,2
Student_7815,Male,ME,18,60,2.2,44,89,62,1
Student_7816,Female,ECE,19,55,4.3,99,59,72,0
Student_7817,Female,ME,19,68,4.1,97,99,87,1
Student_7818,Female,ECE,20,86,6.3,96,46,77,0
Student_7819,Female,CE,21,94,3.7,46,59,48,5
Student_7820,Female,CE,20,76,5.6,62,55,55,4
Student_7821,Male,ECE,20,54,5.9,58,53,61,0
Student_7822,Male,CE,23,75,5.5,58,86,62,5
Student_7823,Male,CE,20,84,5.2,97,88,79,4
Student_7824,Female,ECE,18,68,6.6,87,69,80,0
Student_7825,Male,CSE,21,66,5.6,58,37,41,5
Student_7826,Male,ECE,21,84,6.8,88,67,77,2
Student_7827,Male,CSE,18,96,5.5,84,41,59,4
Student_7828,Female,CE,20,98,2.1,99,61,62,5
Student_7829,Female,CSE,20,62,3.2,79,35,50,2
Student_7830,Male,CE,19,63,3.3,67,74,65,1
Student_7831,Female,CSE,19,79,1.7,50,52,54,0
Student_7832,Male,CSE,23,97,5.8,89,69,82,1
Student_7833,Male,ECE,22,92,5.2,50,73,73,0
Student_7834,Male,CSE,19,66,5.1,94,45,57,4
Student_7835,Male,CE,21,86,4.3,48,79,71,0
Student_7836,Female,ECE,18,64,4.8,53,37,38,5
Student_7837,Female,CSE,20,67,1.1,73,86,62,3
Student_7838,Female,ECE,22,97,1.7,68,94,71,3
Student_7839,Female,ME,19,63,5.8,88,92,78,3
Student_7840,Male,ECE,22,63,2.8,60,88,65,2
Student_7841,Female,ME,18,94,1.8,87,68,66,3
Student_7842,Male,ME,18,82,3.3,97,62,76,0
Student_7843,Female,ECE,22,87,2.8,44,95,71,1
Student_7844,Female,CE,22,60,1.2,72,100,70,2
Student_7845,Female,CE,23,60,3.9,48,100,62,4
Student_7846,Male,CE,22,97,1.2,42,71,56,2
Student_7847,Male,IT,20,75,1.0,53,50,37,5
Student_7848,Male,ME,21,52,6.5,57,79,57,5
Student_7849,Male,ECE,19,74,3.2,51,49,53,1
Student_7850,Female,CE,19,66,5.0,62,38,48,3
Student_7851,Male,CE,19,71,3.1,53,57,56,1
Student_7852,Male,ECE,22,78,7.5,99,50,74,2
Student_7853,Female,ME,22,95,6.1,55,87,76,2
Student_7854,Female,ECE,23,75,3.6,76,44,56,2
Student_7855,Male,IT,22,83,2.5,59,68,63,1
Student_7856,Female,IT,23,75,2.0,59,52,57,0
Student_7857,Male,ECE,23,58,6.3,54,87,75,0
Student_7858,Female,ME,20,89,4.2,80,50,55,5
Student_7859,Male,CE,20,60,2.6,64,96,65,3
Student_7860,Male,IT,20,56,7.4,56,86,62,5
Student_7861,Male,IT,20,79,3.7,51,91,62,4
Student_7862,Male,ME,18,51,4.8,84,98,81,1
Student_7863,Male,IT,20,79,7.0,81,57,76,0
Student_7864,Female,IT,20,53,6.8,78,74,68,3
Student_7865,Male,ME,20,63,5.5,98,48,60,4
Student_7866,Male,ECE,23,62,7.2,95,52,67,3
Student_7867,Male,CE,19,74,7.7,92,70,76,3
Student_7868,Male,CE,19,62,7.5,46,73,55,5
Student_7869,Male,IT,19,62,3.4,47,75,48,5
Student_7870,Female,CE,21,86,3.8,63,35,45,4
Student_7871,Female,ECE,18,93,2.7,86,76,74,2
Student_7872,Male,IT,23,55,6.9,64,58,67,0
Student_7873,Female,CE,22,75,1.9,60,99,76,0
Student_7874,Male,CSE,23,63,3.5,89,52,55,4
Student_7875,Female,CSE,20,57,1.1,93,48,60,0
Student_7876,Female,CSE,19,73,5.2,72,53,64,1
Student_7877,Male,CSE,23,71,5.6,49,41,53,1
Student_7878,Female,CSE,18,89,2.7,61,98,77,1
Student_7879,Female,IT,20,88,6.2,58,36,49,4
Student_7880,Male,ME,21,98,3.7,68,41,48,5
Student_7881,Male,ME,22,70,3.2,42,62,48,3
Student_7882,Female,IT,20,92,7.7,78,64,73,3
Student_7883,Female,IT,22,75,5.1,43,70,60,2
Student_7884,Female,ECE,23,59,2.8,76,56,56,2
Student_7885,Male,ME,20,62,7.9,70,61,70,1
Student_7886,Female,CSE,21,91,3.7,45,44,53,1
Student_7887,Female,IT,23,63,5.5,67,56,54,4
Student_7888,Female,CSE,18,58,6.1,49,57,58,1
Student_7889,Male,ME,22,56,4.0,51,86,65,1
Student_7890,Male,CE,22,88,4.8,85,76,80,1
Student_7891,Male,CE,18,80,2.7,93,75,79,0
Student_7892,Male,IT,22,99,4.3,41,82,64,3
Student_7893,Female,ECE,23,65,3.2,42,85,66,0
Student_7894,Male,CSE,19,57,4.8,40,35,32,5
Student_7895,Female,IT,18,97,5.7,74,90,86,1
Student_7896,Female,ECE,21,100,5.3,63,58,69,1
Student_7897,Female,CSE,20,64,6.4,86,49,71,0
Student_7898,Female,ME,20,74,1.3,87,78,74,0
Student_7899,Male,CE,18,96,1.6,91,83,70,4
Student_7900,Male,ECE,19,87,2.4,73,83,65,4
Student_7901,Male,CSE,23,90,7.9,59,71,76,1
Student_7902,Male,IT,21,64,6.6,55,76,72,0
Student_7903,Male,CSE,20,74,7.5,69,93,72,5
Student_7904,Female,IT,20,56,2.9,86,44,48,4
Student_7905,Male,CE,23,75,5.0,78,87,77,2
Student_7906,Male,CE,19,57,4.9,64,76,70,0
Student_7907,Male,CSE,22,67,5.0,44,42,44,3
Student_7908,Male,CSE,18,70,6.0,68,58,63,2
Student_7909,Female,IT,19,65,3.8,76,85,71,2
Student_7910,Female,IT,19,96,5.7,67,94,73,5
Student_7911,Female,ECE,19,52,6.5,92,55,73,0
Student_7912,Female,ECE,19,50,3.0,97,87,64,5
Student_7913,Female,ECE,22,62,7.6,80,40,64,1
Student_7914,Male,CSE,23,81,4.6,62,65,61,3
Student_7915,Female,ECE,21,61,6.1,71,46,52,4
Student_7916,Female,CSE,19,80,6.1,85,47,57,5
Student_7917,Female,CE,19,90,5.0,90,83,76,4
Student_7918,Male,ME,18,51,3.3,57,65,56,1
Student_7919,Male,CE,20,90,5.7,80,43,61,3
Student_7920,Female,CSE,22,57,1.6,74,61,46,5
Student_7921,Male,CSE,19,74,7.9,100,87,86,3
Student_7922,Male,ME,21,54,2.3,82,85,67,2
Student_7923,Female,IT,21,94,2.9,63,61,61,2
Student_7924,Male,IT,21,51,7.7,86,74,72,3
Student_7925,Male,IT,18,91,2.3,67,96,66,5
Student_7926,Male,ECE,21,87,2.2,75,92,66,5
Student_7927,Female,IT,23,88,6.6,60,49,53,5
Student_7928,Female,ECE,18,52,2.8,95,73,73,0
Student_7929,Female,ECE,22,95,1.7,44,42,37,5
Student_7930,Male,IT,21,97,2.6,65,69,71,0
Student_7931,Female,IT,20,87,7.2,89,97,97,0
Student_7932,Male,ME,19,71,3.0,93,65,65,3
Student_7933,Male,ME,22,89,5.9,62,76,66,4
Student_7934,Male,ECE,23,82,3.8,83,100,88,0
Student_7935,Female,ME,20,81,2.8,72,75,61,4
Student_7936,Female,ECE,22,96,2.0,65,35,56,0
Student_7937,Female,CSE,23,66,7.8,96,67,75,3
Student_7938,Female,ECE,21,67,4.6,61,71,69,0
Student_7939,Male,ECE,22,52,1.8,59,91,53,5
Student_7940,Female,ME,22,55,2.4,41,45,34,4
Student_7941,Male,CSE,22,98,3.9,80,81,80,1
Student_7942,Female,CE,18,62,4.8,93,100,74,5
Student_7943,Female,CE,20,80,2.3,96,38,52,4
Student_7944,Female,CE,23,66,2.9,57,89,68,1
Student_7945,Male,CSE,21,70,6.5,44,46,43,5
Student_7946,Male,IT,19,65,3.9,93,100,76,4
Student_7947,Male,CSE,21,66,1.0,71,71,49,5
Student_7948,Male,ME,21,81,1.4,85,57,52,5
Student_7949,Male,ECE,18,50,4.1,50,89,68,0
Student_7950,Female,ECE,18,97,1.4,60,53,61,0
Student_7951,Male,ME,22,87,2.2,61,57,50,4
Student_7952,Male,ME,21,57,6.1,42,38,51,0
Student_7953,Male,ECE,20,50,4.4,48,52,54,0
Student_7954,Male,IT,18,51,4.4,41,46,40,3
Student_7955,Female,IT,23,96,5.2,85,69,76,2
Student_7956,Male,IT,18,86,6.5,67,61,68,2
Student_7957,Female,ME,20,73,2.1,73,77,56,5
Student_7958,Female,ECE,18,76,2.2,92,98,74,4
Student_7959,Female,ECE,20,69,1.8,98,86,75,2
Student_7960,Male,ECE,19,96,7.6,49,51,66,1
Student_7961,Female,CSE,20,70,5.0,58,67,56,4
Student_7962,Male,CSE,19,91,1.6,68,86,64,4
Student_7963,Male,CE,23,86,2.5,100,69,76,1
Student_7964,Male,CSE,22,84,6.1,41,54,56,2
Student_7965,Male,IT,22,87,1.2,87,79,74,1
Student_7966,Male,IT,18,64,6.1,45,84,72,0
Student_7967,Female,IT,20,99,7.4,83,92,84,4
Student_7968,Female,IT,18,95,1.4,93,64,66,3
Student_7969,Male,CE,20,91,2.3,46,36,48,1
Student_7970,Female,IT,18,79,1.0,75,68,55,4
Student_7971,Male,ME,22,53,1.8,47,86,47,5
Student_7972,Female,ME,23,92,5.3,58,50,51,5
Student_7973,Female,ME,22,88,1.3,49,77,53,4
Student_7974,Female,CSE,18,64,4.0,72,98,78,1
Student_7975,Female,ECE,20,72,4.5,76,61,61,3
Student_7976,Female,CE,21,90,7.3,77,99,83,4
Student_7977,Male,ME,23,64,4.3,66,47,60,0
Student_7978,Male,ME,20,75,2.0,68,74,69,0
Student_7979,Female,IT,18,61,3.0,58,66,62,0
Student_7980,Male,ME,20,67,5.7,57,48,52,3
Student_7981,Female,IT,19,55,1.8,90,92,72,2
Student_7982,Male,IT,20,67,2.6,90,80,77,0
Student_7983,Female,ECE,22,99,8.0,62,93,88,1
Student_7984,Female,CSE,22,73,1.0,40,99,62,2
Student_7985,Female,IT,19,87,2.1,98,67,74,1
Student_7986,Male,IT,23,77,6.9,91,80,79,3
Student_7987,Male,ECE,20,64,1.7,82,88,76,0
Student_7988,Female,IT,23,68,1.2,42,100,56,4
Student_7989,Female,CE,21,54,1.8,49,38,44,0
Student_7990,Male,CSE,20,53,5.9,98,88,77,3
Student_7991,Male,CE,22,66,8.0,46,38,58,0
Student_7992,Male,ME,22,59,5.1,88,51,68,0
Student_7993,Male,CSE,23,61,1.9,95,89,80,0
Student_7994,Male,ME,18,54,2.3,65,82,58,3
Student_7995,Female,IT,22,56,4.8,55,83,70,0
Student_7996,Male,ECE,18,93,6.0,78,57,61,5
Student_7997,Female,CE,22,72,5.6,84,61,63,4
Student_7998,Female,ME,22,51,5.0,71,59,53,4
Student_7999,Male,IT,21,79,7.9,51,58,64,2
Student_8000,Male,CE,18,98,2.4,83,54,64,2
Student_8001,Female,CE,18,94,2.2,47,87,66,2
Student_8002,Male,ME,22,86,7.0,47,60,63,2
Student_8003,Female,IT,18,54,3.0,84,94,67,4
Student_8004,Male,ECE,22,69,3.3,50,36,43,2
Student_8005,Male,ME,22,75,4.8,96,37,65,1
Student_8006,Male,CE,23,93,3.7,72,90,68,5
Student_8007,Female,CE,20,93,3.0,64,100,74,3
Student_8008,Male,CSE,18,88,7.4,56,59,57,5
Student_8009,Female,IT,19,55,1.9,70,49,46,3
Student_8010,Male,CSE,23,78,3.8,58,41,45,4
Student_8011,Female,ECE,18,59,1.0,84,75,60,3
Student_8012,Male,ME,18,100,6.7,94,94,90,3
Student_8013,Female,CE,21,65,2.2,54,78,64,0
Student_8014,Female,IT,19,83,6.4,100,67,80,2
Student_8015,Female,CE,19,80,2.0,95,100,82,2
Student_8016,Female,CSE,21,85,3.9,83,57,72,0
Student_8017,Female,CSE,21,90,6.1,92,98,85,4
Student_8018,Female,ME,18,54,2.9,88,40,56,1
Student_8019,Male,IT,20,82,3.2,74,97,71,4
Student_8020,Female,IT,21,92,5.7,78,77,81,1
Student_8021,Female,ME,19,68,2.3,41,59,51,1
Student_8022,Female,CSE,19,81,7.7,73,42,70,0
Student_8023,Male,CSE,18,72,2.3,64,71,54,4
Student_8024,Male,CSE,20,52,6.2,77,93,77,2
Student_8025,Male,CE,22,50,6.6,43,62,45,5
Student_8026,Female,ECE,21,85,3.6,55,87,63,4
Student_8027,Male,CSE,21,90,2.1,71,89,67,4
Student_8028,Male,ECE,18,77,2.2,54,70,49,5
Student_8029,Female,ECE,23,97,7.9,81,96,94,1
Student_8030,Female,IT,23,88,6.1,53,49,62,1
Student_8031,Male,ME,20,54,4.2,80,88,72,2
Student_8032,Female,CE,19,62,2.8,54,95,57,5
Student_8033,Female,ECE,19,60,1.1,46,88,48,5
Student_8034,Female,CE,22,95,5.7,46,63,63,2
Student_8035,Female,IT,19,71,7.7,47,61,53,5
Student_8036,Male,CSE,23,98,1.7,58,46,55,1
Student_8037,Female,ECE,23,72,6.3,57,57,54,4
Student_8038,Male,ME,21,61,2.1,56,84,63,1
Student_8039,Male,IT,22,70,6.5,57,61,59,3
Student_8040,Male,CE,20,68,3.6,58,93,66,3
Student_8041,Male,CSE,22,54,6.0,92,43,64,1
Student_8042,Female,CE,20,73,7.5,79,67,74,2
Student_8043,Female,ME,23,79,5.3,52,85,73,1
Student_8044,Female,ECE,19,57,7.4,98,74,73,4
Student_8045,Male,ME,18,51,2.6,50,40,37,3
Student_8046,Male,CE,22,98,7.8,100,38,80,0
Student_8047,Male,CE,22,83,7.1,90,37,66,2
Student_8048,Female,ME,21,72,1.8,46,47,50,0
Student_8049,Male,ME,21,52,3.9,66,60,55,2
Student_8050,Female,ME,23,73,7.5,98,68,86,0
Student_8051,Female,CSE,20,67,1.5,76,87,74,0
Student_8052,Female,CE,18,96,4.2,44,81,58,5
Student_8053,Female,IT,21,86,6.1,47,42,57,1
Student_8054,Male,CSE,21,98,1.2,49,42,47,2
Student_8055,Female,CSE,19,80,6.3,76,53,57,5
Student_8056,Male,CSE,19,63,3.5,65,66,56,3
Student_8057,Female,IT,23,50,2.7,54,55,53,0
Student_8058,Male,ME,23,63,5.0,94,98,87,1
Student_8059,Male,CE,21,90,4.8,55,57,54,4
Student_8060,Female,ECE,20,54,7.1,68,76,69,2
Student_8061,Female,ECE,18,80,5.7,67,69,69,2
Student_8062,Female,CE,21,80,4.0,49,36,44,3
Student_8063,Male,IT,20,79,5.6,95,86,89,0
Student_8064,Female,ECE,20,85,6.3,79,51,70,1
Student_8065,Female,CSE,21,50,7.6,90,43,69,0
Student_8066,Male,ECE,20,52,5.9,43,86,66,1
Student_8067,Female,CE,22,69,4.8,85,37,54,3
Student_8068,Male,CSE,20,92,3.6,100,56,78,0
Student_8069,Female,ECE,21,97,7.2,79,88,80,4
Student_8070,Male,CE,20,92,6.5,92,70,78,3
Student_8071,Male,IT,21,70,1.5,53,73,53,3
Student_8072,Female,CE,19,79,5.9,83,52,67,2
Student_8073,Male,IT,21,91,4.8,72,61,70,1
Student_8074,Female,CSE,20,93,1.7,94,47,54,5
Student_8075,Female,CE,21,79,5.0,90,51,73,0
Student_8076,Male,ME,18,54,2.3,57,95,67,1
Student_8077,Female,ME,21,59,6.0,51,52,50,3
Student_8078,Male,ME,21,73,2.9,49,51,55,0
Student_8079,Male,ME,18,94,2.1,60,90,65,4
Student_8080,Male,ME,18,100,1.6,72,82,74,1
Student_8081,Male,IT,18,88,4.4,53,50,59,1
Student_8082,Male,CE,23,97,2.4,48,59,50,4
Student_8083,Male,CSE,22,55,7.0,65,99,69,5
Student_8084,Male,ME,23,59,1.0,54,61,39,5
Student_8085,Male,ME,21,91,6.9,60,48,60,3
Student_8086,Female,CSE,23,92,4.6,61,84,64,5
Student_8087,Female,CSE,23,59,7.5,94,63,77,1
Student_8088,Male,ME,18,74,2.4,85,62,63,2
Student_8089,Female,IT,18,63,1.7,80,55,56,2
Student_8090,Female,CSE,19,96,5.4,82,58,77,0
Student_8091,Female,CE,23,88,5.9,44,80,62,4
Student_8092,Female,CE,22,62,3.6,83,94,73,3
Student_8093,Female,IT,21,60,1.1,55,54,46,2
Student_8094,Female,ECE,20,88,3.8,91,86,86,0
Student_8095,Male,IT,22,60,2.6,99,56,69,0
Student_8096,Female,ME,22,95,3.4,74,50,53,5
Student_8097,Female,ECE,19,98,4.5,44,55,60,1
Student_8098,Female,ME,21,65,5.9,65,78,66,3
Student_8099,Female,CE,21,82,7.7,65,96,74,5
Student_8100,Male,CSE,18,90,2.0,100,55,59,5
Student_8101,Male,ME,18,90,5.8,90,45,68,2
Student_8102,Male,CE,22,81,2.6,44,94,60,4
Student_8103,Male,IT,19,59,2.5,95,71,58,5
Student_8104,Female,ME,21,100,5.4,89,78,85,1
Student_8105,Male,CE,19,64,6.4,100,56,72,2
Student_8106,Male,CSE,20,65,7.8,75,100,91,0
Student_8107,Male,ME,21,92,6.4,63,77,65,5
Student_8108,Male,CE,18,76,2.1,54,55,45,4
Student_8109,Female,ME,22,98,2.6,69,67,72,0
Student_8110,Male,CSE,19,100,6.3,44,51,51,5
Student_8111,Female,ME,18,94,4.7,79,70,76,1
Student_8112,Male,ME,22,81,3.1,87,48,55,4
Student_8113,Female,CE,18,55,4.3,61,71,54,4
Student_8114,Female,ECE,21,96,7.4,72,65,78,1
Student_8115,Male,ME,19,97,6.3,44,38,60,0
Student_8116,Male,ECE,20,85,4.2,97,40,55,5
Student_8117,Male,IT,23,57,7.9,71,84,70,4
Student_8118,Male,ME,18,74,6.6,89,72,74,3
Student_8119,Female,ECE,23,56,1.0,87,39,45,3
Student_8120,Female,IT,19,66,1.8,62,72,49,5
Student_8121,Male,CE,21,97,4.9,49,58,67,0
Student_8122,Male,ME,18,79,3.4,75,52,53,4
Student_8123,Female,CE,21,51,6.7,89,66,76,0
Student_8124,Male,IT,20,66,7.3,56,64,61,3
Student_8125,Female,CE,20,53,2.7,92,64,57,4
Student_8126,Male,CE,22,75,6.3,66,39,51,4
Student_8127,Female,CSE,22,63,4.7,97,38,51,5
Student_8128,Female,IT,22,57,3.7,84,85,63,5
Student_8129,Female,CE,21,54,6.5,47,43,40,5
Student_8130,Female,ECE,22,54,5.0,79,89,65,5
Student_8131,Female,IT,19,54,5.4,83,67,73,0
Student_8132,Male,CSE,23,76,1.4,100,65,62,4
Student_8133,Female,ME,23,54,5.1,97,88,85,0
Student_8134,Male,CE,21,52,3.1,89,95,75,2
Student_8135,Female,ECE,21,87,4.5,45,100,73,2
Student_8136,Female,CSE,22,79,2.6,46,54,47,3
Student_8137,Male,IT,23,50,5.3,65,95,69,3
Student_8138,Male,CE,23,57,2.0,56,70,57,1
Student_8139,Male,CSE,22,62,1.9,76,54,54,2
Student_8140,Male,CSE,21,69,2.3,93,79,71,2
Student_8141,Female,ECE,20,55,6.7,62,80,60,5
Student_8142,Male,ME,20,99,1.2,66,52,47,5
Student_8143,Female,ME,22,99,6.1,96,52,78,1
Student_8144,Male,ME,20,97,1.4,90,98,88,0
Student_8145,Male,IT,19,57,5.1,79,68,66,2
Student_8146,Female,CSE,19,79,6.4,97,37,57,5
Student_8147,Female,IT,19,98,2.6,58,45,54,2
Student_8148,Male,CSE,21,89,2.4,66,80,65,3
Student_8149,Female,ECE,21,64,3.0,64,76,65,1
Student_8150,Female,ECE,21,59,5.9,79,51,64,1
Student_8151,Female,IT,21,82,2.8,64,81,64,3
Student_8152,Female,IT,21,58,4.5,60,64,58,2
Student_8153,Female,ECE,22,98,1.9,98,77,71,4
Student_8154,Female,CE,20,82,4.2,64,42,57,1
Student_8155,Female,ME,22,58,5.4,100,74,76,2
Student_8156,Female,ME,20,63,1.5,90,54,64,0
Student_8157,Male,ECE,22,81,6.7,46,62,65,1
Student_8158,Female,ME,19,86,7.6,74,62,70,3
Student_8159,Male,CE,18,55,2.4,45,93,63,1
Student_8160,Female,CE,21,54,6.3,79,96,76,3
Student_8161,Female,CSE,18,53,3.2,89,88,78,0
Student_8162,Female,IT,18,97,5.7,54,41,57,2
Student_8163,Female,ME,19,65,3.1,63,58,52,3
Student_8164,Male,CE,18,59,7.0,88,75,73,3
Student_8165,Male,IT,18,80,3.4,43,88,55,5
Student_8166,Female,IT,19,80,6.9,46,48,62,0
Student_8167,Male,CSE,20,63,6.4,69,78,65,4
Student_8168,Female,IT,22,62,2.4,56,83,64,1
Student_8169,Female,IT,23,53,2.1,93,97,66,5
Student_8170,Male,ECE,18,95,6.5,97,79,80,4
Student_8171,Male,CSE,21,75,3.7,77,41,58,1
Student_8172,Female,CSE,19,73,7.6,69,37,65,0
Student_8173,Female,ME,18,58,7.6,84,81,84,0
Student_8174,Male,IT,23,84,5.9,78,95,78,4
Student_8175,Female,ME,20,91,4.5,48,64,67,0
Student_8176,Male,CE,20,64,2.4,94,39,55,2
Student_8177,Female,IT,23,73,7.2,58,41,50,4
Student_8178,Female,CE,21,80,1.6,91,73,66,3
Student_8179,Male,ECE,18,68,3.6,52,36,41,3
Student_8180,Male,IT,21,51,3.2,86,77,73,0
Student_8181,Male,ME,20,51,7.7,88,46,70,0
Student_8182,Female,ME,20,90,1.8,76,62,66,1
Student_8183,Female,IT,22,85,7.2,94,53,68,4
Student_8184,Female,ME,20,86,4.2,58,62,52,5
Student_8185,Female,IT,19,83,1.3,45,53,41,4
Student_8186,Male,CSE,22,88,6.1,51,98,78,2
Student_8187,Female,ME,21,68,1.7,54,43,41,3
Student_8188,Female,IT,20,87,2.7,86,75,69,3
Student_8189,Female,IT,23,72,6.6,42,84,67,2
Student_8190,Male,ME,19,65,2.1,43,44,44,1
Student_8191,Female,CSE,22,95,3.3,76,88,77,2
Student_8192,Female,ME,19,93,3.5,77,44,63,1
Student_8193,Male,IT,22,55,5.1,45,41,48,1
Student_8194,Female,CSE,22,75,6.5,88,66,65,5
Student_8195,Female,CE,22,71,2.6,67,88,71,1
Student_8196,Male,ECE,23,94,2.4,47,97,76,0
Student_8197,Female,ME,21,96,2.6,90,68,78,0
Student_8198,Female,IT,22,73,3.7,91,77,77,1
Student_8199,Female,CSE,22,95,4.7,95,39,66,2
Student_8200,Male,CSE,19,89,1.1,70,53,56,2
Student_8201,Female,CE,22,70,6.5,60,88,74,2
Student_8202,Female,ME,21,79,7.5,93,48,77,0
Student_8203,Male,CSE,23,60,6.9,84,44,53,5
Student_8204,Male,CE,23,58,1.3,68,83,64,1
Student_8205,Female,IT,19,61,4.7,54,45,46,3
Student_8206,Female,CE,22,75,6.7,88,65,74,2
Student_8207,Female,ME,19,87,3.4,63,100,68,5
Student_8208,Female,CE,23,100,7.3,60,44,70,0
Student_8209,Male,CSE,21,52,7.2,88,55,61,4
Student_8210,Female,CSE,19,82,2.0,62,35,50,1
Student_8211,Male,ECE,21,64,4.5,70,80,68,2
Student_8212,Male,CE,20,96,1.2,73,54,65,0
Student_8213,Female,IT,22,54,3.0,67,55,46,4
Student_8214,Female,ME,21,73,6.7,71,71,74,1
Student_8215,Male,ECE,22,60,7.8,61,48,56,3
Student_8216,Male,CE,21,82,7.4,42,92,77,1
Student_8217,Female,IT,18,72,1.3,93,91,78,1
Student_8218,Male,ECE,18,59,7.5,48,91,71,2
Student_8219,Female,CSE,18,92,6.8,45,58,53,5
Student_8220,Female,ME,21,77,7.1,40,94,76,1
Student_8221,Male,CE,23,88,7.4,61,57,61,4
Student_8222,Male,IT,23,66,4.4,90,81,69,4
Student_8223,Female,CSE,22,93,2.5,43,72,62,1
Student_8224,Male,ECE,18,75,1.1,84,86,73,1
Student_8225,Female,ME,22,74,1.2,91,47,48,5
Student_8226,Female,ECE,21,85,5.5,96,42,61,4
Student_8227,Female,ECE,22,61,3.4,47,66,47,4
Student_8228,Male,IT,22,52,4.5,94,51,62,2
Student_8229,Female,CSE,18,99,1.9,76,39,53,3
Student_8230,Female,CE,23,78,7.8,81,84,77,4
Student_8231,Female,IT,19,93,1.9,98,46,61,3
Student_8232,Female,ME,20,73,4.1,91,78,72,3
Student_8233,Female,ECE,21,68,4.1,100,93,77,4
Student_8234,Female,ME,21,62,1.1,58,44,34,5
Student_8235,Female,IT,21,65,5.7,83,82,67,5
Student_8236,Female,IT,20,89,4.8,40,62,58,2
Student_8237,Female,CE,19,76,4.5,80,39,60,1
Student_8238,Female,ECE,23,55,6.7,63,78,59,5
Student_8239,Female,IT,22,91,2.7,87,65,75,0
Student_8240,Male,ME,23,59,7.0,56,50,59,1
Student_8241,Female,CE,21,87,7.1,71,57,75,0
Student_8242,Female,ME,22,57,6.8,89,55,61,4
Student_8243,Female,ECE,18,67,3.4,53,36,47,1
Student_8244,Male,CE,23,81,2.1,56,57,57,1
Student_8245,Female,CE,18,66,4.3,71,45,61,0
Student_8246,Male,CE,18,91,2.8,72,36,53,2
Student_8247,Female,CSE,23,51,1.4,69,47,37,5
Student_8248,Female,CE,21,93,3.0,96,79,73,4
Student_8249,Male,ME,20,69,4.3,92,44,55,4
Student_8250,Female,ME,21,59,1.8,86,55,48,5
Student_8251,Male,ECE,18,58,7.6,90,35,55,4
Student_8252,Male,IT,18,97,5.6,73,50,69,1
Student_8253,Female,IT,21,88,2.0,67,77,63,3
Student_8254,Female,CSE,20,90,6.7,63,40,66,0
Student_8255,Female,CE,20,74,7.5,95,45,61,5
Student_8256,Female,CSE,22,74,2.8,53,100,73,1
Student_8257,Male,ECE,19,73,2.0,93,83,73,2
Student_8258,Male,ECE,18,55,3.3,73,54,55,2
Student_8259,Female,IT,20,79,6.8,98,55,77,1
Student_8260,Male,ECE,23,59,2.2,86,70,70,0
Student_8261,Male,CE,18,88,6.5,40,72,56,5
Student_8262,Female,ME,19,80,6.0,61,90,70,4
Student_8263,Male,ECE,23,67,5.6,72,45,52,4
Student_8264,Male,CSE,18,92,4.0,83,52,63,3
Student_8265,Female,CE,20,82,3.6,93,79,68,5
Student_8266,Male,ECE,22,68,1.6,86,60,63,1
Student_8267,Female,ECE,21,72,3.5,97,93,78,3
Student_8268,Male,CE,23,54,5.2,57,40,48,2
Student_8269,Female,ECE,21,75,7.3,86,77,74,4
Student_8270,Male,ME,20,78,6.8,78,86,72,5
Student_8271,Male,IT,20,73,1.2,51,96,58,4
Student_8272,Female,CE,23,55,2.0,49,51,41,3
Student_8273,Female,CSE,19,88,6.9,41,80,72,1
Student_8274,Female,ECE,23,53,7.6,41,75,59,3
Student_8275,Female,IT,18,97,1.4,45,47,39,5
Student_8276,Male,CSE,19,91,5.9,59,40,57,2
Student_8277,Male,CSE,21,75,3.6,77,67,57,5
Student_8278,Male,ME,18,64,3.6,67,38,52,1
Student_8279,Female,IT,19,62,5.5,95,84,70,5
Student_8280,Male,CE,21,89,6.7,98,82,87,2
Student_8281,Male,IT,18,71,2.9,81,61,65,1
Student_8282,Female,IT,22,62,5.9,42,40,43,3
Student_8283,Female,CSE,23,88,5.5,87,92,91,0
Student_8284,Male,ME,23,66,4.6,76,97,75,3
Student_8285,Female,ME,23,85,5.2,76,35,61,1
Student_8286,Male,IT,22,88,1.1,81,62,53,5
Student_8287,Male,IT,19,97,1.0,64,63,59,2
Student_8288,Female,ECE,20,74,4.9,62,62,59,3
Student_8289,Male,CSE,18,83,4.7,52,75,68,1
Student_8290,Female,CE,19,70,1.5,96,89,75,2
Student_8291,Female,CE,20,74,4.4,63,66,62,2
Student_8292,Male,ME,23,74,6.3,42,56,56,2
Student_8293,Male,CSE,23,71,4.8,89,91,71,5
Student_8294,Male,ME,23,72,4.6,90,56,70,1
Student_8295,Female,CE,20,74,6.0,77,100,83,2
Student_8296,Male,IT,18,63,2.2,98,75,70,2
Student_8297,Female,CSE,18,63,4.2,67,77,62,3
Student_8298,Female,CSE,20,75,2.0,65,68,59,2
Student_8299,Male,ECE,21,89,4.7,59,36,44,5
Student_8300,Female,IT,23,79,5.1,66,93,83,0
Student_8301,Male,IT,19,75,1.9,40,70,55,1
Student_8302,Male,ME,18,87,1.5,49,42,45,2
Student_8303,Male,CSE,20,71,2.2,49,67,54,2
Student_8304,Male,ME,21,88,5.1,100,67,72,4
Student_8305,Male,IT,22,88,2.3,96,52,62,3
Student_8306,Male,ECE,20,83,2.9,93,98,83,2
Student_8307,Male,CSE,21,74,5.9,40,95,67,3
Student_8308,Female,IT,22,85,2.7,71,44,52,3
Student_8309,Male,ECE,21,62,3.8,90,84,80,0
Student_8310,Female,CE,18,78,7.5,71,56,71,1
Student_8311,Female,IT,20,91,6.8,82,73,85,0
Student_8312,Female,CE,22,58,2.8,66,99,73,1
Student_8313,Male,ME,21,64,5.2,52,64,52,4
Student_8314,Female,CE,22,80,5.7,56,39,59,0
Student_8315,Female,IT,19,93,7.3,67,60,68,3
Student_8316,Male,CE,20,76,4.8,64,97,76,2
Student_8317,Male,CSE,18,80,4.9,91,80,73,4
Student_8318,Female,IT,22,59,7.2,89,65,75,1
Student_8319,Male,ECE,23,100,1.4,75,75,75,0
Student_8320,Male,CE,21,86,5.4,86,46,60,4
Student_8321,Male,CSE,23,56,3.9,41,51,36,5
Student_8322,Male,ME,22,81,7.4,71,52,73,0
Student_8323,Female,ME,23,60,7.7,71,100,79,3
Student_8324,Male,CE,21,97,2.2,45,73,51,5
Student_8325,Male,ME,22,94,3.0,93,67,79,0
Student_8326,Male,ECE,18,77,2.9,70,42,55,1
Student_8327,Female,IT,18,53,1.7,98,60,52,5
Student_8328,Female,CSE,20,97,4.4,94,69,69,5
Student_8329,Male,CE,18,94,4.6,48,91,75,1
Student_8330,Male,ME,22,80,5.0,82,55,66,2
Student_8331,Female,IT,22,78,5.6,96,71,78,2
Student_8332,Male,ECE,18,82,1.4,91,39,59,1
Student_8333,Male,ME,19,53,5.4,55,51,55,1
Student_8334,Female,ME,22,96,7.4,64,59,73,1
Student_8335,Male,CSE,20,75,4.2,79,95,73,4
Student_8336,Male,ECE,19,80,1.7,67,71,52,5
Student_8337,Female,ECE,18,80,1.6,56,100,76,0
Student_8338,Female,CE,21,76,3.0,70,47,49,4
Student_8339,Male,CSE,22,74,6.3,94,74,76,3
Student_8340,Female,CE,21,97,2.8,62,76,68,2
Student_8341,Male,CSE,23,85,6.7,70,59,75,0
Student_8342,Male,ECE,20,98,6.7,65,76,76,2
Student_8343,Male,CSE,19,80,4.2,43,44,45,3
Student_8344,Female,CSE,21,92,3.1,78,77,75,1
Student_8345,Female,CSE,20,86,5.2,82,62,71,2
Student_8346,Male,IT,21,94,6.7,98,58,81,1
Student_8347,Male,IT,21,93,1.5,82,75,70,2
Student_8348,Female,ECE,20,72,7.7,82,95,83,3
Student_8349,Female,CSE,22,84,5.5,97,39,66,2
Student_8350,Female,ECE,21,53,3.8,97,45,56,3
Student_8351,Male,IT,20,77,4.5,92,42,68,0
Student_8352,Female,CSE,21,91,3.7,92,55,63,4
Student_8353,Female,CE,22,90,3.9,54,98,72,3
Student_8354,Male,IT,20,91,5.2,76,39,61,2
Student_8355,Male,IT,21,62,1.4,77,68,65,0
Student_8356,Male,IT,18,50,2.2,62,43,41,3
Student_8357,Female,CSE,22,61,2.6,44,72,53,2
Student_8358,Male,ME,21,92,3.9,80,77,66,5
Student_8359,Male,CE,19,89,3.6,99,44,63,3
Student_8360,Male,CE,20,75,6.1,82,46,61,3
Student_8361,Male,ECE,21,95,2.8,64,52,61,1
Student_8362,Female,CSE,22,95,1.4,69,46,54,2
Student_8363,Male,IT,22,72,1.4,94,65,59,4
Student_8364,Female,ME,19,98,1.1,65,45,50,3
Student_8365,Female,CSE,19,71,1.3,42,61,53,0
Student_8366,Female,CSE,23,100,7.0,91,55,77,2
Student_8367,Male,ME,23,77,5.9,43,47,46,4
Student_8368,Female,IT,21,66,8.0,94,79,83,2
Student_8369,Male,CSE,18,55,1.1,86,81,56,5
Student_8370,Male,CE,22,63,6.9,57,59,55,4
Student_8371,Male,CE,18,99,5.9,98,98,88,4
Student_8372,Female,ME,18,66,5.5,76,62,62,3
Student_8373,Male,IT,21,87,3.5,50,54,58,1
Student_8374,Male,ME,20,54,3.6,50,75,57,2
Student_8375,Male,CSE,20,62,6.9,75,38,63,0
Student_8376,Female,CE,20,97,6.0,55,58,56,5
Student_8377,Female,ECE,19,58,5.7,97,51,72,0
Student_8378,Female,ME,22,93,1.2,82,39,58,1
Student_8379,Male,ECE,19,91,2.3,64,91,78,0
Student_8380,Female,ECE,22,75,7.7,40,60,60,2
Student_8381,Male,CE,23,62,4.2,65,51,60,0
Student_8382,Male,ME,22,68,6.5,84,90,72,5
Student_8383,Female,ECE,22,97,3.7,69,42,58,2
Student_8384,Male,CSE,21,66,6.4,90,98,80,4
Student_8385,Female,IT,20,65,1.8,45,44,38,3
Student_8386,Male,IT,19,79,1.3,66,84,68,1
Student_8387,Female,CE,23,81,4.3,91,89,84,1
Student_8388,Male,ME,19,63,5.1,58,48,59,0
Student_8389,Male,ME,21,97,3.3,77,61,67,2
Student_8390,Male,IT,22,64,6.0,84,39,50,5
Student_8391,Male,CSE,23,61,4.5,82,62,61,3
Student_8392,Male,IT,20,86,7.5,58,39,50,5
Student_8393,Female,IT,18,60,1.6,78,46,57,0
Student_8394,Male,ME,18,54,1.5,83,42,40,5
Student_8395,Female,ECE,21,60,7.3,71,93,76,3
Student_8396,Female,CSE,20,83,5.7,87,99,87,2
Student_8397,Female,ME,18,68,5.7,40,94,59,5
Student_8398,Male,IT,18,75,1.2,64,89,72,0
Student_8399,Male,ECE,23,75,7.6,86,77,86,0
Student_8400,Male,CSE,23,66,6.4,52,75,56,5
Student_8401,Female,CE,19,80,6.4,49,44,52,3
Student_8402,Male,CSE,20,68,7.4,57,41,61,0
Student_8403,Male,CSE,18,93,5.0,75,55,58,5
Student_8404,Female,IT,23,69,3.8,61,78,61,3
Student_8405,Female,IT,23,72,4.4,45,71,50,5
Student_8406,Female,CE,23,74,6.4,66,78,63,5
Student_8407,Female,CE,19,77,6.4,47,99,75,2
Student_8408,Female,CE,20,86,5.3,63,40,53,3
Student_8409,Female,ME,22,61,2.5,59,72,57,2
Student_8410,Male,ME,23,97,6.7,61,77,75,2
Student_8411,Female,IT,20,50,5.5,48,91,59,4
Student_8412,Male,IT,21,51,2.5,94,99,74,3
Student_8413,Male,CE,19,59,4.4,100,89,83,1
Student_8414,Male,ME,22,83,8.0,79,69,71,4
Student_8415,Female,ECE,23,81,3.3,95,58,62,4
Student_8416,Male,ME,23,74,1.8,89,72,64,3
Student_8417,Female,IT,19,59,1.2,78,37,40,4
Student_8418,Female,ME,19,99,2.3,58,85,63,4
Student_8419,Male,IT,18,50,2.3,94,95,80,0
Student_8420,Female,CE,23,81,7.0,89,74,80,2
Student_8421,Male,CE,20,86,2.1,40,88,65,1
Student_8422,Male,CE,19,61,7.0,50,100,72,3
Student_8423,Female,ECE,19,98,1.6,80,94,84,0
Student_8424,Male,ECE,21,100,7.3,81,49,63,5
Student_8425,Male,IT,21,67,2.8,49,80,50,5
Student_8426,Male,CSE,21,79,5.3,40,89,71,1
Student_8427,Female,ECE,19,62,2.1,66,38,48,1
Student_8428,Male,IT,22,52,3.7,56,58,57,0
Student_8429,Female,ME,20,70,1.6,98,74,61,5
Student_8430,Female,CE,19,91,5.1,83,61,68,3
Student_8431,Male,CE,18,63,3.4,83,86,72,2
Student_8432,Male,CE,23,89,7.0,90,71,87,0
Student_8433,Female,IT,22,59,2.3,56,35,35,4
Student_8434,Female,CE,22,51,3.0,78,43,41,5
Student_8435,Male,ECE,20,94,2.2,94,52,69,1
Student_8436,Male,ME,22,86,4.9,82,73,68,4
Student_8437,Female,CE,20,60,1.8,95,64,60,3
Student_8438,Female,IT,22,50,2.3,41,54,33,5
Student_8439,Female,ME,23,75,5.7,87,49,57,5
Student_8440,Female,CE,20,91,1.5,62,98,73,2
Student_8441,Female,CSE,21,62,6.2,80,59,66,2
Student_8442,Male,CE,21,77,1.7,98,83,75,2
Student_8443,Female,ECE,22,85,5.1,49,60,50,5
Student_8444,Female,ME,22,70,8.0,92,79,77,4
Student_8445,Male,ECE,20,59,2.2,81,40,47,3
Student_8446,Male,CSE,20,61,2.8,69,66,52,4
Student_8447,Female,CSE,23,95,7.3,74,51,61,5
Student_8448,Female,ECE,19,76,5.4,64,80,74,1
Student_8449,Male,ME,21,52,4.4,56,87,64,2
Student_8450,Female,CSE,19,77,4.9,99,38,61,3
Student_8451,Female,CSE,19,51,3.1,85,62,54,4
Student_8452,Male,CE,18,77,7.0,58,50,54,4
Student_8453,Female,IT,20,100,6.2,57,73,66,4
Student_8454,Male,CSE,18,80,5.5,57,64,57,4
Student_8455,Male,ME,18,92,7.5,85,91,80,5
Student_8456,Male,ME,19,70,5.0,74,90,70,4
Student_8457,Male,CE,18,56,4.6,49,73,61,1
Student_8458,Female,ME,23,99,7.8,62,76,78,2
Student_8459,Male,CE,20,80,2.4,84,52,54,4
Student_8460,Female,CSE,19,63,2.0,61,56,54,1
Student_8461,Female,CSE,20,88,2.1,83,38,46,5
Student_8462,Female,CSE,23,88,7.9,48,37,53,3
Student_8463,Female,CSE,22,58,5.6,71,95,73,3
Student_8464,Female,IT,18,72,3.1,65,58,48,5
Student_8465,Male,IT,19,61,2.7,68,86,69,1
Student_8466,Male,CSE,21,78,1.4,98,65,70,1
Student_8467,Male,ME,20,87,1.9,81,87,77,1
Student_8468,Male,CE,23,88,7.4,58,95,78,3
Student_8469,Female,ECE,18,71,6.2,87,92,77,4
Student_8470,Male,CE,20,53,7.6,68,69,67,2
Student_8471,Female,ECE,23,97,4.0,92,65,69,4
Student_8472,Female,ECE,20,56,5.2,96,91,86,0
Student_8473,Male,CSE,22,89,4.4,74,44,63,1
Student_8474,Male,ECE,23,57,7.2,51,52,49,4
Student_8475,Male,CSE,20,84,7.9,47,90,76,2
Student_8476,Male,IT,22,58,7.5,64,70,61,4
Student_8477,Female,ME,22,100,5.2,66,85,84,0
Student_8478,Female,ECE,22,62,1.4,86,95,79,0
Student_8479,Male,ME,18,88,5.3,82,53,62,4
Student_8480,Female,CSE,23,69,1.7,94,45,48,5
Student_8481,Female,ECE,20,70,2.0,84,39,43,5
Student_8482,Female,CE,20,96,2.3,45,79,53,5
Student_8483,Male,IT,23,68,3.5,52,79,61,2
Student_8484,Female,IT,22,51,5.1,50,82,56,4
Student_8485,Male,ECE,20,93,3.3,77,48,64,1
Student_8486,Male,IT,20,89,4.2,45,62,58,2
Student_8487,Female,CE,22,79,1.3,44,43,39,3
Student_8488,Female,ME,21,72,5.3,46,93,70,2
Student_8489,Male,CE,21,89,5.6,94,72,74,4
Student_8490,Female,IT,22,62,1.7,94,59,55,4
Student_8491,Female,ME,18,82,6.5,58,82,70,3
Student_8492,Male,CE,20,81,5.5,82,53,73,0
Student_8493,Male,CSE,20,77,4.4,45,36,40,4
Student_8494,Male,CSE,21,73,4.9,64,40,59,0
Student_8495,Male,ME,22,91,4.5,48,64,67,0
Student_8496,Female,ME,23,77,1.4,59,95,70,1
Student_8497,Female,ME,23,79,6.1,64,36,46,5
Student_8498,Male,CSE,18,90,4.6,89,85,87,0
Student_8499,Male,CE,22,78,2.2,47,47,46,2
Student_8500,Male,ME,21,83,5.8,89,83,73,5
Student_8501,Female,CSE,21,100,5.9,76,42,71,0
Student_8502,Male,ME,20,71,2.5,77,43,44,5
Student_8503,Female,ME,19,74,6.6,41,57,60,1
Student_8504,Male,ME,18,63,4.2,96,50,57,4
Student_8505,Male,CSE,18,59,2.3,61,50,42,4
Student_8506,Male,CE,19,59,5.6,95,46,60,3
Student_8507,Female,CSE,23,57,5.2,75,45,62,0
Student_8508,Female,CSE,23,63,2.2,90,47,56,2
Student_8509,Female,ME,23,94,7.1,43,69,64,3
Student_8510,Male,ECE,21,87,7.0,87,77,79,3
Student_8511,Female,ECE,22,81,6.9,40,64,64,1
Student_8512,Female,ECE,18,94,3.8,87,94,78,4
Student_8513,Male,CSE,19,81,6.8,72,63,76,0
Student_8514,Male,ME,20,52,6.9,63,59,51,5
Student_8515,Female,ECE,20,69,8.0,88,100,81,5
Student_8516,Female,IT,21,62,7.7,44,39,56,0
Student_8517,Female,IT,18,72,3.7,97,39,54,4
Student_8518,Female,IT,22,68,2.4,87,83,62,5
Student_8519,Male,CE,18,65,3.0,96,60,68,1
Student_8520,Male,ME,23,85,4.5,74,64,70,1
Student_8521,Male,CSE,20,84,6.6,81,62,76,1
Student_8522,Female,CSE,18,96,6.1,89,48,71,2
Student_8523,Female,ME,20,96,6.5,92,52,80,0
Student_8524,Male,CE,19,99,3.7,99,91,90,1
Student_8525,Male,ME,19,56,2.7,89,59,63,1
Student_8526,Female,CE,20,86,1.2,65,39,42,4
Student_8527,Female,ECE,22,57,5.4,88,87,74,3
Student_8528,Male,ECE,22,74,6.6,82,73,72,3
Student_8529,Male,CE,18,72,7.2,80,91,80,3
Student_8530,Male,ME,20,59,4.3,82,45,62,0
Student_8531,Female,ECE,21,79,7.5,65,59,67,2
Student_8532,Female,ME,22,82,2.4,98,64,76,0
Student_8533,Female,ECE,22,60,4.6,80,36,44,5
Student_8534,Female,ME,23,84,2.5,88,70,64,4
Student_8535,Female,ME,19,76,2.3,91,71,72,1
Student_8536,Female,IT,22,52,7.7,44,36,53,0
Student_8537,Male,CE,22,96,6.7,83,81,80,3
Student_8538,Male,CSE,23,98,1.1,57,93,70,2
Student_8539,Female,CE,22,99,2.9,98,38,58,4
Student_8540,Male,ME,23,57,2.4,96,80,74,1
Student_8541,Female,ME,20,62,2.0,64,70,57,2
Student_8542,Male,CE,20,91,5.9,87,99,95,0
Student_8543,Female,ME,19,52,5.0,80,90,80,0
Student_8544,Male,ECE,18,69,4.2,79,69,67,2
Student_8545,Male,ME,23,95,2.3,77,57,63,2
Student_8546,Female,CE,22,94,2.9,88,78,79,1
Student_8547,Female,CE,18,84,3.5,85,35,54,3
Student_8548,Male,CE,20,62,6.5,97,100,88,2
Student_8549,Male,IT,22,69,7.9,60,46,63,1
Student_8550,Female,IT,18,73,2.3,63,47,50,2
Student_8551,Male,IT,23,58,3.4,67,61,47,5
Student_8552,Female,IT,23,79,3.0,85,54,62,2
Student_8553,Female,IT,18,74,1.3,43,40,31,5
Student_8554,Male,IT,23,65,2.5,47,42,39,3
Student_8555,Female,IT,21,57,7.3,93,55,72,1
Student_8556,Male,CE,20,93,6.9,88,55,80,0
Student_8557,Male,CSE,19,77,2.2,72,79,70,1
Student_8558,Female,IT,19,61,3.6,42,78,60,1
Student_8559,Male,CE,21,100,3.2,88,93,87,1
Student_8560,Female,CSE,18,73,2.0,59,64,52,3
Student_8561,Female,IT,23,98,5.4,74,44,61,3
Student_8562,Female,CSE,21,78,4.9,78,35,50,4
Student_8563,Male,CSE,21,64,4.0,82,44,48,5
Student_8564,Female,ECE,23,67,7.0,96,59,79,0
Student_8565,Male,ME,20,56,5.3,86,48,57,3
Student_8566,Female,ECE,23,62,2.8,46,37,31,5
Student_8567,Female,CSE,23,68,3.6,66,74,61,3
Student_8568,Female,CE,22,97,2.1,44,67,60,1
Student_8569,Male,IT,18,92,5.1,88,41,68,1
Student_8570,Male,ME,19,54,5.1,76,37,43,5
Student_8571,Female,IT,19,75,7.1,40,71,63,2
Student_8572,Female,CE,21,51,7.0,61,60,60,2
Student_8573,Male,ME,21,82,6.9,100,59,77,2
Student_8574,Male,ECE,21,97,4.8,95,74,72,5
Student_8575,Male,CSE,18,86,5.6,46,77,64,3
Student_8576,Female,CE,21,74,6.4,88,78,79,2
Student_8577,Male,CSE,21,74,1.6,47,63,57,0
Student_8578,Female,CSE,22,88,3.1,83,91,70,5
Student_8579,Male,IT,18,79,2.2,69,43,52,2
Student_8580,Female,CE,20,90,4.6,96,56,66,4
Student_8581,Female,CSE,20,53,6.9,67,40,48,4
Student_8582,Female,ECE,23,68,2.6,65,61,59,1
Student_8583,Male,ME,22,76,6.1,73,86,74,3
Student_8584,Male,CE,19,96,3.8,88,83,71,5
Student_8585,Male,IT,23,88,7.3,71,57,64,4
Student_8586,Female,CE,20,73,5.4,61,55,65,0
Student_8587,Female,IT,18,99,7.8,99,42,78,1
Student_8588,Male,ME,19,86,2.7,59,88,63,4
Student_8589,Female,ECE,21,74,7.5,53,48,58,2
Student_8590,Female,CSE,18,78,3.5,62,65,55,4
Student_8591,Female,CE,19,80,5.4,42,85,61,4
Student_8592,Male,IT,20,94,2.2,58,96,76,1
Student_8593,Female,ME,23,84,6.3,53,52,57,3
Student_8594,Male,CSE,21,77,7.8,79,81,81,2
Student_8595,Male,ME,21,87,6.5,78,86,82,2
Student_8596,Male,ECE,18,93,5.3,76,71,74,2
Student_8597,Male,CSE,23,99,4.1,74,64,69,2
Student_8598,Male,CSE,21,99,3.4,40,64,55,3
Student_8599,Female,CSE,19,53,3.9,98,82,74,2
Student_8600,Male,IT,22,77,3.3,58,73,59,3
Student_8601,Male,CSE,20,80,6.8,54,61,67,1
Student_8602,Male,ME,18,72,7.3,64,50,68,0
Student_8603,Female,IT,23,63,7.6,40,66,57,3
Student_8604,Female,CSE,22,77,3.9,70,63,63,2
Student_8605,Female,ME,22,63,4.8,76,86,76,1
Student_8606,Female,ME,18,50,5.0,91,49,63,1
Student_8607,Male,CE,19,92,5.6,82,78,73,4
Student_8608,Male,ME,23,81,1.0,85,57,54,4
Student_8609,Female,ECE,20,90,6.9,61,82,82,0
Student_8610,Female,CSE,18,67,2.9,89,57,68,0
Student_8611,Female,CSE,23,54,4.3,59,48,44,4
Student_8612,Female,CSE,22,91,6.9,80,88,76,5
Student_8613,Male,ME,22,64,8.0,86,77,73,4
Student_8614,Female,ME,18,91,6.6,82,79,84,1
Student_8615,Female,CSE,23,65,1.2,44,56,42,3
Student_8616,Female,IT,22,85,3.6,54,95,66,4
Student_8617,Female,IT,18,85,2.7,95,52,65,2
Student_8618,Female,ECE,18,89,7.7,41,78,67,3
Student_8619,Female,CE,20,79,2.8,51,52,42,5
Student_8620,Female,ECE,18,87,7.6,98,91,89,3
Student_8621,Male,CSE,23,72,7.6,96,49,72,2
Student_8622,Male,CSE,23,60,6.9,99,92,86,2
Student_8623,Male,CSE,22,74,1.7,94,36,54,2
Student_8624,Male,CE,21,94,1.0,46,48,50,1
Student_8625,Male,ME,20,100,6.6,41,55,55,4
Student_8626,Male,CE,23,92,6.9,47,77,62,5
Student_8627,Female,ECE,22,51,7.7,48,79,59,4
Student_8628,Female,ME,22,84,2.5,97,68,75,1
Student_8629,Male,ME,20,96,6.1,66,46,60,3
Student_8630,Female,ECE,20,73,4.6,67,41,57,1
Student_8631,Male,ME,22,62,3.3,76,62,54,4
Student_8632,Female,IT,21,91,5.2,54,59,68,0
Student_8633,Female,ECE,19,86,4.8,58,100,81,1
Student_8634,Female,ECE,22,79,3.0,69,85,76,0
Student_8635,Female,IT,20,60,2.9,90,68,72,0
Student_8636,Female,CE,18,72,4.4,52,80,55,5
Student_8637,Female,CE,18,95,4.3,84,81,79,2
Student_8638,Male,CE,20,77,3.1,45,66,55,2
Student_8639,Male,ME,20,78,2.8,69,46,54,2
Student_8640,Female,IT,19,64,7.7,40,53,61,0
Student_8641,Male,ECE,23,94,7.0,81,81,77,4
Student_8642,Female,ECE,20,52,6.7,98,72,76,2
Student_8643,Male,ECE,18,58,2.5,96,44,48,5
Student_8644,Female,ME,21,57,2.3,77,44,50,2
Student_8645,Male,ME,20,96,6.7,64,75,72,3
Student_8646,Female,CE,19,82,2.3,74,89,63,5
Student_8647,Male,ME,21,83,4.5,65,77,75,0
Student_8648,Female,CE,19,58,2.5,52,72,61,0
Student_8649,Male,CE,21,66,3.6,58,61,56,2
Student_8650,Female,ECE,20,90,7.0,49,66,64,3
Student_8651,Female,ME,18,50,7.2,84,82,73,3
Student_8652,Female,CE,21,89,8.0,46,60,68,1
Student_8653,Male,IT,22,54,7.6,54,92,76,1
Student_8654,Male,IT,23,79,5.7,62,58,63,2
Student_8655,Male,ME,19,60,4.0,75,88,62,5
Student_8656,Female,ECE,21,77,1.4,82,80,74,0
Student_8657,Male,ECE,19,87,5.3,70,92,70,5
Student_8658,Female,CE,18,66,2.5,47,66,49,3
Student_8659,Male,ME,19,99,7.0,98,50,74,3
Student_8660,Male,IT,19,72,4.8,69,99,75,3
Student_8661,Male,CE,22,67,6.1,73,47,66,0
Student_8662,Male,CE,19,86,5.7,72,40,63,1
Student_8663,Female,CSE,21,76,3.4,40,46,46,2
Student_8664,Male,ME,19,74,6.3,55,43,58,1
Student_8665,Male,CE,20,54,6.9,89,93,79,3
Student_8666,Female,IT,19,68,6.2,50,58,49,5
Student_8667,Female,CSE,20,76,6.4,66,49,52,5
Student_8668,Male,IT,23,62,3.5,61,97,67,3
Student_8669,Male,ECE,19,56,7.6,79,84,83,0
Student_8670,Female,CSE,23,75,4.0,58,55,62,0
Student_8671,Female,CSE,19,63,7.3,83,35,66,0
Student_8672,Female,CE,21,76,7.0,45,45,54,2
Student_8673,Male,ECE,20,57,1.9,95,56,54,4
Student_8674,Male,CE,23,80,7.8,96,41,61,5
Student_8675,Male,ME,23,84,8.0,87,83,80,4
Student_8676,Female,IT,20,76,5.2,79,35,48,5
Student_8677,Female,IT,22,53,6.5,78,99,80,2
Student_8678,Female,CE,19,91,7.5,59,97,74,5
Student_8679,Male,IT,19,53,1.1,42,98,58,2
Student_8680,Female,IT,21,67,7.5,94,60,74,2
Student_8681,Male,ME,22,72,5.4,40,51,54,1
Student_8682,Female,ECE,22,81,6.8,62,45,51,5
Student_8683,Male,CSE,21,61,4.8,77,44,56,2
Student_8684,Male,CE,23,69,4.7,42,100,72,1
Student_8685,Female,CE,20,96,7.3,90,66,72,5
Student_8686,Male,ME,23,94,4.6,73,50,69,0
Student_8687,Female,ME,18,61,4.3,56,60,46,5
Student_8688,Male,CSE,21,57,5.3,87,90,75,3
Student_8689,Female,ECE,20,71,4.6,66,43,48,4
Student_8690,Female,CE,23,76,4.1,92,39,57,3
Student_8691,Male,ME,23,90,2.3,100,41,57,4
Student_8692,Female,CE,22,90,3.8,78,99,88,0
Student_8693,Male,IT,21,66,3.0,62,46,44,4
Student_8694,Female,CE,18,81,3.8,77,82,79,0
Student_8695,Female,ECE,19,82,5.2,50,59,50,5
Student_8696,Female,ECE,21,80,5.3,54,47,52,3
Student_8697,Female,CE,18,55,2.7,65,75,62,1
Student_8698,Male,IT,18,88,1.6,93,44,51,5
Student_8699,Female,ECE,21,58,6.2,50,74,53,5
Student_8700,Female,ME,20,91,4.7,46,67,56,4
Student_8701,Male,CE,21,81,4.1,86,69,62,5
Student_8702,Male,IT,23,85,1.9,87,71,69,2
Student_8703,Male,ME,22,65,3.9,47,50,51,1
Student_8704,Male,CE,23,61,6.7,44,67,62,1
Student_8705,Male,IT,18,90,5.1,56,87,79,0
Student_8706,Male,ME,18,52,1.6,62,69,50,3
Student_8707,Female,ECE,19,76,3.3,41,89,63,2
Student_8708,Male,CE,18,76,7.9,66,51,62,3
Student_8709,Female,CE,19,58,4.8,60,61,54,3
Student_8710,Male,ECE,18,66,3.0,46,55,52,1
Student_8711,Female,CSE,18,95,7.4,94,55,78,2
Student_8712,Female,ME,21,54,3.4,96,51,54,4
Student_8713,Female,ECE,21,75,6.1,92,61,73,2
Student_8714,Male,CE,22,70,2.0,77,82,73,0
Student_8715,Male,ME,23,50,2.1,65,78,49,5
Student_8716,Male,ME,20,50,4.9,69,70,65,1
Student_8717,Male,CSE,22,84,2.7,51,62,56,2
Student_8718,Female,CE,18,58,1.3,87,59,63,0
Student_8719,Male,IT,22,72,7.5,50,81,64,4
Student_8720,Female,CSE,21,87,1.4,93,57,61,3
Student_8721,Female,CSE,23,90,6.0,56,84,71,3
Student_8722,Male,IT,18,53,3.3,49,99,71,0
Student_8723,Male,IT,18,68,7.5,94,50,73,1
Student_8724,Male,CSE,22,86,7.9,87,84,83,3
Student_8725,Female,ME,23,54,3.3,55,47,49,1
Student_8726,Male,ECE,19,77,5.1,54,69,66,1
Student_8727,Female,ECE,20,95,6.4,97,66,78,3
Student_8728,Male,CSE,23,91,1.9,54,59,49,4
Student_8729,Female,ME,22,97,6.0,94,77,75,5
Student_8730,Male,IT,22,72,7.3,59,62,65,2
Student_8731,Male,CSE,20,87,2.2,43,100,59,5
Student_8732,Female,CE,18,72,6.9,71,67,67,3
Student_8733,Male,ME,18,95,1.8,98,81,78,2
Student_8734,Male,CE,19,67,5.0,61,69,66,1
Student_8735,Male,CE,22,78,3.4,74,98,71,4
Student_8736,Male,CSE,20,77,4.3,53,46,55,1
Student_8737,Male,ME,22,58,3.1,69,87,61,4
Student_8738,Male,CE,21,88,2.8,70,78,60,5
Student_8739,Male,ME,22,99,6.2,49,80,63,5
Student_8740,Female,ECE,22,59,2.6,45,45,33,5
Student_8741,Female,CE,21,51,3.9,66,80,69,0
Student_8742,Male,CE,21,62,2.9,50,93,55,5
Student_8743,Male,ME,20,87,2.7,75,93,70,4
Student_8744,Male,ECE,18,76,5.4,49,68,55,4
Student_8745,Female,CE,19,90,1.3,55,55,44,5
Student_8746,Female,CSE,21,69,6.5,63,86,77,1
Student_8747,Male,ME,18,89,4.8,60,82,63,5
Student_8748,Female,ME,20,59,6.8,100,53,61,5
Student_8749,Male,CE,23,65,2.5,79,38,47,3
Student_8750,Male,ECE,22,64,6.0,80,66,66,3
Student_8751,Male,CE,20,62,3.9,75,62,61,2
Student_8752,Male,IT,20,99,1.5,88,92,86,0
Student_8753,Female,CE,21,87,6.3,81,75,72,4
Student_8754,Female,IT,19,69,6.3,94,67,75,2
Student_8755,Male,CSE,21,73,2.9,84,48,49,5
Student_8756,Female,ME,22,90,7.4,62,87,74,4
Student_8757,Female,ME,21,99,6.3,60,76,68,4
Student_8758,Male,ECE,22,56,3.1,71,70,66,0
Student_8759,Female,CE,21,72,2.7,92,59,71,0
Student_8760,Male,CSE,23,73,4.1,56,86,68,2
Student_8761,Male,IT,19,78,3.0,90,74,69,3
Student_8762,Male,ECE,23,54,2.5,56,96,59,4
Student_8763,Male,CSE,18,92,3.8,94,43,68,1
Student_8764,Female,CSE,19,94,1.2,60,55,55,2
Student_8765,Male,IT,21,84,3.8,99,87,76,4
Student_8766,Female,IT,20,50,2.6,43,35,42,0
Student_8767,Male,ME,18,85,2.9,62,65,52,5
Student_8768,Male,CE,20,100,1.6,64,79,74,0
Student_8769,Female,ECE,23,67,5.1,71,62,69,0
Student_8770,Male,CE,19,55,4.3,45,37,47,0
Student_8771,Female,ECE,18,72,6.3,53,74,57,5
Student_8772,Female,CSE,23,59,7.9,80,38,57,3
Student_8773,Male,IT,21,56,1.8,77,46,47,3
Student_8774,Male,IT,20,93,2.9,81,96,75,4
Student_8775,Male,CSE,21,57,5.8,96,82,72,4
Student_8776,Male,CSE,22,62,2.7,77,41,51,2
Student_8777,Male,ECE,18,79,1.2,80,91,78,0
Student_8778,Male,CSE,20,67,1.8,84,90,78,0
Student_8779,Female,ECE,19,63,4.0,55,47,40,5
Student_8780,Female,CE,19,60,4.0,71,86,72,1
Student_8781,Male,IT,19,91,7.8,55,97,86,1
Student_8782,Female,IT,23,87,4.3,58,75,73,0
Student_8783,Female,IT,19,62,5.7,76,57,66,1
Student_8784,Male,CE,20,91,4.4,82,81,81,1
Student_8785,Male,CE,23,93,2.9,60,99,82,0
Student_8786,Female,ME,22,82,1.7,54,65,53,3
Student_8787,Male,ECE,19,99,7.0,100,70,82,3
Student_8788,Female,ECE,19,62,2.1,65,48,43,4
Student_8789,Male,ME,23,74,1.7,69,71,58,3
Student_8790,Female,IT,19,73,2.5,79,66,69,0
Student_8791,Female,ECE,22,78,1.0,54,87,65,1
Student_8792,Female,ECE,23,85,1.5,82,62,69,0
Student_8793,Female,IT,23,55,5.4,100,99,85,2
Student_8794,Male,CSE,18,67,2.7,52,81,63,1
Student_8795,Male,CSE,23,77,3.4,66,66,68,0
Student_8796,Female,ME,19,54,6.8,62,58,54,4
Student_8797,Female,CE,23,67,6.4,73,48,55,4
Student_8798,Male,ECE,19,86,4.4,98,81,84,1
Student_8799,Male,ECE,19,56,5.3,73,35,48,3
Student_8800,Female,ME,23,58,1.6,62,53,42,4
Student_8801,Female,ME,18,84,6.3,97,92,80,5
Student_8802,Female,ECE,19,61,4.6,83,41,56,2
Student_8803,Female,IT,18,95,5.0,97,98,82,5
Student_8804,Female,IT,18,89,5.7,59,52,52,5
Student_8805,Male,CE,23,93,4.5,93,97,79,5
Student_8806,Female,ECE,21,88,4.7,48,84,72,1
Student_8807,Male,ECE,21,73,4.5,97,50,66,2
Student_8808,Male,ECE,19,58,4.5,98,48,66,1
Student_8809,Male,ECE,20,61,6.3,59,96,71,3
Student_8810,Female,ME,21,85,4.0,86,41,67,0
Student_8811,Male,CSE,23,86,1.0,78,90,63,5
Student_8812,Male,ECE,23,58,5.3,96,48,67,1
Student_8813,Male,CSE,21,88,7.7,53,76,79,0
Student_8814,Male,IT,20,95,2.8,88,96,86,1
Student_8815,Female,CE,22,71,6.7,65,77,68,3
Student_8816,Female,IT,19,66,4.2,66,91,71,2
Student_8817,Male,ECE,22,82,5.5,73,65,75,0
Student_8818,Male,IT,22,96,7.2,68,85,82,2
Student_8819,Female,ME,18,73,6.4,71,35,59,1
Student_8820,Female,CSE,18,64,7.2,80,78,67,5
Student_8821,Female,ECE,19,78,1.1,84,84,73,1
Student_8822,Male,ME,20,81,2.3,44,94,62,3
Student_8823,Female,CSE,18,82,4.0,43,37,49,1
Student_8824,Male,ME,21,78,6.9,62,88,74,3
Student_8825,Male,IT,19,64,6.9,60,36,56,1
Student_8826,Female,ECE,23,76,2.3,72,63,51,5
Student_8827,Male,IT,22,83,2.0,80,50,58,2
Student_8828,Female,CE,19,53,6.8,63,93,77,1
Student_8829,Male,ECE,23,98,4.8,55,45,63,0
Student_8830,Female,IT,23,97,5.4,71,58,62,4
Student_8831,Male,ECE,18,67,6.7,58,66,70,0
Student_8832,Male,CSE,23,70,2.5,65,88,73,0
Student_8833,Female,ECE,20,97,2.0,42,90,63,3
Student_8834,Female,ECE,23,57,7.0,74,77,75,1
Student_8835,Female,CSE,23,55,1.8,78,87,66,2
Student_8836,Female,IT,22,69,1.6,57,35,45,1
Student_8837,Male,ECE,20,51,2.9,96,95,70,4
Student_8838,Female,ME,19,100,3.2,91,68,77,1
Student_8839,Female,ECE,20,94,2.7,46,95,64,4
Student_8840,Male,IT,20,71,6.2,71,95,73,4
Student_8841,Female,CSE,19,70,7.8,63,42,65,0
Student_8842,Female,IT,22,55,2.4,55,88,55,4
Student_8843,Male,CE,23,81,6.5,92,87,79,4
Student_8844,Female,ECE,20,55,1.3,63,54,39,5
Student_8845,Female,ECE,20,62,1.8,43,80,54,2
Student_8846,Female,CSE,19,50,4.6,84,65,55,5
Student_8847,Female,ECE,21,71,8.0,71,60,66,3
Student_8848,Female,ME,20,73,7.6,81,97,89,1
Student_8849,Female,ME,18,90,1.8,73,54,59,2
Student_8850,Male,IT,23,79,2.7,58,56,51,3
Student_8851,Female,CSE,23,71,7.6,53,91,81,0
Student_8852,Male,CE,22,93,2.1,77,91,76,2
Student_8853,Male,IT,20,61,6.2,97,60,71,2
Student_8854,Male,CSE,19,75,1.0,52,51,53,0
Student_8855,Male,CSE,18,53,5.4,61,61,52,4
Student_8856,Female,IT,19,68,4.5,99,90,88,0
Student_8857,Female,IT,20,65,4.3,70,58,62,1
Student_8858,Female,ECE,18,61,6.8,83,59,74,0
Student_8859,Male,CE,22,82,1.6,83,44,56,2
Student_8860,Female,ME,22,70,3.6,69,70,69,0
Student_8861,Female,ECE,22,85,4.1,62,79,72,1
Student_8862,Female,CSE,21,58,1.9,51,51,39,4
Student_8863,Male,CE,19,88,1.6,82,92,70,4
Student_8864,Male,CE,20,91,2.3,53,57,52,3
Student_8865,Female,IT,18,94,2.7,75,42,48,5
Student_8866,Male,CE,23,57,7.8,84,84,76,3
Student_8867,Male,CE,23,69,4.3,47,50,53,1
Student_8868,Female,CSE,19,59,4.6,63,77,61,3
Student_8869,Male,ECE,20,81,5.9,98,80,77,4
Student_8870,Male,CE,21,77,5.8,94,83,73,5
Student_8871,Female,IT,20,59,4.5,42,49,41,4
Student_8872,Male,ECE,19,57,3.4,53,83,58,3
Student_8873,Male,IT,20,96,3.3,90,55,74,0
Student_8874,Male,CE,23,82,1.4,89,40,49,4
Student_8875,Male,ECE,23,96,7.3,50,89,75,3
Student_8876,Male,CE,18,98,6.4,84,49,68,3
Student_8877,Male,CSE,21,62,5.4,94,45,66,1
Student_8878,Male,ECE,23,93,3.8,77,73,75,1
Student_8879,Male,IT,18,84,5.1,67,85,69,4
Student_8880,Female,CSE,21,100,4.4,62,71,69,2
Student_8881,Female,ME,23,78,2.9,57,83,62,3
Student_8882,Female,IT,21,54,3.1,59,91,71,0
Student_8883,Female,CE,20,52,7.1,72,99,79,2
Student_8884,Male,IT,18,86,5.4,41,51,51,3
Student_8885,Female,ME,21,90,1.0,78,97,76,2
Student_8886,Female,IT,21,55,3.3,76,48,50,3
Student_8887,Male,CSE,20,97,3.4,65,72,65,3
Student_8888,Male,IT,23,91,5.9,90,59,74,2
Student_8889,Male,ECE,23,65,5.9,41,71,62,1
Student_8890,Male,ME,19,84,4.2,42,90,64,3
Student_8891,Male,IT,19,67,7.7,59,41,50,4
Student_8892,Female,ME,23,60,7.1,49,45,52,2
Student_8893,Male,CSE,22,100,7.1,81,69,71,5
Student_8894,Female,ECE,22,72,3.4,60,70,64,1
Student_8895,Female,CE,21,96,4.0,79,86,85,0
Student_8896,Male,IT,23,60,3.9,48,76,55,3
Student_8897,Female,CSE,19,78,4.1,41,49,40,5
Student_8898,Female,ME,21,91,7.2,67,55,65,3
Student_8899,Male,ME,18,76,2.7,42,35,32,5
Student_8900,Female,CSE,19,58,6.6,55,45,47,4
Student_8901,Female,IT,19,84,4.6,43,44,53,1
Student_8902,Female,CE,19,58,2.7,62,79,58,3
Student_8903,Male,IT,22,67,4.7,69,90,64,5
Student_8904,Male,ECE,20,93,2.4,77,53,64,1
Student_8905,Male,IT,20,70,1.8,52,76,54,3
Student_8906,Female,ECE,22,97,6.9,45,75,61,5
Student_8907,Male,ME,23,85,5.9,49,54,65,0
Student_8908,Female,ECE,23,50,2.4,94,61,52,5
Student_8909,Male,CE,22,76,7.6,56,46,53,4
Student_8910,Female,CSE,22,94,1.2,47,98,74,0
Student_8911,Male,ECE,23,89,3.3,48,72,67,0
Student_8912,Male,IT,20,87,1.2,73,100,66,5
Student_8913,Female,ECE,21,78,2.0,56,92,67,2
Student_8914,Male,ME,22,89,2.3,91,45,67,0
Student_8915,Female,ECE,21,68,6.7,82,64,65,4
Student_8916,Male,CE,21,73,8.0,89,98,84,4
Student_8917,Male,ECE,18,93,7.1,61,82,68,5
Student_8918,Female,CE,20,50,5.4,42,74,54,3
Student_8919,Female,IT,21,85,6.1,80,55,60,5
Student_8920,Female,ME,20,72,4.7,79,39,63,0
Student_8921,Male,CSE,20,62,4.0,68,70,65,1
Student_8922,Female,IT,18,79,5.8,78,41,61,2
Student_8923,Male,IT,23,98,7.8,66,94,77,5
Student_8924,Female,CSE,20,100,1.2,78,90,75,2
Student_8925,Female,ECE,21,100,3.2,94,65,74,2
Student_8926,Female,ECE,23,86,3.3,92,59,63,4
Student_8927,Female,ECE,23,60,3.9,79,90,67,4
Student_8928,Female,ME,19,56,5.4,91,68,67,3
Student_8929,Female,IT,21,84,4.6,76,78,80,0
Student_8930,Male,CE,21,60,1.1,42,41,31,4
Student_8931,Female,CSE,20,98,3.9,58,85,72,2
Student_8932,Male,IT,21,92,5.3,73,59,62,4
Student_8933,Female,ECE,19,96,4.5,53,62,53,5
Student_8934,Female,CSE,20,100,7.1,60,76,82,0
Student_8935,Female,CE,22,89,3.8,99,61,67,4
Student_8936,Male,IT,21,97,1.1,41,71,47,5
Student_8937,Male,IT,21,70,3.0,49,89,70,0
Student_8938,Female,ME,18,96,1.9,91,72,70,3
Student_8939,Male,IT,22,52,2.8,81,90,64,4
Student_8940,Female,IT,22,79,3.5,99,68,79,0
Student_8941,Female,CE,19,73,5.7,56,63,53,5
Student_8942,Male,CE,22,87,3.3,41,82,54,5
Student_8943,Male,CSE,18,52,7.2,66,80,76,0
Student_8944,Male,ECE,19,86,3.1,40,71,48,5
Student_8945,Male,CE,22,82,2.0,89,37,58,1
Student_8946,Female,CSE,19,71,2.2,75,84,65,3
Student_8947,Male,IT,22,80,7.5,72,55,62,4
Student_8948,Male,CSE,22,95,4.2,61,82,75,1
Student_8949,Female,CSE,23,61,3.8,88,92,71,4
Student_8950,Male,CSE,22,94,1.5,74,65,64,2
Student_8951,Male,CSE,21,63,6.1,73,41,57,2
Student_8952,Male,CE,22,61,5.9,57,91,77,0
Student_8953,Male,ECE,21,76,3.6,75,70,69,1
Student_8954,Female,CSE,20,62,5.8,96,58,76,0
Student_8955,Female,ME,23,73,3.6,42,58,57,0
Student_8956,Male,IT,18,87,1.5,83,90,81,0
Student_8957,Male,IT,19,96,6.2,93,95,91,2
Student_8958,Female,IT,19,97,7.8,55,62,61,5
Student_8959,Male,IT,20,58,5.5,99,66,78,0
Student_8960,Male,IT,22,57,2.9,50,79,48,5
Student_8961,Male,CSE,18,86,2.9,49,52,43,5
Student_8962,Male,ECE,20,64,7.5,90,36,69,0
Student_8963,Male,ME,20,56,3.1,81,37,56,0
Student_8964,Male,CE,19,73,6.4,60,63,70,0
Student_8965,Male,ME,21,98,5.5,64,82,79,1
Student_8966,Male,CE,21,65,5.1,74,99,73,4
Student_8967,Male,CE,22,73,2.3,95,76,75,1
Student_8968,Female,ME,22,92,1.2,45,40,41,3
Student_8969,Female,CSE,20,56,4.4,85,93,67,5
Student_8970,Female,IT,22,92,7.9,83,53,77,1
Student_8971,Male,CSE,21,77,2.4,47,86,53,5
Student_8972,Male,IT,18,51,4.8,73,95,64,5
Student_8973,Female,ECE,19,83,5.7,80,36,51,5
Student_8974,Male,CE,21,87,4.4,85,57,65,3
Student_8975,Female,ME,23,52,4.5,40,53,46,2
Student_8976,Male,ECE,22,50,5.6,42,84,55,4
Student_8977,Female,IT,19,80,6.7,91,95,94,0
Student_8978,Female,CSE,23,72,3.3,77,53,56,3
Student_8979,Female,ME,19,69,7.3,66,56,64,2
Student_8980,Male,CE,20,65,4.4,91,37,51,4
Student_8981,Female,ECE,22,95,5.6,52,39,52,3
Student_8982,Male,CE,20,81,1.7,82,94,75,2
Student_8983,Male,IT,19,66,4.4,86,73,77,0
Student_8984,Male,CE,20,67,1.1,89,62,61,2
Student_8985,Male,CSE,22,53,3.7,58,35,43,2
Student_8986,Male,ECE,21,84,1.4,58,56,59,0
Student_8987,Male,ECE,18,89,7.3,45,79,62,5
Student_8988,Male,CSE,23,85,5.7,86,85,73,5
Student_8989,Female,CE,21,72,6.5,92,85,80,3
Student_8990,Female,CSE,19,64,4.3,53,62,56,2
Student_8991,Female,ME,21,62,7.0,44,64,65,0
Student_8992,Male,CSE,20,63,7.1,82,42,59,3
Student_8993,Male,CE,22,63,3.5,91,75,76,0
Student_8994,Male,CSE,21,86,3.6,84,59,70,1
Student_8995,Male,IT,21,54,4.6,84,93,73,3
Student_8996,Female,CSE,22,71,1.3,75,68,63,1
Student_8997,Male,CSE,20,77,8.0,48,73,60,5
Student_8998,Female,CE,18,94,3.5,62,80,70,2
Student_8999,Male,ME,21,53,4.3,71,72,63,2
Student_9000,Female,ME,23,99,6.3,68,67,73,2
Student_9001,Male,CE,19,87,3.1,84,56,62,3
Student_9002,Female,CE,20,78,2.4,67,61,52,4
Student_9003,Male,CE,20,86,1.9,79,97,74,3
Student_9004,Female,IT,21,84,4.7,91,61,68,3
Student_9005,Male,ECE,23,69,1.0,50,55,40,4
Student_9006,Female,CSE,22,84,6.0,58,87,72,3
Student_9007,Female,CE,21,84,4.2,40,69,49,5
Student_9008,Male,CE,21,69,4.7,48,81,67,1
Student_9009,Female,CE,22,51,2.8,96,84,66,4
Student_9010,Male,ME,19,67,2.2,41,44,35,4
Student_9011,Male,CE,22,79,5.9,43,62,62,1
Student_9012,Male,CSE,21,91,2.5,68,71,60,4
Student_9013,Female,CE,18,78,6.5,43,75,59,4
Student_9014,Female,CSE,22,88,2.4,99,95,87,1
Student_9015,Male,IT,19,71,5.3,40,85,70,0
Student_9016,Male,ECE,22,78,5.5,67,42,63,0
Student_9017,Female,ME,22,95,4.5,57,92,66,5
Student_9018,Female,CSE,20,59,8.0,85,95,91,0
Student_9019,Female,IT,20,69,3.6,52,67,60,1
Student_9020,Male,ECE,21,65,7.2,79,53,66,2
Student_9021,Male,ECE,21,55,2.2,45,64,45,3
Student_9022,Male,ECE,22,66,3.4,88,48,53,4
Student_9023,Male,CSE,18,55,2.0,94,70,68,1
Student_9024,Male,IT,23,71,5.2,82,41,56,3
Student_9025,Female,CE,21,67,5.5,86,68,74,1
Student_9026,Male,IT,22,81,4.2,78,84,69,4
Student_9027,Female,IT,22,77,6.0,61,66,66,2
Student_9028,Female,IT,23,91,7.1,100,76,89,1
Student_9029,Male,CSE,22,59,6.4,69,67,63,3
Student_9030,Female,CSE,23,90,2.7,66,48,47,5
Student_9031,Male,CSE,23,71,3.2,47,62,50,3
Student_9032,Female,IT,22,77,3.7,82,73,64,4
Student_9033,Male,CSE,22,64,2.4,67,65,48,5
Student_9034,Male,ECE,20,92,3.5,92,58,76,0
Student_9035,Female,CSE,23,78,2.7,41,38,36,4
Student_9036,Male,ME,19,56,8.0,59,43,47,5
Student_9037,Female,CSE,23,99,6.5,50,58,56,5
Student_9038,Male,CSE,19,83,7.0,53,99,74,4
Student_9039,Male,CSE,22,81,7.5,63,51,70,0
Student_9040,Male,CSE,21,51,5.7,52,71,59,2
Student_9041,Female,ME,18,75,2.2,47,84,64,1
Student_9042,Female,CE,22,94,6.3,83,79,78,3
Student_9043,Male,CSE,18,60,1.1,60,54,50,1
Student_9044,Female,ECE,20,74,1.8,61,93,70,1
Student_9045,Male,ME,19,68,1.2,48,93,58,3
Student_9046,Female,CE,20,69,1.9,97,45,64,0
Student_9047,Female,CSE,21,82,6.3,97,89,84,3
Student_9048,Male,CE,21,66,7.2,81,99,91,0
Student_9049,Male,ECE,23,79,3.0,82,92,83,0
Student_9050,Male,ME,22,67,1.8,50,78,51,4
Student_9051,Male,ME,23,81,2.9,55,48,51,2
Student_9052,Male,CE,21,89,5.5,89,86,74,5
Student_9053,Female,CSE,21,94,3.5,92,68,68,4
Student_9054,Female,IT,23,53,7.7,48,97,73,2
Student_9055,Male,ME,20,81,1.9,42,61,57,0
Student_9056,Male,IT,18,68,7.9,93,46,60,5
Student_9057,Male,ME,19,52,1.1,75,72,48,5
Student_9058,Female,CSE,21,87,4.2,91,90,77,4
Student_9059,Male,CSE,23,77,2.8,90,99,84,1
Student_9060,Male,ME,21,87,5.0,81,74,72,3
Student_9061,Female,CE,20,55,1.7,52,55,43,3
Student_9062,Female,CSE,19,89,7.1,40,66,61,3
Student_9063,Female,CSE,20,66,2.0,83,46,54,2
Student_9064,Female,ECE,18,91,5.1,50,60,58,3
Student_9065,Male,CSE,20,54,1.2,63,70,54,2
Student_9066,Female,ECE,19,68,3.2,44,50,47,2
Student_9067,Female,CSE,19,92,2.0,41,68,46,5
Student_9068,Male,CSE,21,91,7.8,56,58,67,2
Student_9069,Male,CE,18,84,1.1,56,73,62,1
Student_9070,Male,CE,22,71,3.5,59,98,63,5
Student_9071,Female,CSE,21,73,3.1,54,63,62,0
Student_9072,Male,ME,23,59,5.6,43,65,58,1
Student_9073,Female,ME,20,51,1.4,93,97,79,0
Student_9074,Female,CSE,20,77,6.7,50,77,71,1
Student_9075,Female,ME,19,90,4.3,62,53,60,2
Student_9076,Male,CSE,23,86,4.2,40,44,55,0
Student_9077,Female,CE,19,66,2.6,81,90,63,5
Student_9078,Male,IT,23,55,4.4,89,94,75,3
Student_9079,Male,ECE,19,92,3.5,86,77,79,1
Student_9080,Male,ME,22,54,2.7,90,82,76,0
Student_9081,Female,ME,22,88,2.2,96,74,71,3
Student_9082,Female,CE,21,56,6.1,43,68,51,4
Student_9083,Female,ME,22,81,2.0,77,35,51,2
Student_9084,Male,CSE,23,53,2.2,41,53,45,1
Student_9085,Female,CSE,19,70,5.0,84,35,60,1
Student_9086,Female,IT,23,91,2.6,66,59,51,5
Student_9087,Female,IT,21,81,4.2,73,62,56,5
Student_9088,Female,IT,21,67,4.9,52,79,58,4
Student_9089,Female,CSE,18,82,2.9,86,58,71,0
Student_9090,Male,IT,22,63,3.4,100,78,77,1
Student_9091,Male,IT,20,55,2.5,57,36,44,1
Student_9092,Male,CSE,20,60,4.2,50,57,55,1
Student_9093,Male,CE,18,95,7.9,44,96,83,1
Student_9094,Female,ME,19,69,3.5,68,49,48,4
Student_9095,Male,ECE,18,78,5.6,64,66,66,2
Student_9096,Female,CSE,19,84,5.5,53,38,55,1
Student_9097,Male,CSE,22,65,6.5,93,65,67,4
Student_9098,Male,ECE,22,97,6.0,87,93,85,3
Student_9099,Male,ECE,21,56,1.1,85,35,49,1
Student_9100,Female,IT,21,89,3.2,80,48,67,0
Student_9101,Female,ECE,21,85,7.1,77,57,65,4
Student_9102,Male,ME,21,93,4.8,80,50,72,0
Student_9103,Female,ME,20,93,1.7,100,43,63,2
Student_9104,Male,ME,21,80,2.9,76,65,61,3
Student_9105,Male,ME,21,91,3.0,50,95,77,0
Student_9106,Male,ME,21,93,7.1,83,79,86,1
Student_9107,Female,IT,19,92,4.9,71,41,53,4
Student_9108,Male,CSE,23,92,5.3,88,91,82,3
Student_9109,Male,ECE,21,96,3.6,45,98,67,4
Student_9110,Male,CSE,18,55,1.4,91,36,40,5
Student_9111,Female,ECE,21,78,1.5,96,40,54,3
Student_9112,Male,IT,21,76,3.9,45,95,59,5
Student_9113,Female,IT,20,92,2.2,86,68,75,0
Student_9114,Male,CE,23,51,1.7,88,51,54,2
Student_9115,Female,CE,21,71,2.8,61,60,47,5
Student_9116,Male,IT,23,58,6.2,42,54,46,4
Student_9117,Male,IT,19,60,1.5,58,75,59,1
Student_9118,Female,ECE,22,65,4.1,94,92,74,4
Student_9119,Female,IT,23,94,6.8,73,88,74,5
Student_9120,Male,CSE,23,62,2.9,80,63,61,2
Student_9121,Female,ECE,21,67,3.1,80,82,61,5
Student_9122,Male,IT,21,74,7.2,46,56,65,0
Student_9123,Male,ECE,21,82,5.6,96,39,69,1
Student_9124,Male,ECE,20,59,6.6,55,86,72,1
Student_9125,Female,ME,22,79,3.0,98,35,65,0
Student_9126,Male,CE,20,100,8.0,77,79,78,4
Student_9127,Female,ECE,20,98,2.0,48,74,64,1
Student_9128,Male,ECE,20,50,7.7,97,98,81,4
Student_9129,Female,ME,19,82,7.3,52,45,52,4
Student_9130,Female,IT,22,98,4.9,73,86,85,0
Student_9131,Male,ECE,19,64,5.1,85,41,58,2
Student_9132,Female,ME,19,78,6.4,76,85,79,2
Student_9133,Male,CSE,22,51,3.1,82,55,51,4
Student_9134,Male,ME,19,60,4.7,86,73,76,0
Student_9135,Male,CE,22,83,7.3,45,78,69,2
Student_9136,Male,CE,23,90,1.5,99,91,72,5
Student_9137,Male,IT,23,68,7.3,77,75,69,4
Student_9138,Female,IT,21,51,6.1,87,73,74,1
Student_9139,Male,CE,20,97,6.4,98,54,80,1
Student_9140,Female,CE,23,69,1.5,91,56,51,5
Student_9141,Female,ECE,23,90,2.3,100,63,68,3
Student_9142,Male,CE,19,80,7.5,43,80,66,3
Student_9143,Female,IT,22,53,1.9,44,37,33,3
Student_9144,Male,CE,18,78,5.4,45,39,49,2
Student_9145,Female,IT,19,79,6.5,99,90,79,5
Student_9146,Female,CSE,19,62,2.6,52,66,56,1
Student_9147,Female,CE,22,64,5.9,85,75,77,1
Student_9148,Male,IT,18,69,1.5,63,63,54,2
Student_9149,Female,ME,18,83,4.5,67,100,82,1
Student_9150,Male,ECE,21,77,3.3,52,45,52,1
Student_9151,Female,IT,19,69,5.5,81,93,74,4
Student_9152,Female,CE,20,99,7.2,88,38,72,1
Student_9153,Female,CE,23,74,1.9,95,88,70,4
Student_9154,Female,CSE,19,76,4.2,57,36,46,3
Student_9155,Male,ME,20,79,4.0,98,82,86,0
Student_9156,Male,IT,20,90,3.3,46,78,57,4
Student_9157,Female,ME,22,69,4.4,43,96,58,5
Student_9158,Female,CSE,19,50,7.2,70,53,63,1
Student_9159,Male,ECE,22,84,7.8,63,78,73,3
Student_9160,Male,ME,21,98,1.0,61,65,65,0
Student_9161,Male,CSE,20,92,6.2,60,96,87,0
Student_9162,Male,IT,18,73,5.3,87,49,61,3
Student_9163,Female,ECE,20,74,8.0,81,63,71,3
Student_9164,Female,CE,21,89,1.6,65,81,72,0
Student_9165,Male,CSE,20,61,6.7,69,41,62,0
Student_9166,Male,CE,22,60,7.5,92,35,65,1
Student_9167,Male,ECE,19,79,7.4,91,56,65,5
Student_9168,Male,CSE,18,62,4.9,90,91,73,4
Student_9169,Male,CSE,22,96,3.3,74,92,72,4
Student_9170,Male,ECE,23,74,5.5,90,61,77,0
Student_9171,Female,IT,19,74,3.1,62,72,68,0
Student_9172,Female,CSE,18,66,3.9,95,47,53,5
Student_9173,Female,ECE,21,61,4.1,84,49,50,5
Student_9174,Male,ME,20,100,3.1,79,82,76,2
Student_9175,Male,CE,18,60,3.4,89,49,65,0
Student_9176,Male,CSE,23,59,1.1,69,74,52,4
Student_9177,Female,ME,21,66,3.1,58,64,59,1
Student_9178,Male,CSE,19,94,4.3,71,57,65,2
Student_9179,Male,IT,18,65,2.2,89,43,49,4
Student_9180,Female,ECE,21,69,6.6,93,66,78,1
Student_9181,Male,CSE,19,98,4.8,98,69,71,5
Student_9182,Female,ECE,22,54,6.6,58,83,59,5
Student_9183,Female,CSE,20,90,1.9,61,79,65,2
Student_9184,Male,IT,21,81,6.7,43,50,56,2
Student_9185,Female,IT,22,76,7.7,84,66,76,2
Student_9186,Male,ME,23,53,3.5,51,59,50,2
Student_9187,Female,IT,23,90,3.0,54,71,62,2
Student_9188,Male,ECE,19,97,5.5,97,71,81,2
Student_9189,Female,IT,18,56,5.5,54,69,57,3
Student_9190,Male,CSE,20,95,1.8,49,79,53,5
Student_9191,Female,IT,19,63,7.5,93,42,69,1
Student_9192,Female,ECE,21,88,4.4,100,81,76,4
Student_9193,Female,CSE,20,73,6.4,58,70,72,0
Student_9194,Male,ME,22,97,3.5,92,44,59,4
Student_9195,Male,ME,20,67,2.8,47,35,38,3
Student_9196,Female,ME,22,87,1.8,90,49,58,3
Student_9197,Male,CSE,19,88,2.9,96,37,61,2
Student_9198,Female,ME,18,100,8.0,70,66,74,3
Student_9199,Male,IT,23,89,5.6,48,54,53,4
Student_9200,Female,CSE,20,50,6.6,68,90,70,3
Student_9201,Male,CSE,18,66,7.7,46,76,60,4
Student_9202,Female,CSE,18,75,1.6,47,94,63,2
Student_9203,Female,CE,23,100,2.2,80,90,78,2
Student_9204,Female,ECE,20,71,7.5,56,81,69,3
Student_9205,Female,CE,20,88,5.0,54,58,52,5
Student_9206,Male,CE,18,67,5.4,55,75,70,0
Student_9207,Female,CE,21,87,4.0,46,38,48,2
Student_9208,Male,ECE,21,77,6.7,81,85,84,1
Student_9209,Male,CE,20,70,4.6,58,35,51,1
Student_9210,Female,ME,18,87,6.8,77,48,67,2
Student_9211,Male,CSE,18,82,7.9,64,44,54,5
Student_9212,Male,CSE,19,79,5.5,51,70,55,5
Student_9213,Male,IT,18,91,4.7,71,76,70,3
Student_9214,Female,ME,23,57,3.6,86,82,71,2
Student_9215,Male,ECE,21,79,2.4,49,52,47,3
Student_9216,Male,CSE,19,88,5.6,98,94,83,4
Student_9217,Female,CE,23,58,1.4,63,62,58,0
Student_9218,Female,IT,21,82,7.7,89,87,93,0
Student_9219,Male,IT,23,92,5.5,43,43,47,4
Student_9220,Female,CSE,22,78,7.7,82,58,66,4
Student_9221,Male,ME,20,80,2.9,76,54,54,4
Student_9222,Male,IT,22,52,7.6,84,61,75,0
Student_9223,Male,CSE,20,99,5.3,81,74,78,2
Student_9224,Female,ME,21,87,6.7,93,88,90,1
Student_9225,Male,CSE,21,60,2.3,100,49,51,5
Student_9226,Female,CSE,22,54,4.5,78,85,62,5
Student_9227,Female,ME,23,80,5.0,82,74,71,3
Student_9228,Male,ME,20,69,3.7,43,77,61,1
Student_9229,Female,ME,20,53,2.8,75,98,68,3
Student_9230,Female,CSE,19,57,7.3,76,41,65,0
Student_9231,Female,IT,18,91,1.6,64,36,49,2
Student_9232,Female,ECE,23,84,2.1,80,64,67,1
Student_9233,Female,ECE,23,62,3.2,69,86,61,4
Student_9234,Male,CSE,19,98,7.4,40,67,61,4
Student_9235,Female,CSE,21,54,4.9,68,43,46,4
Student_9236,Male,IT,22,89,3.6,55,45,44,5
Student_9237,Male,ME,23,68,3.8,76,44,58,1
Student_9238,Male,CSE,20,67,6.9,76,88,79,2
Student_9239,Male,CE,19,82,1.2,46,54,48,2
Student_9240,Male,ME,22,53,1.1,79,39,40,4
Student_9241,Male,CSE,22,67,1.3,90,58,63,1
Student_9242,Female,CE,23,95,4.3,72,66,63,4
Student_9243,Female,IT,18,73,5.1,89,65,68,3
Student_9244,Female,CE,20,92,5.4,61,78,69,3
Student_9245,Male,CSE,22,78,6.1,82,53,70,1
Student_9246,Female,ECE,20,80,2.3,93,58,62,3
Student_9247,Female,CSE,23,77,2.8,66,46,59,0
Student_9248,Female,ECE,19,58,2.7,68,84,71,0
Student_9249,Male,IT,22,94,2.0,55,59,62,0
Student_9250,Female,IT,23,75,2.7,60,85,63,3
Student_9251,Male,ME,22,98,5.3,50,48,58,2
Student_9252,Female,ME,19,96,3.6,60,63,69,0
Student_9253,Male,ECE,20,51,6.4,48,59,49,4
Student_9254,Male,ECE,20,55,4.8,66,93,71,2
Student_9255,Male,IT,22,78,2.5,78,91,77,1
Student_9256,Female,CE,23,75,4.3,61,46,51,3
Student_9257,Female,ECE,19,77,5.2,54,84,63,4
Student_9258,Male,ECE,21,56,7.1,82,46,65,1
Student_9259,Female,CE,20,83,6.8,62,82,72,3
Student_9260,Male,ME,21,94,4.0,90,84,72,5
Student_9261,Male,ME,22,59,5.5,68,53,55,3
Student_9262,Female,ECE,21,97,3.1,78,87,71,4
Student_9263,Female,ME,23,90,5.4,55,69,57,5
Student_9264,Female,ME,23,89,7.4,42,61,60,3
Student_9265,Male,ME,21,96,5.4,55,85,71,3
Student_9266,Male,IT,23,71,3.1,47,53,46,3
Student_9267,Female,CSE,20,76,5.5,65,77,70,2
Student_9268,Male,ECE,22,88,7.3,81,69,84,0
Student_9269,Female,ECE,21,71,2.0,48,49,37,5
Student_9270,Male,IT,20,68,4.4,74,50,52,4
Student_9271,Female,CSE,21,85,3.2,46,75,61,2
Student_9272,Female,CSE,20,58,2.7,47,88,54,4
Student_9273,Male,IT,23,68,3.8,74,99,77,2
Student_9274,Female,CE,23,51,3.8,87,64,60,3
Student_9275,Female,CE,22,77,2.5,93,53,54,5
Student_9276,Male,CSE,23,88,3.8,100,80,78,3
Student_9277,Female,CE,19,71,5.4,85,94,73,5
Student_9278,Male,CE,20,100,1.2,78,58,54,5
Student_9279,Female,CE,20,55,7.9,75,70,62,5
Student_9280,Male,CSE,21,96,3.1,45,83,66,2
Student_9281,Female,CE,22,56,5.4,46,93,64,3
Student_9282,Female,ECE,18,55,3.0,51,48,36,5
Student_9283,Female,CSE,23,82,3.8,78,73,76,0
Student_9284,Female,IT,18,63,4.8,98,42,56,4
Student_9285,Male,CE,19,50,5.3,40,82,50,5
Student_9286,Male,ME,22,74,6.4,89,75,75,3
Student_9287,Male,CSE,20,55,6.5,82,69,61,5
Student_9288,Male,IT,18,77,4.6,82,98,73,5
Student_9289,Male,ECE,19,67,1.5,88,87,74,1
Student_9290,Male,IT,22,76,4.9,64,88,73,2
Student_9291,Male,CE,19,98,4.3,51,71,56,5
Student_9292,Female,ME,23,51,2.5,94,86,71,2
Student_9293,Female,CE,18,89,1.1,66,52,45,5
Student_9294,Female,IT,21,70,3.2,62,55,51,3
Student_9295,Female,CSE,21,72,2.8,58,76,61,2
Student_9296,Male,ME,22,51,4.4,60,99,73,1
Student_9297,Male,ME,19,65,6.3,89,42,63,2
Student_9298,Male,IT,20,53,4.1,60,73,63,1
Student_9299,Female,CE,18,83,7.7,63,95,82,2
Student_9300,Male,IT,21,54,2.5,52,94,63,2
Student_9301,Female,ME,21,98,2.5,81,93,83,1
Student_9302,Male,IT,19,83,5.2,90,44,59,4
Student_9303,Male,ME,21,71,7.3,75,97,75,5
Student_9304,Male,CE,19,95,5.7,95,41,75,0
Student_9305,Male,CSE,18,69,5.7,54,69,54,5
Student_9306,Female,CSE,19,88,6.6,89,76,84,1
Student_9307,Female,IT,21,96,5.7,40,63,67,0
Student_9308,Male,ME,19,99,6.3,90,61,68,5
Student_9309,Female,CSE,21,62,7.1,73,72,62,5
Student_9310,Male,ME,23,93,1.1,81,36,53,2
Student_9311,Male,CE,22,83,7.2,70,59,63,4
Student_9312,Male,IT,21,93,2.5,89,100,87,1
Student_9313,Male,ME,21,55,7.4,71,72,63,4
Student_9314,Female,IT,21,78,2.9,75,93,78,1
Student_9315,Male,ME,22,82,4.2,100,41,56,5
Student_9316,Male,ME,23,50,7.5,68,83,69,3
Student_9317,Female,CE,20,96,1.8,93,75,77,1
Student_9318,Male,IT,21,97,6.2,49,85,80,0
Student_9319,Female,ECE,20,56,3.7,97,58,61,3
Student_9320,Male,ME,18,71,1.2,60,70,56,2
Student_9321,Male,ME,23,81,7.6,75,44,56,5
Student_9322,Male,CSE,19,63,1.8,63,55,54,1
Student_9323,Male,IT,20,100,6.4,66,61,62,5
Student_9324,Male,ECE,23,73,3.7,60,89,75,0
Student_9325,Male,CE,18,68,6.7,57,39,53,2
Student_9326,Female,ECE,23,76,6.3,91,93,92,0
Student_9327,Male,CE,19,72,5.4,94,70,75,2
Student_9328,Female,ECE,21,94,7.6,43,68,59,5
Student_9329,Female,ECE,21,70,1.7,86,86,74,1
Student_9330,Male,IT,21,93,6.6,93,40,63,4
Student_9331,Female,CSE,22,78,5.7,57,48,57,2
Student_9332,Male,ECE,22,50,3.2,48,93,53,5
Student_9333,Female,ME,22,80,4.8,91,91,77,4
Student_9334,Male,ME,22,76,5.5,100,71,78,2
Student_9335,Female,ME,18,93,6.2,88,92,82,4
Student_9336,Female,CSE,23,85,2.3,69,66,65,1
Student_9337,Male,ECE,18,76,1.7,74,54,62,0
Student_9338,Female,CE,21,64,1.7,84,95,76,1
Student_9339,Male,CE,19,74,3.1,69,91,72,2
Student_9340,Male,IT,22,97,2.1,78,86,72,3
Student_9341,Male,CSE,23,64,4.7,85,82,80,0
Student_9342,Male,ECE,19,89,4.1,97,45,61,4
Student_9343,Male,ME,18,68,7.3,96,64,82,0
Student_9344,Female,CSE,22,96,6.0,45,94,82,0
Student_9345,Female,CSE,18,99,2.4,53,52,58,1
Student_9346,Female,ECE,18,60,1.3,85,81,66,2
Student_9347,Male,IT,20,90,6.0,68,46,53,5
Student_9348,Female,IT,23,82,6.9,71,84,70,5
Student_9349,Female,IT,18,90,5.9,53,74,72,1
Student_9350,Female,ME,21,72,5.5,59,98,76,2
Student_9351,Female,ME,18,61,2.7,89,53,56,3
Student_9352,Female,ECE,22,51,4.5,48,61,55,1
Student_9353,Male,IT,21,92,6.1,51,86,71,3
Student_9354,Male,ECE,18,70,2.4,53,41,45,2
Student_9355,Female,IT,21,63,4.3,95,97,88,0
Student_9356,Male,CSE,18,83,1.8,62,89,65,3
Student_9357,Male,CE,23,64,4.7,87,65,65,3
Student_9358,Female,CE,21,70,5.0,73,45,57,2
Student_9359,Female,IT,19,72,4.7,55,51,54,2
Student_9360,Male,ECE,20,70,4.3,57,100,76,1
Student_9361,Female,ME,21,99,5.1,95,66,81,1
Student_9362,Male,IT,22,63,8.0,80,58,69,2
Student_9363,Male,IT,20,70,5.4,96,47,63,3
Student_9364,Female,ME,20,61,6.3,79,56,58,4
Student_9365,Male,IT,18,91,2.3,72,53,62,1
Student_9366,Male,CSE,21,95,4.7,44,87,70,2
Student_9367,Male,ME,23,96,1.1,78,73,62,4
Student_9368,Female,CSE,20,54,1.2,49,55,37,4
Student_9369,Female,CE,22,51,3.3,61,50,43,4
Student_9370,Female,ME,23,71,4.3,82,41,51,4
Student_9371,Female,ME,23,55,5.0,83,60,69,0
Student_9372,Male,ECE,22,93,7.2,72,65,77,1
Student_9373,Female,ECE,22,51,6.4,97,74,69,4
Student_9374,Female,ME,18,78,3.1,70,61,55,4
Student_9375,Female,CE,19,85,6.2,45,43,54,2
Student_9376,Female,IT,21,56,4.8,75,50,48,5
Student_9377,Male,ECE,20,65,6.5,42,47,51,2
Student_9378,Male,CE,21,82,3.9,43,94,59,5
Student_9379,Male,CE,23,82,1.6,95,94,85,0
Student_9380,Female,ECE,20,63,5.3,66,43,48,4
Student_9381,Female,IT,18,92,4.9,77,87,86,0
Student_9382,Male,ECE,21,61,7.7,64,66,58,5
Student_9383,Female,CE,18,92,2.1,76,89,75,2
Student_9384,Female,CSE,18,55,5.6,66,59,50,5
Student_9385,Male,ECE,21,61,4.3,80,75,71,1
Student_9386,Male,CE,21,80,3.7,75,60,60,3
Student_9387,Female,ECE,20,61,6.6,85,63,67,3
Student_9388,Female,CE,23,59,6.7,86,70,64,5
Student_9389,Female,IT,23,89,6.0,99,37,74,0
Student_9390,Male,CE,22,76,1.6,75,93,72,2
Student_9391,Male,ME,18,100,3.4,93,68,72,3
Student_9392,Male,CSE,23,56,1.3,85,40,43,4
Student_9393,Male,CE,19,95,3.4,100,65,78,1
Student_9394,Female,ECE,20,85,5.5,81,66,72,2
Student_9395,Male,ECE,20,82,4.6,98,76,85,0
Student_9396,Male,CE,22,76,5.9,46,91,71,2
Student_9397,Female,ME,22,57,4.9,69,80,70,1
Student_9398,Female,CE,18,54,4.9,89,90,68,5
Student_9399,Female,IT,20,57,4.6,91,84,75,2
Student_9400,Male,ME,20,89,3.6,86,64,61,5
Student_9401,Female,CE,19,70,4.1,68,70,70,0
Student_9402,Female,CSE,18,73,1.8,79,60,53,4
Student_9403,Male,ME,18,56,6.8,80,84,76,2
Student_9404,Male,CE,23,68,7.2,44,36,55,0
Student_9405,Female,CSE,22,80,6.4,45,41,43,5
Student_9406,Male,CE,23,85,5.1,97,61,65,5
Student_9407,Female,IT,18,76,5.0,83,83,71,4
Student_9408,Female,ECE,19,78,4.3,46,80,61,3
Student_9409,Male,CE,18,72,2.6,78,60,61,2
Student_9410,Female,ME,23,69,3.7,71,99,70,4
Student_9411,Male,CE,21,55,7.9,54,36,42,5
Student_9412,Male,CE,21,61,2.0,90,98,73,3
Student_9413,Male,CE,19,99,4.8,52,98,69,5
Student_9414,Female,CE,22,61,7.1,57,94,75,2
Student_9415,Male,ME,20,99,4.2,49,43,54,2
Student_9416,Male,ME,18,52,5.2,79,49,61,1
Student_9417,Female,CE,23,91,6.8,96,71,83,2
Student_9418,Female,ECE,22,88,4.8,50,40,52,2
Student_9419,Female,CE,23,84,6.1,79,77,71,4
Student_9420,Female,ME,22,68,3.4,79,79,75,0
Student_9421,Male,IT,18,94,6.1,86,62,78,1
Student_9422,Male,CE,20,53,1.3,41,86,53,2
Student_9423,Male,CE,18,80,2.1,66,69,55,4
Student_9424,Female,CE,20,91,5.5,91,100,81,5
Student_9425,Female,CE,23,87,4.1,93,60,62,5
Student_9426,Male,CSE,19,82,6.8,95,54,68,4
Student_9427,Female,CE,20,55,3.4,84,96,81,0
Student_9428,Female,ME,22,57,6.4,89,35,55,3
Student_9429,Male,ME,19,77,2.0,83,87,73,2
Student_9430,Male,CSE,23,64,7.5,47,64,58,3
Student_9431,Female,CE,21,80,3.9,88,94,87,0
Student_9432,Female,ECE,19,57,2.6,98,44,51,4
Student_9433,Female,CE,20,55,6.5,77,56,60,3
Student_9434,Male,ME,19,78,7.6,55,63,72,0
Student_9435,Male,IT,23,100,7.4,95,42,71,3
Student_9436,Male,IT,19,95,2.7,63,87,63,5
Student_9437,Male,ECE,23,83,5.7,99,45,63,4
Student_9438,Male,CE,21,56,4.8,98,60,68,2
Student_9439,Female,CSE,20,89,6.1,62,53,54,5
Student_9440,Female,CE,22,59,4.4,94,53,55,5
Student_9441,Female,ECE,19,62,4.3,53,64,59,1
Student_9442,Male,ECE,18,71,7.2,66,70,61,5
Student_9443,Male,ECE,22,70,7.1,49,76,61,4
Student_9444,Male,IT,19,50,6.5,98,90,79,3
Student_9445,Female,CE,22,90,5.9,67,43,61,2
Student_9446,Male,CE,18,91,5.7,64,41,62,1
Student_9447,Male,CSE,22,51,1.4,41,52,31,5
Student_9448,Female,ECE,22,78,6.2,84,43,70,0
Student_9449,Male,ECE,18,60,5.5,72,40,54,2
Student_9450,Female,ME,18,86,3.1,99,79,72,4
Student_9451,Male,ME,18,99,6.7,89,56,73,3
Student_9452,Male,IT,21,56,6.8,85,66,61,5
Student_9453,Female,CE,23,84,7.5,74,50,71,1
Student_9454,Female,CSE,23,79,3.9,86,36,48,5
Student_9455,Female,CSE,18,65,4.9,80,75,70,2
Student_9456,Female,ECE,23,64,7.3,97,85,87,1
Student_9457,Female,CSE,22,89,3.2,52,48,56,1
Student_9458,Female,ECE,18,69,6.6,94,83,82,2
Student_9459,Male,CE,19,77,7.9,44,83,62,5
Student_9460,Male,CSE,18,86,5.6,44,61,57,3
Student_9461,Female,ECE,18,52,7.9,61,73,58,5
Student_9462,Male,CE,23,78,4.6,73,70,74,0
Student_9463,Female,CE,20,86,2.1,40,44,45,2
Student_9464,Male,ECE,22,58,2.2,98,38,60,0
Student_9465,Female,ECE,23,76,6.1,56,36,55,1
Student_9466,Male,IT,22,81,1.0,90,62,67,1
Student_9467,Male,CE,19,97,5.6,88,60,72,3
Student_9468,Male,ECE,21,95,2.1,48,64,57,2
Student_9469,Male,CE,20,99,7.9,49,43,52,5
Student_9470,Male,CSE,19,88,2.1,100,35,59,2
Student_9471,Female,ME,19,80,4.9,54,90,66,4
Student_9472,Female,ME,22,96,5.7,84,90,82,3
Student_9473,Female,ECE,20,75,6.7,68,95,80,2
Student_9474,Male,ECE,22,89,4.2,92,79,82,1
Student_9475,Female,CE,21,52,7.5,64,47,54,3
Student_9476,Male,ECE,22,60,4.4,60,48,46,4
Student_9477,Male,CE,18,78,2.8,56,44,43,4
Student_9478,Male,ECE,22,76,5.2,66,51,50,5
Student_9479,Female,CE,18,99,5.6,67,51,68,1
Student_9480,Male,ECE,19,96,4.6,62,65,58,5
Student_9481,Female,IT,21,59,6.1,78,80,73,2
Student_9482,Female,CE,23,84,3.9,75,83,77,1
Student_9483,Male,IT,18,96,1.0,42,52,42,4
Student_9484,Male,IT,21,72,2.9,72,45,50,3
Student_9485,Female,IT,22,55,7.6,46,89,69,2
Student_9486,Female,IT,23,60,6.3,44,37,49,1
Student_9487,Female,CSE,22,92,2.3,65,50,47,5
Student_9488,Female,ME,19,100,1.5,56,43,51,2
Student_9489,Female,CSE,22,76,3.5,56,79,61,3
Student_9490,Female,ECE,18,80,6.9,86,36,58,4
Student_9491,Male,ECE,19,79,1.7,42,56,51,1
Student_9492,Female,ME,21,52,4.8,42,83,53,4
Student_9493,Female,ME,19,62,2.9,73,55,47,5
Student_9494,Female,ME,21,89,6.1,47,89,64,5
Student_9495,Female,IT,20,70,1.0,84,38,53,1
Student_9496,Male,CSE,18,92,2.9,99,92,84,2
Student_9497,Male,ECE,18,60,5.8,95,93,89,0
Student_9498,Female,CSE,21,94,4.8,45,60,62,1
Student_9499,Female,CSE,22,52,6.5,76,73,72,1
Student_9500,Female,CSE,23,87,2.1,84,35,48,4
Student_9501,Male,ME,22,80,4.7,61,91,80,0
Student_9502,Male,ME,20,73,2.4,72,82,58,5
Student_9503,Male,ECE,21,91,5.5,89,55,77,0
Student_9504,Male,ECE,20,100,1.9,46,65,63,0
Student_9505,Male,ECE,21,61,2.0,88,92,79,0
Student_9506,Male,CSE,20,95,3.3,79,81,72,3
Student_9507,Female,ME,21,92,3.8,58,57,60,2
Student_9508,Male,IT,18,76,4.5,87,41,63,1
Student_9509,Male,CSE,20,70,5.1,85,83,76,2
Student_9510,Female,CE,20,74,4.3,91,65,61,5
Student_9511,Male,CSE,21,79,1.3,94,81,72,2
Student_9512,Female,ME,19,79,3.4,49,69,58,2
Student_9513,Male,CE,19,59,1.4,62,68,54,2
Student_9514,Female,CSE,18,52,1.8,41,92,54,3
Student_9515,Female,ME,22,62,1.6,60,49,41,4
Student_9516,Female,ME,22,76,2.1,63,76,59,3
Student_9517,Female,IT,18,67,6.7,87,52,70,1
Student_9518,Female,CSE,22,94,5.4,96,72,87,0
Student_9519,Male,ME,23,73,4.5,52,98,66,4
Student_9520,Male,ECE,23,95,6.1,44,63,66,1
Student_9521,Female,ME,23,63,7.7,57,44,47,5
Student_9522,Female,IT,23,88,3.9,91,51,73,0
Student_9523,Female,ME,21,93,3.6,50,66,58,3
Student_9524,Male,CSE,19,53,7.8,76,95,81,2
Student_9525,Female,CSE,18,65,6.4,93,80,82,1
Student_9526,Female,CE,21,100,6.4,71,90,75,5
Student_9527,Female,CSE,23,59,5.2,67,95,74,2
Student_9528,Female,CE,18,97,4.5,61,78,71,2
Student_9529,Male,ECE,19,86,4.9,84,72,75,2
Student_9530,Female,IT,22,76,5.6,67,84,68,4
Student_9531,Female,ECE,21,97,3.6,40,66,65,0
Student_9532,Male,CE,19,50,6.5,45,87,65,2
Student_9533,Female,ME,18,54,7.4,50,82,58,5
Student_9534,Female,ME,20,62,5.0,81,35,57,1
Student_9535,Male,ECE,21,94,3.7,72,64,61,4
Student_9536,Male,ME,18,52,5.9,55,43,55,0
Student_9537,Male,CE,18,66,2.3,52,67,57,1
Student_9538,Female,IT,19,68,7.8,60,60,59,4
Student_9539,Female,CSE,18,86,5.6,98,76,76,4
Student_9540,Male,CE,21,54,1.5,87,76,55,5
Student_9541,Male,CE,23,96,4.7,86,73,68,5
Student_9542,Male,CSE,21,91,6.3,78,95,92,0
Student_9543,Female,CSE,18,93,2.9,85,81,67,5
Student_9544,Female,IT,19,73,1.4,63,76,60,2
Student_9545,Male,IT,21,92,4.4,82,82,81,1
Student_9546,Female,IT,20,82,6.8,66,86,75,3
Student_9547,Male,ME,23,70,2.8,84,67,65,2
Student_9548,Female,CE,22,52,6.0,76,61,60,3
Student_9549,Female,CSE,19,53,3.9,89,77,72,1
Student_9550,Female,CE,19,100,1.4,42,63,45,5
Student_9551,Female,CE,22,81,3.1,51,53,49,3
Student_9552,Male,IT,22,73,3.2,46,62,50,3
Student_9553,Female,IT,21,84,7.3,97,44,78,0
Student_9554,Female,CE,18,67,7.9,59,50,66,0
Student_9555,Male,IT,18,52,2.5,54,35,30,5
Student_9556,Female,ME,20,88,4.0,40,38,52,0
Student_9557,Male,CSE,23,75,7.8,90,38,63,3
Student_9558,Male,CE,18,73,3.9,49,54,43,5
Student_9559,Female,CSE,20,50,3.4,53,97,62,3
Student_9560,Female,ME,20,100,1.8,54,69,55,4
Student_9561,Male,IT,19,99,6.3,73,79,73,4
Student_9562,Male,ECE,19,83,4.1,96,91,89,0
Student_9563,Male,ME,23,61,5.5,88,58,60,4
Student_9564,Female,ECE,21,66,4.6,64,54,57,2
Student_9565,Male,CSE,22,70,2.2,70,62,52,4
Student_9566,Male,CE,22,70,2.2,49,72,49,4
Student_9567,Male,IT,23,52,7.6,76,58,65,2
Student_9568,Female,ME,20,93,7.2,99,58,79,2
Student_9569,Male,IT,23,77,5.3,45,59,60,1
Student_9570,Female,ECE,22,74,1.0,45,51,41,3
Student_9571,Female,ECE,20,93,4.0,67,92,74,3
Student_9572,Male,CE,22,55,4.7,77,54,50,5
Student_9573,Female,ECE,21,91,4.1,96,36,69,0
Student_9574,Male,CE,19,79,7.5,53,43,48,5
Student_9575,Female,ME,19,81,1.3,52,97,70,1
Student_9576,Female,CE,20,71,5.6,52,40,42,5
Student_9577,Male,ECE,23,87,3.2,96,45,67,1
Student_9578,Male,CSE,22,63,4.9,98,55,70,1
Student_9579,Male,CE,18,83,5.6,49,97,78,1
Student_9580,Female,IT,21,92,4.1,55,64,56,4
Student_9581,Female,CSE,22,96,2.0,78,55,65,1
Student_9582,Male,CE,18,75,4.6,74,57,54,5
Student_9583,Male,IT,21,89,7.5,54,95,87,0
Student_9584,Female,CSE,21,62,4.8,62,64,57,3
Student_9585,Female,CE,19,79,1.9,76,80,71,1
Student_9586,Female,ME,20,68,6.8,96,94,78,5
Student_9587,Male,IT,22,91,2.6,47,52,49,3
Student_9588,Female,ME,21,90,3.6,65,96,77,2
Student_9589,Male,ECE,22,99,4.0,99,79,89,0
Student_9590,Female,CE,21,88,3.4,61,95,74,2
Student_9591,Female,CE,23,52,3.8,44,93,53,5
Student_9592,Male,IT,19,80,6.6,97,69,82,1
Student_9593,Male,CE,20,61,2.6,73,56,49,4
Student_9594,Male,ECE,18,64,4.3,66,58,49,5
Student_9595,Female,CE,18,94,1.1,99,85,72,4
Student_9596,Female,CSE,23,87,4.6,58,99,68,5
Student_9597,Female,ME,19,89,1.8,82,49,65,0
Student_9598,Male,ECE,21,63,3.0,82,62,65,1
Student_9599,Female,ECE,19,84,3.3,74,76,73,1
Student_9600,Male,ME,20,65,1.6,84,54,60,1
Student_9601,Male,ME,18,99,3.5,59,77,72,1
Student_9602,Male,ECE,22,73,4.5,90,97,74,5
Student_9603,Female,ME,18,66,4.0,94,77,80,0
Student_9604,Female,IT,20,67,3.0,100,36,63,0
Student_9605,Male,ME,21,91,3.1,86,57,73,0
Student_9606,Female,CSE,19,66,5.4,77,46,50,5
Student_9607,Male,CSE,18,65,6.0,52,80,60,4
Student_9608,Male,IT,18,70,5.0,95,67,76,1
Student_9609,Female,ME,22,73,7.8,57,78,63,5
Student_9610,Male,CSE,19,83,7.6,57,59,66,2
Student_9611,Male,CE,22,85,1.7,40,69,51,3
Student_9612,Female,ME,22,92,2.8,71,69,72,0
Student_9613,Male,IT,21,76,7.1,92,99,96,0
Student_9614,Male,ME,18,88,1.2,94,77,64,5
Student_9615,Male,ECE,23,66,5.1,64,96,69,4
Student_9616,Male,ECE,19,74,7.7,60,65,62,4
Student_9617,Male,CSE,21,100,5.8,66,62,67,3
Student_9618,Male,ECE,23,87,1.6,50,45,41,4
Student_9619,Male,IT,21,91,6.2,87,66,68,5
Student_9620,Female,CSE,21,70,3.6,40,100,73,0
Student_9621,Female,IT,20,53,7.5,58,94,77,1
Student_9622,Male,IT,20,74,3.0,71,85,73,1
Student_9623,Male,ECE,21,79,4.3,47,93,63,4
Student_9624,Female,ECE,20,82,6.2,58,51,57,3
Student_9625,Female,IT,19,88,2.8,94,72,77,1
Student_9626,Female,ECE,18,75,2.3,55,98,75,0
Student_9627,Female,ECE,23,74,1.0,97,37,57,1
Student_9628,Female,ECE,19,65,4.4,74,88,70,3
Student_9629,Male,ME,18,98,7.5,41,78,66,4
Student_9630,Female,IT,20,73,3.0,51,64,55,2
Student_9631,Female,CE,23,54,1.3,68,88,54,5
Student_9632,Female,IT,19,91,5.3,49,82,73,1
Student_9633,Male,CSE,22,88,1.4,61,69,66,0
Student_9634,Male,ECE,21,62,4.5,73,60,58,3
Student_9635,Male,ECE,18,79,3.7,97,90,85,1
Student_9636,Male,CE,18,56,4.3,60,98,71,2
Student_9637,Male,CSE,22,96,2.1,76,63,59,4
Student_9638,Male,ME,22,66,1.6,44,93,63,1
Student_9639,Female,IT,21,76,6.2,45,59,55,3
Student_9640,Male,ME,20,84,2.7,71,61,64,1
Student_9641,Male,CSE,19,54,6.6,42,56,47,4
Student_9642,Female,CE,19,91,6.3,49,81,68,3
Student_9643,Male,CSE,19,54,2.4,44,89,49,5
Student_9644,Female,CE,20,73,7.4,63,43,59,2
Student_9645,Female,ME,21,56,2.1,59,88,68,0
Student_9646,Male,ME,19,56,6.6,76,98,71,5
Student_9647,Female,CSE,18,63,3.9,70,73,58,4
Student_9648,Female,CSE,18,64,2.3,86,42,57,1
Student_9649,Female,ECE,18,54,7.6,56,61,61,2
Student_9650,Female,CE,22,86,7.7,88,67,76,3
Student_9651,Male,ECE,22,53,4.6,63,44,41,5
Student_9652,Female,IT,20,79,4.3,57,50,52,3
Student_9653,Male,IT,19,69,7.3,65,45,56,3
Student_9654,Female,CSE,22,75,5.2,81,53,67,1
Student_9655,Female,ME,18,58,2.9,94,98,69,5
Student_9656,Female,IT,22,79,4.0,46,86,60,4
Student_9657,Male,IT,18,93,6.9,82,49,61,5
Student_9658,Male,ECE,19,97,7.0,53,76,73,2
Student_9659,Male,ECE,20,71,7.6,80,72,73,3
Student_9660,Female,IT,21,89,3.0,88,83,83,0
Student_9661,Female,CSE,21,90,5.8,41,83,63,4
Student_9662,Female,ECE,18,93,1.5,69,89,71,2
Student_9663,Female,IT,22,79,6.1,88,56,70,2
Student_9664,Male,ME,22,69,4.9,56,77,62,3
Student_9665,Female,ECE,18,77,2.7,98,84,83,0
Student_9666,Male,IT,19,56,5.6,59,53,52,3
Student_9667,Female,CE,18,53,1.9,95,52,51,4
Student_9668,Male,ECE,19,77,3.3,49,44,51,1
Student_9669,Male,CE,20,84,3.8,63,84,64,4
Student_9670,Female,ECE,20,82,6.4,83,83,87,0
Student_9671,Female,ECE,18,56,3.2,51,75,59,1
Student_9672,Male,CE,20,58,1.3,66,49,38,5
Student_9673,Female,CSE,22,83,2.3,54,57,45,5
Student_9674,Female,IT,19,88,5.3,48,61,61,2
Student_9675,Male,CSE,21,91,1.1,57,40,44,3
Student_9676,Male,CSE,21,83,6.5,87,58,63,5
Student_9677,Male,IT,20,62,7.3,100,43,62,4
Student_9678,Male,ME,19,78,4.5,46,96,67,3
Student_9679,Female,CSE,22,84,6.0,67,76,67,4
Student_9680,Male,CSE,21,94,4.2,85,94,81,3
Student_9681,Male,CSE,22,59,3.2,75,82,58,5
Student_9682,Male,ME,22,79,2.2,42,90,65,1
Student_9683,Female,ECE,21,93,4.6,83,39,59,3
Student_9684,Male,CE,21,75,7.5,55,88,81,0
Student_9685,Female,CE,20,84,7.2,75,72,82,0
Student_9686,Male,ME,19,77,7.4,43,53,49,5
Student_9687,Male,CSE,18,78,7.8,74,58,67,3
Student_9688,Female,CE,19,55,2.2,48,44,32,5
Student_9689,Male,ME,18,52,2.0,95,55,58,2
Student_9690,Male,IT,21,78,4.0,85,49,68,0
Student_9691,Female,CE,22,51,5.8,51,98,64,4
Student_9692,Male,IT,19,71,4.1,49,47,40,5
Student_9693,Male,CSE,22,95,7.2,85,74,79,3
Student_9694,Male,CE,19,96,6.0,83,42,63,3
Student_9695,Male,ME,23,99,5.4,83,72,84,0
Student_9696,Female,ECE,19,76,1.5,41,86,58,2
Student_9697,Male,CE,22,100,2.2,58,36,44,4
Student_9698,Female,CE,23,71,4.0,52,56,60,0
Student_9699,Male,CE,20,59,7.8,81,38,66,0
Student_9700,Female,CE,21,98,3.3,94,86,73,5
Student_9701,Male,ME,20,98,5.4,92,41,71,1
Student_9702,Female,ME,20,68,7.9,72,35,50,5
Student_9703,Male,ECE,19,73,2.8,40,92,69,0
Student_9704,Female,ME,21,76,2.2,67,96,66,4
Student_9705,Female,ME,23,85,4.8,79,100,87,1
Student_9706,Male,CSE,19,92,4.9,45,89,71,2
Student_9707,Female,CSE,18,66,7.5,91,47,68,2
Student_9708,Male,IT,19,59,1.2,42,62,51,0
Student_9709,Male,ECE,23,66,3.9,84,48,53,4
Student_9710,Male,CSE,22,93,3.2,64,37,53,2
Student_9711,Male,ECE,19,59,5.0,96,50,58,4
Student_9712,Male,ECE,18,59,1.1,83,80,55,5
Student_9713,Female,CE,19,87,6.0,91,37,56,5
Student_9714,Male,ECE,23,66,4.4,55,37,41,4
Student_9715,Male,CE,18,75,5.9,82,75,78,1
Student_9716,Male,IT,21,75,4.1,95,63,76,0
Student_9717,Male,IT,23,100,4.3,43,74,59,4
Student_9718,Male,IT,19,83,7.3,47,53,54,4
Student_9719,Male,CE,18,53,2.5,78,54,45,5
Student_9720,Female,CE,23,99,2.5,55,55,51,4
Student_9721,Female,IT,21,76,4.9,83,54,71,0
Student_9722,Male,CE,22,70,5.6,77,81,77,1
Student_9723,Female,ME,20,85,3.5,62,78,58,5
Student_9724,Male,ME,18,87,4.6,45,36,42,4
Student_9725,Male,CE,22,95,2.6,82,77,70,3
Student_9726,Male,CE,21,80,2.0,83,91,66,5
Student_9727,Male,CSE,22,56,2.7,55,53,51,1
Student_9728,Male,CSE,19,93,7.4,93,98,100,0
Student_9729,Female,ECE,20,83,6.6,55,80,72,2
Student_9730,Female,ECE,18,67,2.0,62,75,54,4
Student_9731,Female,ECE,23,73,1.3,55,48,43,3
Student_9732,Female,IT,21,62,1.7,75,54,53,2
Student_9733,Male,ME,20,62,3.1,51,69,46,5
Student_9734,Female,IT,21,74,6.7,76,59,68,2
Student_9735,Male,CE,22,54,3.2,48,38,34,4
Student_9736,Female,CSE,21,88,2.3,57,91,63,4
Student_9737,Female,CE,21,78,3.8,48,36,46,2
Student_9738,Female,CE,22,93,1.9,87,100,79,3
Student_9739,Female,CSE,22,95,4.3,60,55,64,1
Student_9740,Male,CE,20,82,5.7,97,86,79,4
Student_9741,Female,ECE,18,73,3.6,40,49,41,4
Student_9742,Female,CSE,22,59,2.2,98,80,77,0
Student_9743,Male,CE,20,74,4.2,62,65,55,4
Student_9744,Male,ECE,21,90,6.3,44,96,82,0
Student_9745,Female,ECE,21,59,1.5,58,68,53,2
Student_9746,Male,ME,23,88,1.5,74,70,61,3
Student_9747,Male,ECE,19,65,3.2,72,78,72,0
Student_9748,Male,IT,22,77,3.9,94,97,90,0
Student_9749,Female,CSE,20,61,2.5,85,52,60,1
Student_9750,Male,CSE,23,93,1.2,57,79,63,2
Student_9751,Female,CSE,20,81,2.5,79,73,74,0
Student_9752,Female,CE,18,100,4.0,53,60,67,0
Student_9753,Female,CE,23,78,1.6,59,58,53,2
Student_9754,Female,IT,20,94,6.0,91,92,82,4
Student_9755,Male,ECE,22,99,4.9,52,84,69,3
Student_9756,Female,CE,20,76,4.0,98,73,66,5
Student_9757,Male,ECE,19,75,4.6,92,65,62,5
Student_9758,Female,ECE,21,52,5.6,55,70,60,2
Student_9759,Male,CE,21,75,8.0,80,73,69,5
Student_9760,Female,CE,23,88,6.4,70,55,70,1
Student_9761,Male,IT,20,50,4.8,78,57,50,5
Student_9762,Female,ME,20,84,6.4,74,88,84,1
Student_9763,Female,CSE,20,76,4.3,59,70,60,3
Student_9764,Male,CE,20,95,3.2,96,49,70,1
Student_9765,Female,CE,19,53,2.8,40,36,36,2
Student_9766,Female,ECE,22,68,3.8,95,72,66,4
Student_9767,Female,ME,19,71,1.0,79,99,64,5
Student_9768,Male,CE,19,55,2.2,85,84,71,1
Student_9769,Female,ME,19,58,1.9,52,35,39,2
Student_9770,Female,CSE,21,60,7.7,46,55,60,1
Student_9771,Male,ECE,19,71,1.5,84,91,78,0
Student_9772,Male,IT,20,96,4.5,61,53,67,0
Student_9773,Male,CSE,19,58,7.4,46,63,53,4
Student_9774,Male,ME,20,78,5.3,97,84,73,5
Student_9775,Male,ME,23,92,4.5,59,68,72,0
Student_9776,Female,CSE,22,59,6.2,91,88,86,0
Student_9777,Female,ME,21,83,3.5,76,66,69,1
Student_9778,Female,IT,22,80,2.4,75,38,55,1
Student_9779,Male,IT,23,71,6.9,43,64,57,3
Student_9780,Female,ME,22,95,1.4,96,52,59,4
Student_9781,Male,ME,21,53,6.7,45,63,62,0
Student_9782,Male,IT,20,51,1.7,85,46,48,3
Student_9783,Female,ME,23,54,5.4,42,49,50,1
Student_9784,Male,CE,23,95,4.3,42,87,60,5
Student_9785,Male,ECE,20,64,8.0,97,69,76,3
Student_9786,Female,CE,20,68,3.7,95,86,83,0
Student_9787,Male,ME,21,87,7.7,42,87,71,3
Student_9788,Male,ME,19,64,3.8,75,48,56,2
Student_9789,Female,ECE,18,95,5.8,93,52,67,4
Student_9790,Male,ME,19,57,5.5,48,72,65,0
Student_9791,Male,ECE,19,69,1.6,93,72,67,2
Student_9792,Female,IT,22,61,6.2,55,89,61,5
Student_9793,Female,ECE,18,53,2.5,90,45,51,3
Student_9794,Female,ECE,20,87,3.7,55,87,61,5
Student_9795,Female,CE,19,92,6.5,51,78,77,0
Student_9796,Male,ME,21,88,7.6,77,59,70,3
Student_9797,Male,IT,19,85,4.9,59,96,70,4
Student_9798,Female,CSE,20,64,4.6,92,48,53,5
Student_9799,Male,ECE,19,50,4.5,70,81,57,5
Student_9800,Male,CSE,23,80,6.7,69,89,73,4
Student_9801,Female,ME,22,58,8.0,60,46,61,1
Student_9802,Female,ECE,22,72,5.4,42,41,48,2
Student_9803,Male,CSE,19,75,3.7,60,83,61,4
Student_9804,Female,CE,22,89,2.5,67,48,56,2
Student_9805,Female,CSE,21,93,2.4,67,63,59,3
Student_9806,Female,CE,18,88,7.0,44,81,71,2
Student_9807,Male,IT,19,67,7.9,46,48,47,5
Student_9808,Female,ME,21,82,5.9,96,85,91,0
Student_9809,Male,CSE,23,90,7.7,44,48,62,1
Student_9810,Male,ECE,21,88,3.4,48,42,49,2
Student_9811,Male,ME,21,63,5.4,86,99,82,2
Student_9812,Female,CSE,23,50,4.6,60,71,53,4
Student_9813,Female,ECE,20,62,4.4,59,50,58,0
Student_9814,Female,ECE,19,64,5.4,77,54,56,4
Student_9815,Female,ECE,19,86,3.2,79,66,67,2
Student_9816,Female,ECE,19,54,5.5,91,64,65,3
Student_9817,Male,CSE,18,63,5.7,76,54,56,4
Student_9818,Male,IT,21,63,6.9,97,92,80,4
Student_9819,Male,CE,19,95,6.1,56,63,73,0
Student_9820,Female,CE,22,54,3.2,81,58,49,5
Student_9821,Male,CE,20,60,4.2,67,35,42,4
Student_9822,Male,IT,23,81,1.8,70,61,53,4
Student_9823,Female,ECE,23,100,2.8,72,55,66,1
Student_9824,Female,ECE,18,54,4.6,71,51,55,2
Student_9825,Male,ME,23,85,1.7,71,66,68,0
Student_9826,Male,CE,20,64,5.0,87,78,68,4
Student_9827,Female,CE,21,56,3.7,95,56,54,5
Student_9828,Female,ECE,23,54,1.2,62,76,47,5
Student_9829,Female,CE,23,79,4.0,60,96,74,2
Student_9830,Female,ECE,22,64,3.0,64,82,70,0
Student_9831,Male,ECE,21,79,1.5,72,42,42,5
Student_9832,Male,ECE,19,63,3.1,42,36,33,4
Student_9833,Female,CSE,20,73,3.1,45,39,40,3
Student_9834,Male,CSE,23,73,3.5,88,62,57,5
Student_9835,Male,CSE,22,84,3.6,67,38,56,1
Student_9836,Female,CSE,20,54,4.0,93,87,81,0
Student_9837,Male,IT,18,61,1.6,41,35,32,3
Student_9838,Male,ME,22,69,1.0,71,40,53,0
Student_9839,Male,ME,18,95,6.2,65,89,86,0
Student_9840,Female,ECE,23,54,3.4,44,86,62,1
Student_9841,Female,CE,22,85,5.3,50,58,56,3
Student_9842,Male,CSE,19,70,3.1,49,96,61,4
Student_9843,Female,ME,20,97,7.9,54,90,81,2
Student_9844,Female,ME,20,88,3.2,57,58,55,3
Student_9845,Female,CSE,21,52,5.2,88,54,53,5
Student_9846,Male,IT,22,78,2.5,53,68,63,0
Student_9847,Male,IT,22,74,4.6,67,49,48,5
Student_9848,Female,ME,18,76,5.1,69,85,71,3
Student_9849,Male,IT,22,85,2.3,99,38,60,2
Student_9850,Male,CSE,20,71,1.9,52,87,53,5
Student_9851,Male,ME,22,87,7.8,59,48,60,3
Student_9852,Male,CSE,21,84,7.3,41,99,77,2
Student_9853,Male,IT,21,50,5.6,64,67,64,1
Student_9854,Female,CSE,20,52,7.0,83,84,82,0
Student_9855,Male,IT,20,73,1.7,98,97,74,4
Student_9856,Male,IT,20,57,6.1,82,84,72,3
Student_9857,Male,CSE,22,97,3.0,90,70,77,1
Student_9858,Female,IT,22,88,4.8,51,84,61,5
Student_9859,Female,ECE,19,67,6.4,64,75,66,3
Student_9860,Female,CSE,23,90,1.2,43,61,54,1
Student_9861,Male,ECE,23,52,5.9,81,64,66,2
Student_9862,Female,CSE,18,67,4.0,51,66,60,1
Student_9863,Female,IT,22,65,4.1,46,56,42,5
Student_9864,Female,IT,19,81,7.4,94,55,66,5
Student_9865,Female,ME,19,50,7.0,77,90,77,2
Student_9866,Male,ME,21,75,1.4,79,65,64,1
Student_9867,Female,ECE,22,97,5.3,98,93,87,3
Student_9868,Female,IT,19,61,4.1,71,77,60,4
Student_9869,Male,ME,21,87,1.8,82,88,80,0
Student_9870,Male,IT,18,70,7.0,45,52,47,5
Student_9871,Female,CSE,21,90,1.5,96,89,73,4
Student_9872,Male,ME,18,62,1.2,92,63,64,1
Student_9873,Female,ECE,23,61,2.4,66,95,68,2
Student_9874,Male,ME,23,62,3.1,74,85,59,5
Student_9875,Male,IT,20,67,1.4,60,46,37,5
Student_9876,Female,CE,20,68,5.5,59,95,71,3
Student_9877,Male,CE,21,68,4.1,58,50,59,0
Student_9878,Female,IT,20,100,3.9,72,46,67,0
Student_9879,Male,CSE,22,55,2.0,95,96,72,3
Student_9880,Female,ME,21,97,4.1,43,94,75,1
Student_9881,Male,CE,19,56,3.7,99,62,73,0
Student_9882,Male,CSE,22,56,3.7,58,98,66,3
Student_9883,Male,IT,21,77,2.5,99,84,80,1
Student_9884,Male,CSE,23,77,1.7,91,60,61,3
Student_9885,Male,IT,18,68,2.8,88,74,75,0
Student_9886,Female,ME,20,65,5.7,67,89,68,4
Student_9887,Male,CSE,20,66,1.5,61,65,60,0
Student_9888,Female,ME,20,71,3.7,90,39,64,0
Student_9889,Female,CSE,21,68,4.6,63,47,48,4
Student_9890,Female,IT,22,97,7.7,98,52,82,1
Student_9891,Male,IT,18,78,6.9,85,84,73,5
Student_9892,Female,CSE,20,97,7.4,69,70,67,5
Student_9893,Male,IT,22,68,6.7,68,86,72,3
Student_9894,Female,ECE,19,96,5.1,49,67,67,1
Student_9895,Female,ECE,23,84,7.0,92,98,94,1
Student_9896,Female,ME,19,96,5.0,71,64,67,3
Student_9897,Female,ECE,18,74,3.5,48,56,55,1
Student_9898,Female,ECE,20,97,3.6,64,93,68,5
Student_9899,Male,CE,19,69,5.0,55,42,51,2
Student_9900,Female,CE,23,86,6.7,54,100,71,5
Student_9901,Female,CE,22,68,1.9,98,71,75,0
Student_9902,Male,CE,22,91,1.3,87,90,76,2
Student_9903,Male,IT,19,62,6.5,57,95,71,3
Student_9904,Male,ME,20,96,5.5,92,99,82,5
Student_9905,Female,ME,23,61,6.7,62,76,62,4
Student_9906,Female,ECE,18,98,7.8,94,83,84,4
Student_9907,Female,ME,20,64,2.8,81,43,50,3
Student_9908,Female,ECE,21,53,2.4,42,42,29,5
Student_9909,Female,ME,19,64,3.4,46,92,55,5
Student_9910,Female,CSE,21,66,7.1,78,88,77,3
Student_9911,Male,CSE,19,76,1.1,91,82,74,1
Student_9912,Male,ME,18,60,1.1,50,88,64,0
Student_9913,Female,IT,20,72,2.5,94,62,66,2
Student_9914,Female,ECE,23,64,3.6,63,100,69,3
Student_9915,Female,ME,20,80,3.1,74,65,58,4
Student_9916,Female,ECE,19,75,6.8,89,47,74,0
Student_9917,Female,CE,22,56,5.8,64,93,79,0
Student_9918,Male,ME,21,62,6.9,67,65,69,1
Student_9919,Male,IT,23,62,3.7,51,67,49,4
Student_9920,Female,CE,23,69,5.2,62,87,77,0
Student_9921,Male,ME,20,83,4.6,56,70,58,4
Student_9922,Female,CSE,20,59,4.3,97,68,70,2
Student_9923,Female,ME,19,99,3.0,97,95,80,4
Student_9924,Female,CSE,22,86,6.0,80,94,90,0
Student_9925,Male,CSE,21,100,4.7,76,37,52,5
Student_9926,Male,ME,22,76,1.6,57,40,39,4
Student_9927,Female,ME,23,83,1.0,94,54,56,4
Student_9928,Male,CSE,22,85,1.1,48,38,33,5
Student_9929,Male,ECE,19,65,1.5,84,87,64,4
Student_9930,Female,CE,22,70,3.6,74,96,81,0
Student_9931,Male,IT,21,65,3.1,75,72,64,2
Student_9932,Male,ME,23,66,2.1,96,70,62,4
Student_9933,Female,CE,18,64,4.6,57,68,60,2
Student_9934,Female,CE,23,62,7.8,59,40,61,0
Student_9935,Male,ECE,18,82,2.1,60,100,69,3
Student_9936,Female,CE,21,54,2.8,86,52,51,4
Student_9937,Male,ME,23,76,4.2,59,61,59,2
Student_9938,Female,CE,23,50,5.5,94,73,66,4
Student_9939,Female,ME,23,93,5.2,45,85,73,1
Student_9940,Female,ME,23,79,4.6,48,53,57,1
Student_9941,Female,CSE,19,72,6.2,82,68,78,0
Student_9942,Male,ECE,20,64,6.9,68,58,55,5
Student_9943,Female,IT,23,85,8.0,68,59,71,2
Student_9944,Female,CSE,19,68,4.3,52,64,57,2
Student_9945,Female,IT,21,79,8.0,75,88,74,5
Student_9946,Male,ME,23,65,6.1,66,59,53,5
Student_9947,Male,CSE,22,67,5.6,86,39,54,4
Student_9948,Female,CE,23,75,5.5,96,36,66,1
Student_9949,Female,CE,23,66,7.4,88,97,81,4
Student_9950,Female,IT,18,60,7.6,83,88,75,4
Student_9951,Female,ME,22,94,2.2,45,72,50,5
Student_9952,Female,IT,23,78,4.5,78,51,68,0
Student_9953,Female,ECE,23,58,7.6,96,65,72,3
Student_9954,Male,CE,23,98,3.7,71,35,62,0
Student_9955,Female,CSE,19,66,2.6,88,40,60,0
Student_9956,Female,CSE,21,76,1.7,82,70,71,0
Student_9957,Female,CSE,18,86,5.2,83,42,57,4
Student_9958,Female,CE,23,71,5.9,67,44,51,4
Student_9959,Female,ME,21,57,2.4,84,58,52,4
Student_9960,Female,CE,18,52,5.7,40,97,60,4
Student_9961,Male,CE,18,87,7.3,89,74,73,5
Student_9962,Male,CSE,18,84,2.7,93,36,61,1
Student_9963,Male,CE,23,81,1.9,90,54,62,2
Student_9964,Male,CSE,19,57,6.8,82,67,73,1
Student_9965,Male,ME,23,93,7.4,70,48,67,2
Student_9966,Male,ECE,23,76,2.5,69,88,64,4
Student_9967,Female,CSE,21,81,6.0,93,89,88,1
Student_9968,Female,IT,20,85,5.1,57,71,66,2
Student_9969,Female,ECE,20,83,2.7,68,40,49,3
Student_9970,Female,ME,20,74,6.8,81,67,79,0
Student_9971,Female,ECE,21,80,4.3,77,84,75,2
Student_9972,Female,CSE,22,91,5.9,62,85,67,5
Student_9973,Male,ME,21,96,3.1,61,100,80,1
Student_9974,Female,IT,18,62,6.7,41,95,73,1
Student_9975,Male,CSE,23,64,2.9,44,62,47,3
Student_9976,Male,CSE,22,100,3.6,81,78,76,2
Student_9977,Female,ME,18,99,3.7,54,46,61,0
Student_9978,Female,ME,23,62,2.4,100,91,80,1
Student_9979,Female,ECE,23,82,7.1,71,60,63,4
Student_9980,Female,IT,18,80,1.8,85,59,53,5
Student_9981,Female,ECE,21,74,4.9,45,49,45,4
Student_9982,Female,ECE,20,97,6.7,53,87,77,2
Student_9983,Female,CSE,22,89,5.1,63,99,71,5
Student_9984,Male,ME,23,72,3.3,96,88,76,3
Student_9985,Female,CSE,19,87,6.5,60,73,77,0
Student_9986,Female,IT,23,52,4.5,53,85,63,2
Student_9987,Male,ECE,20,65,2.1,51,54,48,2
Student_9988,Female,IT,23,51,3.2,94,98,69,5
Student_9989,Female,ME,19,72,5.1,43,45,55,0
Student_9990,Male,ME,21,83,5.6,97,86,88,1
Student_9991,Female,CE,23,79,4.8,83,88,73,4
Student_9992,Female,IT,22,96,2.9,60,41,56,1
Student_9993,Female,CSE,21,59,5.2,56,46,48,3
Student_9994,Female,IT,19,50,3.3,68,36,51,0
Student_9995,Female,ECE,18,71,2.6,90,55,65,1
Student_9996,Female,ME,23,96,7.6,55,70,72,2
Student_9997,Male,ME,21,82,3.2,57,55,55,2
Student_9998,Female,IT,23,74,3.3,77,87,70,3
Student_9999,Female,IT,22,71,7.3,80,53,65,3
Student_10000,Male,IT,23,65,2.0,97,37,60,0